MEMORY
  total             1.3 GB
  struct          159.0 KB
  buffer            1.5 MB
  arena             1.3 GB, used 0.0%

SIZES
  narena                1409286144
  nbuffer               1531328
  nplugin               0
  maxuse_stack          87632
  maxuse_arena          392212
  maxuse_con            208
  maxuse_efc            671
  ncon                  208
  ne                    10
  nf                    35
  nl                    2
  nefc                  671
  nJ                    3801
  nA                    0
  nisland               0
  threadpool            0

TIMER
    0:  duration =  3.3        number = 9
    1:  duration =  2.2        number = 9
    2:  duration =  0          number = 0
    3:  duration =  1.4        number = 9
    4:  duration =  0.2        number = 9
    5:  duration =  0.0053     number = 9
    6:  duration =  0.6        number = 9
    7:  duration =  1.1        number = 9
    8:  duration =  0.063      number = 9
    9:  duration =  0.036      number = 18
    10:  duration =  0.87       number = 9
    11:  duration =  0.38       number = 9
    12:  duration =  0.00038    number = 9
    13:  duration =  0.12       number = 9
    14:  duration =  0.52       number = 9

SOLVER STAT
  solver_fwdinv =   0         0       
  ISLAND 0
    solver_niter = 1
    solver_nnz = 3004
      0:  improvement =  0           gradient =  6.4e-17     lineslope =  3.9e-29 
          nactive = 671   nchange = 0   neval = 2   nupdate = 0

ENERGY =   0         0       

TIME =  50      

QPOS
   1.1e-10 
  -4.2e-11 
   6.8e-15 
  -0.00051 
  -0.00069 
   3.7e-05 
  -4.4e-10 
  -5.3e-09 
   0.00047 
  -4.8e-05 
   2.7e-06 
  -0.0001  
   0.0077  
  -2.8e-05 
  -0.00098 
  -1.2e-07 
  -6.7e-06 
   6.5e-06 
   6.4e-06 
  -6.5e-06 
  -6.5e-06 
   6.5e-06 
   2e-05   
  -2.4e-06 
   4.6e-05 
  -0.0077  
  -2.8e-05 
   0.00098 
   5.2e-07 
  -6.8e-06 
   6.5e-06 
   6.4e-06 
  -6.5e-06 
  -6.5e-06 
   6.5e-06 
   9.5e-19 
   4       
   0.3     
   1       
   4.6e-17 
   7.9e-20 
  -1.1e-30 
   9.5e-19 
   6       
   0.3     
   1       
   4.6e-17 
   7.9e-20 
  -1.1e-30 
   2.2e-18 
   9       
   0.3     
   1       
   4.6e-17 
  -3.7e-20 
  -4.6e-30 
   1       
   7       
   0.3     
   1       
   4.6e-17 
   2.8e-19 
   2e-30   
   2       
   4       
   0.3     
   1       
   4.6e-17 
  -9.1e-20 
   3e-31   
   3       
   2.7e-15 
   0.3     
   1       
   4.6e-17 
  -2.9e-20 
   4.6e-30 
   3       
   8       
   0.3     
   1       
   4.6e-17 
   1.4e-19 
  -6.9e-30 
   3       
   9       
   0.3     
   1       
   4.6e-17 
   1.6e-19 
  -1.5e-30 
   4       
   2.7e-15 
   0.3     
   1       
   4.6e-17 
  -2.9e-20 
   4.6e-30 
   4       
   2       
   0.3     
   1       
   4.6e-17 
   1e-19   
   4.8e-30 
   4       
   4       
   0.3     
   1       
   4.6e-17 
   1.8e-19 
  -2.6e-30 
   4       
   7       
   0.3     
   1       
   4.6e-17 
   1.8e-19 
  -2.6e-30 
   5       
   4       
   0.3     
   1       
   4.6e-17 
   1.8e-19 
  -2.6e-30 
   5       
   5       
   0.3     
   1       
   4.6e-17 
   1.8e-19 
  -2.6e-30 
   6       
   2.7e-15 
   0.3     
   1       
   4.6e-17 
  -2.9e-20 
   4.6e-30 
   6       
   3       
   0.3     
   1       
   4.6e-17 
   1.8e-19 
  -2.6e-30 
   6       
   4       
   0.3     
   1       
   4.6e-17 
   1.8e-19 
  -2.6e-30 
   7       
   6       
   0.3     
   1       
   4.6e-17 
   1.8e-19 
  -2.6e-30 
   7       
   7       
   0.3     
   1       
   4.6e-17 
   1.8e-19 
  -2.6e-30 
   7       
   9       
   0.3     
   1       
   4.6e-17 
   1.6e-19 
  -1.5e-30 
   8       
   4       
   0.3     
   1       
   4.6e-17 
   8.8e-20 
   1.2e-30 
   8       
   7       
   0.3     
   1       
   4.6e-17 
   8.8e-20 
   1.2e-30 
   8       
   8       
   0.3     
   1       
   4.6e-17 
  -1.2e-19 
  -2.6e-30 
   9       
   2.3e-15 
   0.3     
   1       
   4.6e-17 
  -3.5e-19 
   2.6e-31 
   9       
   1       
   0.3     
   1       
   4.6e-17 
   2e-19   
  -5.4e-30 
   9       
   2       
   0.3     
   1       
   4.5e-17 
  -2.4e-19 
   5.8e-30 

QVEL
  -1.2e-12 
   2.9e-13 
  -1.6e-15 
  -8.7e-18 
  -2.8e-17 
  -1.1e-18 
   9.5e-20 
  -1.2e-19 
  -2.2e-17 
  -3.9e-18 
   3.1e-19 
  -6e-18   
   3.9e-16 
  -1.5e-18 
  -2.9e-17 
   6.6e-20 
   3.8e-20 
   3.2e-19 
   2.5e-19 
  -2.8e-19 
  -2.4e-19 
   2.7e-19 
   1.5e-18 
  -3.5e-19 
   1.7e-18 
  -4e-16   
  -2.1e-18 
   3.7e-17 
   3.3e-19 
  -1.6e-18 
   1.5e-18 
   1.6e-18 
  -1.3e-18 
  -1.3e-18 
   1.6e-18 
  -5.4e-19 
  -2.9e-19 
   1.4e-14 
   9.3e-21 
   6.6e-18 
  -1.1e-30 
  -5.4e-19 
  -2.9e-19 
   1.4e-14 
   9.3e-21 
   6.6e-18 
  -1.1e-30 
  -5.3e-20 
  -1.9e-19 
   1.4e-14 
   7.7e-18 
  -6e-24   
  -2e-30   
   2.8e-16 
   3.4e-16 
   1.4e-14 
  -1.1e-15 
   9.3e-16 
   1.2e-29 
  -1.5e-19 
  -1.2e-19 
   1.4e-14 
  -1.1e-17 
  -6.6e-18 
  -2.2e-30 
  -5.1e-19 
   9.2e-21 
   1.4e-14 
  -9.9e-18 
  -8.8e-18 
  -2.1e-31 
   2.6e-19 
  -6.1e-19 
   1.4e-14 
   4.4e-18 
   1.5e-17 
   8.8e-32 
   9.8e-20 
   1.1e-18 
   1.4e-14 
   7.7e-18 
  -2.2e-18 
   6e-31   
  -5.1e-19 
   9.2e-21 
   1.4e-14 
  -9.9e-18 
  -8.8e-18 
  -2.1e-31 
  -6.3e-21 
   1.3e-19 
   1.4e-14 
  -1.1e-17 
  -8.8e-18 
  -9.6e-31 
   2.7e-19 
   1.7e-19 
   1.4e-14 
  -2.2e-18 
   4.4e-18 
   5.4e-31 
   2.7e-19 
   1.7e-19 
   1.4e-14 
  -2.2e-18 
   4.4e-18 
   5.4e-31 
   2.7e-19 
   1.7e-19 
   1.4e-14 
  -2.2e-18 
   4.4e-18 
   5.4e-31 
   2.7e-19 
   1.7e-19 
   1.4e-14 
  -2.2e-18 
   4.4e-18 
   5.4e-31 
  -5.1e-19 
   9.2e-21 
   1.4e-14 
  -9.9e-18 
  -8.8e-18 
  -2.1e-31 
   2.7e-19 
   1.7e-19 
   1.4e-14 
  -2.2e-18 
   4.4e-18 
   5.4e-31 
   2.7e-19 
   1.7e-19 
   1.4e-14 
  -2.2e-18 
   4.4e-18 
   5.4e-31 
   2.7e-19 
   1.7e-19 
   1.4e-14 
  -2.2e-18 
   4.4e-18 
   5.4e-31 
   2.7e-19 
   1.7e-19 
   1.4e-14 
  -2.2e-18 
   4.4e-18 
   5.4e-31 
   9.8e-20 
   1.1e-18 
   1.4e-14 
   7.7e-18 
  -2.2e-18 
   6e-31   
  -6.1e-19 
   5.4e-19 
   1.4e-14 
   8.8e-18 
   4.4e-18 
  -3.2e-30 
  -6.1e-19 
   5.4e-19 
   1.4e-14 
   8.8e-18 
   4.4e-18 
  -3.2e-30 
  -2.5e-19 
  -7.4e-19 
   1.4e-14 
  -3.3e-18 
  -1.3e-17 
  -2.7e-31 
  -9.9e-17 
   1.9e-16 
   1.4e-14 
  -6.4e-16 
  -3.4e-16 
  -6.5e-29 
   2.1e-16 
   3.5e-16 
   1.4e-14 
  -1.2e-15 
   6.8e-16 
   1.7e-29 
   1.6e-16 
   4e-16   
   1.4e-14 
  -1.3e-15 
   5.5e-16 
  -1e-28   

QACC_WARMSTART
   1.2e-14 
  -2e-15   
   3.7e-16 
  -1.5e-16 
   6.3e-16 
   4.7e-16 
  -2.8e-17 
   2e-17   
   1.6e-15 
  -7.4e-15 
   2e-16   
   1.2e-14 
  -1.4e-15 
  -1.7e-15 
  -2.2e-15 
  -1.5e-17 
  -2.1e-17 
   9.3e-19 
  -5.8e-18 
  -1e-17   
  -9.9e-18 
  -9.7e-19 
   7.7e-15 
  -1.1e-16 
  -1.4e-14 
   8.8e-16 
   5.3e-15 
  -2.3e-14 
  -3.6e-17 
   3.7e-17 
  -6.5e-18 
  -1.7e-17 
   2e-17   
   2.2e-17 
  -9e-18   
   1.2e-16 
   6.4e-17 
   2.7e-16 
  -8.4e-16 
   3.9e-16 
   2.6e-28 
   1.2e-16 
   6.4e-17 
   2.7e-16 
  -8.4e-16 
   3.9e-16 
   2.6e-28 
   1.3e-17 
   4.3e-17 
   9.6e-16 
  -2.4e-15 
  -3.7e-18 
   1.1e-28 
   2.4e-13 
   2.3e-13 
   6.3e-16 
  -7.6e-13 
   8.1e-13 
  -7.8e-27 
   6.6e-17 
   2.5e-17 
   6.7e-16 
   1.3e-15 
   5.1e-16 
   2.8e-28 
   1.2e-16 
  -1.4e-17 
   1.2e-15 
   1.1e-15 
   1.7e-15 
   1e-28   
  -6.8e-17 
   1.9e-17 
   9.2e-16 
  -9.4e-16 
  -2.2e-15 
  -1.6e-28 
  -2.2e-17 
  -2.8e-16 
   8.3e-16 
  -1.5e-15 
   4.3e-16 
  -1.3e-28 
   1.2e-16 
  -1.4e-17 
   1.2e-15 
   1.1e-15 
   1.7e-15 
   1e-28   
   6e-18   
  -2.9e-18 
   1e-15   
   7.8e-16 
   1.7e-15 
   1.2e-28 
  -5.5e-17 
  -4.1e-17 
   5.7e-16 
   4.3e-16 
  -1.7e-15 
  -7e-29   
  -5.5e-17 
  -4.1e-17 
   5.7e-16 
   4.3e-16 
  -1.7e-15 
  -7e-29   
  -5.5e-17 
  -4.1e-17 
   5.7e-16 
   4.3e-16 
  -1.7e-15 
  -7e-29   
  -5.5e-17 
  -4.1e-17 
   5.7e-16 
   4.3e-16 
  -1.7e-15 
  -7e-29   
   1.2e-16 
  -1.4e-17 
   1.2e-15 
   1.1e-15 
   1.7e-15 
   1e-28   
  -5.5e-17 
  -4.1e-17 
   5.7e-16 
   4.3e-16 
  -1.7e-15 
  -7e-29   
  -5.5e-17 
  -4.1e-17 
   5.7e-16 
   4.3e-16 
  -1.7e-15 
  -7e-29   
  -5.5e-17 
  -4.1e-17 
   5.7e-16 
   4.3e-16 
  -1.7e-15 
  -7e-29   
  -5.5e-17 
  -4.1e-17 
   5.7e-16 
   4.3e-16 
  -1.7e-15 
  -7e-29   
  -2.2e-17 
  -2.8e-16 
   8.3e-16 
  -1.5e-15 
   4.3e-16 
  -1.3e-28 
   2.7e-17 
  -1.3e-16 
   7.2e-16 
  -2.1e-15 
  -2e-15   
   4.5e-29 
   2.7e-17 
  -1.3e-16 
   7.2e-16 
  -2.1e-15 
  -2e-15   
   4.5e-29 
  -6.1e-17 
   5e-17   
   3e-16   
  -7.2e-16 
   3.1e-15 
   5.3e-29 
   2.4e-14 
  -4.6e-14 
   2.9e-17 
   1.5e-13 
   8.1e-14 
   1.5e-26 
   2.6e-13 
   2.2e-13 
  -1.5e-16 
  -7.5e-13 
   8.7e-13 
   4.5e-27 
   2.7e-13 
   2.1e-13 
  -6.8e-16 
  -7.1e-13 
   9e-13   
   2.6e-27 

CTRL
   0       
   0       
   0       
   0       
   0       
   0       
   0       
   0       
   0       
   0       
   0       
   0       
   0       
   0       
   0       
   0       
   0       
   0       
   0       
   0       
   0       
   0       
   0       
   0       
   0       

QFRC_APPLIED
   0       
   0       
   0       
   0       
   0       
   0       
   0       
   0       
   0       
   0       
   0       
   0       
   0       
   0       
   0       
   0       
   0       
   0       
   0       
   0       
   0       
   0       
   0       
   0       
   0       
   0       
   0       
   0       
   0       
   0       
   0       
   0       
   0       
   0       
   0       
   0       
   0       
   0       
   0       
   0       
   0       
   0       
   0       
   0       
   0       
   0       
   0       
   0       
   0       
   0       
   0       
   0       
   0       
   0       
   0       
   0       
   0       
   0       
   0       
   0       
   0       
   0       
   0       
   0       
   0       
   0       
   0       
   0       
   0       
   0       
   0       
   0       
   0       
   0       
   0       
   0       
   0       
   0       
   0       
   0       
   0       
   0       
   0       
   0       
   0       
   0       
   0       
   0       
   0       
   0       
   0       
   0       
   0       
   0       
   0       
   0       
   0       
   0       
   0       
   0       
   0       
   0       
   0       
   0       
   0       
   0       
   0       
   0       
   0       
   0       
   0       
   0       
   0       
   0       
   0       
   0       
   0       
   0       
   0       
   0       
   0       
   0       
   0       
   0       
   0       
   0       
   0       
   0       
   0       
   0       
   0       
   0       
   0       
   0       
   0       
   0       
   0       
   0       
   0       
   0       
   0       
   0       
   0       
   0       
   0       
   0       
   0       
   0       
   0       
   0       
   0       
   0       
   0       
   0       
   0       
   0       
   0       
   0       
   0       
   0       
   0       
   0       
   0       
   0       
   0       
   0       
   0       
   0       
   0       
   0       
   0       
   0       
   0       
   0       
   0       
   0       
   0       
   0       
   0       
   0       
   0       
   0       
   0       
   0       
   0       
   0       
   0       
   0       
   0       
   0       
   0       

XFRC_APPLIED
   0         0         0         0         0         0       
   0         0         0         0         0         0       
   0         0         0         0         0         0       
   0         0         0         0         0         0       
   0         0         0         0         0         0       
   0         0         0         0         0         0       
   0         0         0         0         0         0       
   0         0         0         0         0         0       
   0         0         0         0         0         0       
   0         0         0         0         0         0       
   0         0         0         0         0         0       
   0         0         0         0         0         0       
   0         0         0         0         0         0       
   0         0         0         0         0         0       
   0         0         0         0         0         0       
   0         0         0         0         0         0       
   0         0         0         0         0         0       
   0         0         0         0         0         0       
   0         0         0         0         0         0       
   0         0         0         0         0         0       
   0         0         0         0         0         0       
   0         0         0         0         0         0       
   0         0         0         0         0         0       
   0         0         0         0         0         0       
   0         0         0         0         0         0       
   0         0         0         0         0         0       
   0         0         0         0         0         0       
   0         0         0         0         0         0       
   0         0         0         0         0         0       
   0         0         0         0         0         0       
   0         0         0         0         0         0       
   0         0         0         0         0         0       
   0         0         0         0         0         0       
   0         0         0         0         0         0       
   0         0         0         0         0         0       
   0         0         0         0         0         0       
   0         0         0         0         0         0       
   0         0         0         0         0         0       
   0         0         0         0         0         0       
   0         0         0         0         0         0       
   0         0         0         0         0         0       
   0         0         0         0         0         0       
   0         0         0         0         0         0       
   0         0         0         0         0         0       
   0         0         0         0         0         0       
   0         0         0         0         0         0       
   0         0         0         0         0         0       
   0         0         0         0         0         0       
   0         0         0         0         0         0       
   0         0         0         0         0         0       
   0         0         0         0         0         0       
   0         0         0         0         0         0       
   0         0         0         0         0         0       
   0         0         0         0         0         0       
   0         0         0         0         0         0       
   0         0         0         0         0         0       
   0         0         0         0         0         0       
   0         0         0         0         0         0       
   0         0         0         0         0         0       
   0         0         0         0         0         0       
   0         0         0         0         0         0       
   0         0         0         0         0         0       
   0         0         0         0         0         0       
   0         0         0         0         0         0       
   0         0         0         0         0         0       
   0         0         0         0         0         0       
   0         0         0         0         0         0       
   0         0         0         0         0         0       
   0         0         0         0         0         0       
   0         0         0         0         0         0       
   0         0         0         0         0         0       
   0         0         0         0         0         0       
   0         0         0         0         0         0       
   0         0         0         0         0         0       
   0         0         0         0         0         0       
   0         0         0         0         0         0       
   0         0         0         0         0         0       
   0         0         0         0         0         0       
   0         0         0         0         0         0       
   0         0         0         0         0         0       
   0         0         0         0         0         0       
   0         0         0         0         0         0       
   0         0         0         0         0         0       
   0         0         0         0         0         0       
   0         0         0         0         0         0       
   0         0         0         0         0         0       
   0         0         0         0         0         0       
   0         0         0         0         0         0       

EQ_ACTIVE             1 1 1 1 1 1 1 1 1 1

QACC
   1.2e-14 
  -2e-15   
   3.7e-16 
  -1.5e-16 
   6.3e-16 
   4.7e-16 
  -2.8e-17 
   2e-17   
   1.6e-15 
  -7.4e-15 
   2e-16   
   1.2e-14 
  -1.4e-15 
  -1.7e-15 
  -2.2e-15 
  -1.5e-17 
  -2.1e-17 
   9.3e-19 
  -5.8e-18 
  -1e-17   
  -9.9e-18 
  -9.7e-19 
   7.7e-15 
  -1.1e-16 
  -1.4e-14 
   8.8e-16 
   5.3e-15 
  -2.3e-14 
  -3.6e-17 
   3.7e-17 
  -6.5e-18 
  -1.7e-17 
   2e-17   
   2.2e-17 
  -9e-18   
   1.2e-16 
   6.4e-17 
   2.7e-16 
  -8.4e-16 
   3.9e-16 
   2.6e-28 
   1.2e-16 
   6.4e-17 
   2.7e-16 
  -8.4e-16 
   3.9e-16 
   2.6e-28 
   1.3e-17 
   4.3e-17 
   9.6e-16 
  -2.4e-15 
  -3.7e-18 
   1.1e-28 
   2.4e-13 
   2.3e-13 
   6.3e-16 
  -7.6e-13 
   8.1e-13 
  -7.8e-27 
   6.6e-17 
   2.5e-17 
   6.7e-16 
   1.3e-15 
   5.1e-16 
   2.8e-28 
   1.2e-16 
  -1.4e-17 
   1.2e-15 
   1.1e-15 
   1.7e-15 
   1e-28   
  -6.8e-17 
   1.9e-17 
   9.2e-16 
  -9.4e-16 
  -2.2e-15 
  -1.6e-28 
  -2.2e-17 
  -2.8e-16 
   8.3e-16 
  -1.5e-15 
   4.3e-16 
  -1.3e-28 
   1.2e-16 
  -1.4e-17 
   1.2e-15 
   1.1e-15 
   1.7e-15 
   1e-28   
   6e-18   
  -2.9e-18 
   1e-15   
   7.8e-16 
   1.7e-15 
   1.2e-28 
  -5.5e-17 
  -4.1e-17 
   5.7e-16 
   4.3e-16 
  -1.7e-15 
  -7e-29   
  -5.5e-17 
  -4.1e-17 
   5.7e-16 
   4.3e-16 
  -1.7e-15 
  -7e-29   
  -5.5e-17 
  -4.1e-17 
   5.7e-16 
   4.3e-16 
  -1.7e-15 
  -7e-29   
  -5.5e-17 
  -4.1e-17 
   5.7e-16 
   4.3e-16 
  -1.7e-15 
  -7e-29   
   1.2e-16 
  -1.4e-17 
   1.2e-15 
   1.1e-15 
   1.7e-15 
   1e-28   
  -5.5e-17 
  -4.1e-17 
   5.7e-16 
   4.3e-16 
  -1.7e-15 
  -7e-29   
  -5.5e-17 
  -4.1e-17 
   5.7e-16 
   4.3e-16 
  -1.7e-15 
  -7e-29   
  -5.5e-17 
  -4.1e-17 
   5.7e-16 
   4.3e-16 
  -1.7e-15 
  -7e-29   
  -5.5e-17 
  -4.1e-17 
   5.7e-16 
   4.3e-16 
  -1.7e-15 
  -7e-29   
  -2.2e-17 
  -2.8e-16 
   8.3e-16 
  -1.5e-15 
   4.3e-16 
  -1.3e-28 
   2.7e-17 
  -1.3e-16 
   7.2e-16 
  -2.1e-15 
  -2e-15   
   4.5e-29 
   2.7e-17 
  -1.3e-16 
   7.2e-16 
  -2.1e-15 
  -2e-15   
   4.5e-29 
  -6.1e-17 
   5e-17   
   3e-16   
  -7.2e-16 
   3.1e-15 
   5.3e-29 
   2.4e-14 
  -4.6e-14 
   2.9e-17 
   1.5e-13 
   8.1e-14 
   1.5e-26 
   2.6e-13 
   2.2e-13 
  -1.5e-16 
  -7.5e-13 
   8.7e-13 
   4.5e-27 
   2.7e-13 
   2.1e-13 
  -6.8e-16 
  -7.1e-13 
   9e-13   
   2.6e-27 

XPOS
   0         0         0       
   0         0         0       
   0         0        -0.001   
   0         0         0       
   1.1e-10  -4.2e-11   0       
   0.13     -4.2e-11   0.13    
   0.13     -4.2e-11   0.13    
   0.13     -4.2e-11   0.13    
  -0.28     -4.2e-11   0.3     
   0.11     -4.2e-11   0.3     
   0.11     -4.2e-11   0.3     
   0.11     -4.2e-11   0.3     
   0.11     -4.2e-11   0.3     
   0.099     5e-05     0.88    
   0.099     5e-05     0.88    
   0.099     5e-05     0.88    
   0.099     5e-05     0.88    
   0.099     5e-05     0.88    
   0.11     -0.21      0.69    
   0.11     -0.21      0.69    
   0.11     -0.21      0.69    
   0.11     -0.21      0.69    
   0.11     -0.56      0.69    
   0.11     -0.56      0.69    
   0.11     -0.92      0.69    
   0.11     -0.92      0.69    
   0.11     -0.92      0.69    
   0.11     -1         0.69    
   0.11     -1         0.69    
   0.11     -1         0.69    
   0.14     -1.1       0.69    
   0.17     -1.1       0.69    
   0.17     -1.1       0.69    
   0.076    -1.1       0.69    
   0.045    -1.1       0.69    
   0.039    -1.1       0.69    
   0.12     -1.1       0.69    
   0.094    -1.1       0.69    
   0.11     -1.2       0.69    
   0.11     -1         0.69    
   0.11      0.21      0.69    
   0.11      0.21      0.69    
   0.11      0.21      0.69    
   0.11      0.21      0.69    
   0.11      0.56      0.69    
   0.11      0.56      0.69    
   0.11      0.92      0.69    
   0.11      0.92      0.69    
   0.11      0.92      0.69    
   0.11      1         0.69    
   0.11      1         0.69    
   0.11      1         0.69    
   0.076     1.1       0.69    
   0.045     1.1       0.69    
   0.039     1.1       0.69    
   0.14      1.1       0.69    
   0.17      1.1       0.69    
   0.17      1.1       0.69    
   0.094     1.1       0.69    
   0.12      1.1       0.69    
   0.11      1.2       0.69    
   0.11      1         0.69    
   9.5e-19   4         0.3     
   9.5e-19   6         0.3     
   2.2e-18   9         0.3     
   1         7         0.3     
   2         4         0.3     
   3         2.7e-15   0.3     
   3         8         0.3     
   3         9         0.3     
   4         2.7e-15   0.3     
   4         2         0.3     
   4         4         0.3     
   4         7         0.3     
   5         4         0.3     
   5         5         0.3     
   6         2.7e-15   0.3     
   6         3         0.3     
   6         4         0.3     
   7         6         0.3     
   7         7         0.3     
   7         9         0.3     
   8         4         0.3     
   8         7         0.3     
   8         8         0.3     
   9         2.3e-15   0.3     
   9         1         0.3     
   9         2         0.3     

XQUAT
   1         0         0         0       
   1         0         0         0       
   1         0         0         0       
   1         0         0         0       
   1         0         0         3.4e-15 
   1         0         0         3.4e-15 
   1         0         0         3.4e-15 
   0.14     -0.14     -0.69     -0.69    
  -0.71     -0.71     -6.5e-05   6.5e-05 
   7.8e-05  -7.8e-05  -0.71     -0.71    
  -1         2.4e-14  -0.00011   2.2e-10 
  -1         2.4e-14  -0.00011   2.2e-10 
  -1         2.4e-14  -0.00011   2.2e-10 
  -1         2.4e-14  -0.00011   2.2e-10 
  -1         2.4e-14  -0.00011   2.2e-10 
  -1         3.2e-13  -0.00011   2.9e-09 
  -0.71      0.71     -0.00024  -0.00024 
  -0.71      0.71     -0.00024  -0.00024 
  -7.8e-05  -7.8e-05   0.71     -0.71    
  -7.8e-05  -7.8e-05   0.71     -0.71    
  -9.5e-05  -9.5e-05   0.71     -0.71    
   1         1.8e-10   0.00013   1.4e-06 
   0.5       0.5      -0.5       0.5     
  -0.71     -0.0027   -0.71     -0.0027  
  -0.5      -0.5      -0.5       0.5     
  -0.5       0.5       0.5      -0.5     
  -0.0032    0.71      0.71      0.0029  
  -0.5       0.5      -0.5       0.5     
  -0.7      -0.71     -0.00014   0.00014 
  -0.7      -0.71     -0.00014   0.00014 
  -0.7      -0.71     -0.00014   0.00014 
  -0.7      -0.71     -0.00014   0.00014 
  -0.7      -0.71     -0.00014   0.00014 
  -0.7      -0.71     -0.00014   0.00014 
  -0.7      -0.71     -0.00014   0.00014 
  -0.7      -0.71     -0.00014   0.00014 
  -0.7      -0.71     -0.00014   0.00014 
  -0.7      -0.71     -0.00014   0.00014 
  -0.71     -0.0029   -0.0032    0.71    
  -0.7      -0.71     -0.00014   0.00014 
   7.8e-05  -7.8e-05  -0.71     -0.71    
   7.8e-05  -7.8e-05  -0.71     -0.71    
   8.5e-05  -8.5e-05  -0.71     -0.71    
   1        -1.5e-10   0.00012  -1.2e-06 
   0.5      -0.5      -0.5      -0.5     
  -0.71      0.0027   -0.71      0.0027  
   0.5      -0.5      -0.5      -0.5     
   0.5       0.5      -0.5      -0.5     
   0.0031    0.71     -0.71      0.003   
  -0.5      -0.5      -0.5      -0.5     
   9.1e-05  -9.2e-05  -0.71     -0.7     
   9.1e-05  -9.2e-05  -0.71     -0.7     
   8.9e-05  -9.5e-05  -0.71     -0.7     
   8.9e-05  -9.5e-05  -0.71     -0.7     
   9.1e-05  -9.2e-05  -0.71     -0.7     
   9.3e-05  -9e-05    -0.71     -0.7     
   9.3e-05  -9e-05    -0.71     -0.7     
   9.1e-05  -9.2e-05  -0.71     -0.7     
   8.9e-05  -9.4e-05  -0.71     -0.7     
   9.3e-05  -9e-05    -0.71     -0.7     
  -0.71      0.003    -0.0031   -0.71    
   9.1e-05  -9.2e-05  -0.71     -0.7     
   1         4.6e-17   7.9e-20  -1.1e-30 
   1         4.6e-17   7.9e-20  -1.1e-30 
   1         4.6e-17  -3.7e-20  -4.6e-30 
   1         4.6e-17  -1.9e-19   2e-30   
   1         4.6e-17  -9.1e-20   3e-31   
   1         4.6e-17  -2.9e-20   4.6e-30 
   1         4.6e-17   1.4e-19  -6.9e-30 
   1         4.6e-17   1.6e-19  -1.5e-30 
   1         4.6e-17  -2.9e-20   4.6e-30 
   1         4.6e-17   1e-19     4.8e-30 
   1         4.6e-17   1.8e-19  -2.6e-30 
   1         4.6e-17   1.8e-19  -2.6e-30 
   1         4.6e-17   1.8e-19  -2.6e-30 
   1         4.6e-17   1.8e-19  -2.6e-30 
   1         4.6e-17  -2.9e-20   4.6e-30 
   1         4.6e-17   1.8e-19  -2.6e-30 
   1         4.6e-17   1.8e-19  -2.6e-30 
   1         4.6e-17   1.8e-19  -2.6e-30 
   1         4.6e-17   1.8e-19  -2.6e-30 
   1         4.6e-17   1.6e-19  -1.5e-30 
   1         4.6e-17   8.8e-20   1.2e-30 
   1         4.6e-17   8.8e-20   1.2e-30 
   1         4.6e-17  -1.2e-19  -2.6e-30 
   1         4.6e-17  -3.5e-19   2.6e-31 
   1         4.6e-17  -1.4e-19  -5.4e-30 
   1         4.6e-17  -5.2e-19   5.8e-30 

XMAT
   1         0         0         0         1         0         0         0         1       
   1         0         0         0         1         0         0         0         1       
   1         0         0         0         1         0         0         0         1       
   1         0         0         0         1         0         0         0         1       
   1        -6.8e-15   0         6.8e-15   1         0         0         0         1       
   1        -6.8e-15   0         6.8e-15   1         0         0         0         1       
   1        -6.8e-15   0         6.8e-15   1         0         0         0         1       
  -0.93      0.38     -6.7e-15  -6.2e-15   2.7e-15   1         0.38      0.93     -1.1e-16 
   1         0.00018   6.8e-15   6.8e-15  -1.7e-16  -1        -0.00018   1        -1.7e-16 
  -1         0.00022  -6.8e-15  -6.8e-15  -1.1e-16   1         0.00022   1         1.1e-16 
   1         4.4e-10   0.00022  -4.4e-10   1         7.5e-19  -0.00022  -9.7e-14   1       
   1         4.4e-10   0.00022  -4.4e-10   1         7.5e-19  -0.00022  -9.7e-14   1       
   1         4.4e-10   0.00022  -4.4e-10   1         7.5e-19  -0.00022  -9.7e-14   1       
   1         4.4e-10   0.00022  -4.4e-10   1         7.5e-19  -0.00022  -9.7e-14   1       
   1         4.4e-10   0.00022  -4.4e-10   1         7.5e-19  -0.00022  -9.7e-14   1       
   1         5.8e-09   0.00022  -5.8e-09   1         7.5e-19  -0.00022  -1.3e-12   1       
   1        -0.00069   5.8e-09  -5.8e-09   2.7e-12   1        -0.00069  -1        -1.3e-12 
   1        -0.00069   5.8e-09  -5.8e-09   2.7e-12   1        -0.00069  -1        -1.3e-12 
  -1        -0.00022  -4.4e-10   4.4e-10  -2.2e-16  -1         0.00022  -1         9.7e-14 
  -1        -0.00022  -4.4e-10   4.4e-10  -2.2e-16  -1         0.00022  -1         9.7e-14 
  -1        -0.00027  -4.4e-10   4.4e-10   2.1e-14  -1         0.00027  -1         9.7e-14 
   1        -2.7e-06   0.00027   2.7e-06   1        -2.1e-14  -0.00027   7.3e-10   1       
   0.00037  -1         2.7e-06   2.8e-10  -2.7e-06  -1         1         0.00037  -7.3e-10 
  -0.00037   1.4e-07   1         0.0077    1         2.7e-06  -1         0.0077   -0.00037 
  -0.0004    1        -1.4e-07   0.0077    2.9e-06  -1        -1        -0.0004   -0.0077  
   5.3e-07  -0.0004   -1         1         0.0086   -2.9e-06   0.0086   -1         0.0004  
   4.1e-07   1        -0.0004    1         3e-06     0.0086    0.0086   -0.0004   -1       
  -4.1e-07  -0.0004    1        -1         0.0086    3e-06    -0.0086   -1        -0.0004  
   1         0.0004   -4.1e-07   3e-06    -0.0086   -1        -0.0004    1        -0.0086  
   1         0.0004   -4.1e-07   3e-06    -0.0086   -1        -0.0004    1        -0.0086  
   1         0.0004   -7.1e-06  -3.7e-06  -0.0086   -1        -0.0004    1        -0.0086  
   1         0.0004   -7.1e-06  -3.7e-06  -0.0086   -1        -0.0004    1        -0.0086  
   1         0.0004   -6.1e-07   2.8e-06  -0.0086   -1        -0.0004    1        -0.0086  
   1         0.0004    6e-06     9.5e-06  -0.0086   -1        -0.0004    1        -0.0086  
   1         0.0004    6e-06     9.5e-06  -0.0086   -1        -0.0004    1        -0.0086  
   1         0.0004   -4.9e-07   3e-06    -0.0086   -1        -0.0004    1        -0.0086  
   1         0.0004   -6.9e-06  -3.5e-06  -0.0086   -1        -0.0004    1        -0.0086  
   1         0.0004    6.1e-06   9.6e-06  -0.0086   -1        -0.0004    1        -0.0086  
  -4.1e-07   1         0.0004   -1         3e-06    -0.0086   -0.0086   -0.0004    1       
   1         0.0004   -4.1e-07   3e-06    -0.0086   -1        -0.0004    1        -0.0086  
  -1         0.00022   4.4e-10   4.4e-10  -1.1e-16   1         0.00022   1        -9.6e-14 
  -1         0.00022   4.4e-10   4.4e-10  -1.1e-16   1         0.00022   1        -9.6e-14 
  -1         0.00024   4.4e-10   4.4e-10  -8.7e-15   1         0.00024   1        -9.6e-14 
   1         2.4e-06   0.00024  -2.4e-06   1        -8.6e-15  -0.00024  -5.9e-10   1       
   0.00029   1         2.4e-06  -1.1e-10  -2.4e-06   1         1        -0.00029  -5.9e-10 
  -0.00029   2.3e-07   1        -0.0077    1        -2.4e-06  -1        -0.0077   -0.00029 
   0.00026   1         2.3e-07   0.0077   -2.2e-06   1         1        -0.00026  -0.0077  
   2.7e-08   0.00026  -1        -1         0.0086    2.2e-06   0.0086    1         0.00026 
  -5e-07    -1        -0.00026  -1         2.7e-06  -0.0086    0.0086    0.00026  -1       
   5e-07     0.00026   1         1         0.0086   -2.7e-06  -0.0086    1        -0.00026 
  -1         0.00026   5e-07     2.7e-06   0.0086    1         0.00026   1        -0.0086  
  -1         0.00026   5e-07     2.7e-06   0.0086    1         0.00026   1        -0.0086  
  -1         0.00026   7.3e-06   9.5e-06   0.0086    1         0.00026   1        -0.0086  
  -1         0.00026   7.3e-06   9.5e-06   0.0086    1         0.00026   1        -0.0086  
  -1         0.00026   7.3e-07   3e-06     0.0086    1         0.00026   1        -0.0086  
  -1         0.00026  -6e-06    -3.7e-06   0.0086    1         0.00026   1        -0.0086  
  -1         0.00026  -6e-06    -3.7e-06   0.0086    1         0.00026   1        -0.0086  
  -1         0.00026   5.8e-07   2.8e-06   0.0086    1         0.00026   1        -0.0086  
  -1         0.00026   7e-06     9.3e-06   0.0086    1         0.00026   1        -0.0086  
  -1         0.00026  -6e-06    -3.8e-06   0.0086    1         0.00026   1        -0.0086  
   5e-07    -1         0.00026   1         2.7e-06   0.0086   -0.0086    0.00026   1       
  -1         0.00026   5e-07     2.7e-06   0.0086    1         0.00026   1        -0.0086  
   1         2.2e-30   1.6e-19  -2.2e-30   1        -9.2e-17  -1.6e-19   9.2e-17   1       
   1         2.2e-30   1.6e-19  -2.2e-30   1        -9.2e-17  -1.6e-19   9.2e-17   1       
   1         9.3e-30  -7.5e-20  -9.3e-30   1        -9.2e-17   7.5e-20   9.2e-17   1       
   1        -4e-30    -3.7e-19   4e-30     1        -9.2e-17   3.7e-19   9.2e-17   1       
   1        -6.1e-31  -1.8e-19   6.1e-31   1        -9.2e-17   1.8e-19   9.2e-17   1       
   1        -9.2e-30  -5.7e-20   9.2e-30   1        -9.2e-17   5.7e-20   9.2e-17   1       
   1         1.4e-29   2.7e-19  -1.4e-29   1        -9.2e-17  -2.7e-19   9.2e-17   1       
   1         3e-30     3.1e-19  -3e-30     1        -9.1e-17  -3.1e-19   9.1e-17   1       
   1        -9.2e-30  -5.7e-20   9.2e-30   1        -9.2e-17   5.7e-20   9.2e-17   1       
   1        -9.5e-30   2e-19     9.5e-30   1        -9.2e-17  -2e-19     9.2e-17   1       
   1         5.3e-30   3.6e-19  -5.3e-30   1        -9.2e-17  -3.6e-19   9.2e-17   1       
   1         5.3e-30   3.6e-19  -5.3e-30   1        -9.2e-17  -3.6e-19   9.2e-17   1       
   1         5.3e-30   3.6e-19  -5.3e-30   1        -9.2e-17  -3.6e-19   9.2e-17   1       
   1         5.3e-30   3.6e-19  -5.3e-30   1        -9.2e-17  -3.6e-19   9.2e-17   1       
   1        -9.2e-30  -5.7e-20   9.2e-30   1        -9.2e-17   5.7e-20   9.2e-17   1       
   1         5.3e-30   3.6e-19  -5.3e-30   1        -9.2e-17  -3.6e-19   9.2e-17   1       
   1         5.3e-30   3.6e-19  -5.3e-30   1        -9.2e-17  -3.6e-19   9.2e-17   1       
   1         5.3e-30   3.6e-19  -5.3e-30   1        -9.2e-17  -3.6e-19   9.2e-17   1       
   1         5.3e-30   3.6e-19  -5.3e-30   1        -9.2e-17  -3.6e-19   9.2e-17   1       
   1         3e-30     3.1e-19  -3e-30     1        -9.1e-17  -3.1e-19   9.1e-17   1       
   1        -2.3e-30   1.8e-19   2.3e-30   1        -9.2e-17  -1.8e-19   9.2e-17   1       
   1        -2.3e-30   1.8e-19   2.3e-30   1        -9.2e-17  -1.8e-19   9.2e-17   1       
   1         5.2e-30  -2.5e-19  -5.2e-30   1        -9.2e-17   2.5e-19   9.2e-17   1       
   1        -5.3e-31  -7.1e-19   5.3e-31   1        -9.1e-17   7.1e-19   9.1e-17   1       
   1         1.1e-29  -2.8e-19  -1.1e-29   1        -9.2e-17   2.8e-19   9.2e-17   1       
   1        -1.2e-29  -1e-18     1.2e-29   1        -9.2e-17   1e-18     9.2e-17   1       

XIPOS
   0         0         0       
   0         0         0       
   0         0        -0.001   
   0         0         0       
   0.0031    0.00022   0.09    
   0.13     -4.2e-11   0.13    
   0.14     -0.015     0.076   
  -0.08     -0.012     0.22    
  -0.1      -0.011     0.3     
   0.11     -0.0056    0.33    
   0.11     -3e-05     0.44    
   0.11     -4.2e-11   0.3     
   0.11      0.00011   0.63    
   0.099     5e-05     0.88    
   0.099     5e-05     0.88    
   0.099     9e-05     0.84    
   0.13      0.0017    0.92    
   0.099     5e-05     0.88    
   0.11     -0.21      0.69    
   0.11     -0.092     0.69    
   0.11     -0.19      0.7     
   0.11     -0.3       0.7     
   0.11     -0.51      0.69    
   0.12     -0.62      0.69    
   0.11     -0.77      0.69    
   0.11     -0.92      0.68    
   0.11     -0.95      0.69    
   0.11     -1         0.69    
   0.11     -1         0.69    
   0.11     -1         0.69    
   0.15     -1.1       0.69    
   0.17     -1.1       0.69    
   0.16     -1.1       0.69    
   0.064    -1.1       0.69    
   0.041    -1.1       0.69    
   0.054    -1.1       0.69    
   0.14     -1.1       0.69    
   0.075    -1.1       0.69    
   0.11     -1.2       0.84    
   0.11     -1         0.69    
   0.11      0.21      0.69    
   0.11      0.092     0.69    
   0.11      0.19      0.7     
   0.11      0.3       0.7     
   0.11      0.51      0.69    
   0.12      0.62      0.69    
   0.11      0.77      0.69    
   0.11      0.92      0.68    
   0.099     0.95      0.69    
   0.11      1         0.69    
   0.11      1         0.69    
   0.11      1         0.69    
   0.064     1.1       0.69    
   0.041     1.1       0.69    
   0.054     1.1       0.69    
   0.15      1.1       0.69    
   0.17      1.1       0.69    
   0.16      1.1       0.69    
   0.075     1.1       0.69    
   0.14      1.1       0.69    
   0.11      1.2       0.84    
   0.099     1         0.69    
   9.5e-19   4         0.3     
   9.5e-19   6         0.3     
   2.2e-18   9         0.3     
   1         7         0.3     
   2         4         0.3     
   3         2.7e-15   0.3     
   3         8         0.3     
   3         9         0.3     
   4         2.7e-15   0.3     
   4         2         0.3     
   4         4         0.3     
   4         7         0.3     
   5         4         0.3     
   5         5         0.3     
   6         2.7e-15   0.3     
   6         3         0.3     
   6         4         0.3     
   7         6         0.3     
   7         7         0.3     
   7         9         0.3     
   8         4         0.3     
   8         7         0.3     
   8         8         0.3     
   9         2.3e-15   0.3     
   9         1         0.3     
   9         2         0.3     

XIMAT
   1         0         0         0         1         0         0         0         1       
   1         0         0         0         1         0         0         0         1       
   1         0         0         0         1         0         0         0         1       
   1         0         0         0         1         0         0         0         1       
   1        -6.8e-15   0         6.8e-15   1         0         0         0         1       
   1        -6.8e-15   0         6.8e-15   1         0         0         0         1       
   1        -6.8e-15   0         6.8e-15   1         0         0         0         1       
  -0.93      0.38     -6.7e-15  -6.2e-15   2.7e-15   1         0.38      0.93     -1.1e-16 
   1         0.00018   6.8e-15   6.8e-15  -1.7e-16  -1        -0.00018   1        -1.7e-16 
  -1         0.00022  -6.8e-15  -6.8e-15  -1.1e-16   1         0.00022   1         1.1e-16 
   1         4.4e-10   0.00022  -4.4e-10   1         7.5e-19  -0.00022  -9.7e-14   1       
   1         4.4e-10   0.00022  -4.4e-10   1         7.5e-19  -0.00022  -9.7e-14   1       
   1         4.4e-10   0.00022  -4.4e-10   1         7.5e-19  -0.00022  -9.7e-14   1       
   1         4.4e-10   0.00022  -4.4e-10   1         7.5e-19  -0.00022  -9.7e-14   1       
   1         4.4e-10   0.00022  -4.4e-10   1         7.5e-19  -0.00022  -9.7e-14   1       
   1         5.8e-09   0.00022  -5.8e-09   1         7.5e-19  -0.00022  -1.3e-12   1       
   1        -0.00069   5.8e-09  -5.8e-09   2.7e-12   1        -0.00069  -1        -1.3e-12 
   1        -0.00069   5.8e-09  -5.8e-09   2.7e-12   1        -0.00069  -1        -1.3e-12 
  -1        -0.00022  -4.4e-10   4.4e-10  -2.2e-16  -1         0.00022  -1         9.7e-14 
  -1        -0.00022  -4.4e-10   4.4e-10  -2.2e-16  -1         0.00022  -1         9.7e-14 
  -1        -0.00027  -4.4e-10   4.4e-10   2.1e-14  -1         0.00027  -1         9.7e-14 
   1        -2.7e-06   0.00027   2.7e-06   1        -2.1e-14  -0.00027   7.3e-10   1       
   0.00037  -1         2.7e-06   2.8e-10  -2.7e-06  -1         1         0.00037  -7.3e-10 
  -0.00037   1.4e-07   1         0.0077    1         2.7e-06  -1         0.0077   -0.00037 
  -0.0004    1        -1.4e-07   0.0077    2.9e-06  -1        -1        -0.0004   -0.0077  
   5.3e-07  -0.0004   -1         1         0.0086   -2.9e-06   0.0086   -1         0.0004  
   4.1e-07   1        -0.0004    1         3e-06     0.0086    0.0086   -0.0004   -1       
  -4.1e-07  -0.0004    1        -1         0.0086    3e-06    -0.0086   -1        -0.0004  
   1         0.0004   -4.1e-07   3e-06    -0.0086   -1        -0.0004    1        -0.0086  
   1         0.0004   -4.1e-07   3e-06    -0.0086   -1        -0.0004    1        -0.0086  
   1         0.0004   -7.1e-06  -3.7e-06  -0.0086   -1        -0.0004    1        -0.0086  
   1         0.0004   -7.1e-06  -3.7e-06  -0.0086   -1        -0.0004    1        -0.0086  
   1         0.0004   -6.1e-07   2.8e-06  -0.0086   -1        -0.0004    1        -0.0086  
   1         0.0004    6e-06     9.5e-06  -0.0086   -1        -0.0004    1        -0.0086  
   1         0.0004    6e-06     9.5e-06  -0.0086   -1        -0.0004    1        -0.0086  
   1         0.0004   -4.9e-07   3e-06    -0.0086   -1        -0.0004    1        -0.0086  
   1         0.0004   -6.9e-06  -3.5e-06  -0.0086   -1        -0.0004    1        -0.0086  
   1         0.0004    6.1e-06   9.6e-06  -0.0086   -1        -0.0004    1        -0.0086  
   0.0004   -4.1e-07   1        -0.0086   -1         3e-06     1        -0.0086   -0.0004  
  -4.1e-07  -0.0004    1        -1         0.0086    3e-06    -0.0086   -1        -0.0004  
  -1         0.00022   4.4e-10   4.4e-10  -1.1e-16   1         0.00022   1        -9.6e-14 
  -1         0.00022   4.4e-10   4.4e-10  -1.1e-16   1         0.00022   1        -9.6e-14 
  -1         0.00024   4.4e-10   4.4e-10  -8.7e-15   1         0.00024   1        -9.6e-14 
   1         2.4e-06   0.00024  -2.4e-06   1        -8.6e-15  -0.00024  -5.9e-10   1       
   0.00029   1         2.4e-06  -1.1e-10  -2.4e-06   1         1        -0.00029  -5.9e-10 
  -0.00029   2.3e-07   1        -0.0077    1        -2.4e-06  -1        -0.0077   -0.00029 
   0.00026   1         2.3e-07   0.0077   -2.2e-06   1         1        -0.00026  -0.0077  
   2.7e-08   0.00026  -1        -1         0.0086    2.2e-06   0.0086    1         0.00026 
  -5e-07    -1        -0.00026  -1         2.7e-06  -0.0086    0.0086    0.00026  -1       
   5e-07     0.00026   1         1         0.0086   -2.7e-06  -0.0086    1        -0.00026 
  -1         0.00026   5e-07     2.7e-06   0.0086    1         0.00026   1        -0.0086  
  -1         0.00026   5e-07     2.7e-06   0.0086    1         0.00026   1        -0.0086  
  -1         0.00026   7.3e-06   9.5e-06   0.0086    1         0.00026   1        -0.0086  
  -1         0.00026   7.3e-06   9.5e-06   0.0086    1         0.00026   1        -0.0086  
  -1         0.00026   7.3e-07   3e-06     0.0086    1         0.00026   1        -0.0086  
  -1         0.00026  -6e-06    -3.7e-06   0.0086    1         0.00026   1        -0.0086  
  -1         0.00026  -6e-06    -3.7e-06   0.0086    1         0.00026   1        -0.0086  
  -1         0.00026   5.8e-07   2.8e-06   0.0086    1         0.00026   1        -0.0086  
  -1         0.00026   7e-06     9.3e-06   0.0086    1         0.00026   1        -0.0086  
  -1         0.00026  -6e-06    -3.8e-06   0.0086    1         0.00026   1        -0.0086  
   0.00026   5e-07    -1         0.0086    1         2.7e-06   1        -0.0086    0.00026 
  -5e-07     0.00026  -1        -1         0.0086    2.7e-06   0.0086    1         0.00026 
   1         2.2e-30   1.6e-19  -2.2e-30   1        -9.2e-17  -1.6e-19   9.2e-17   1       
   1         2.2e-30   1.6e-19  -2.2e-30   1        -9.2e-17  -1.6e-19   9.2e-17   1       
   1         9.3e-30  -7.5e-20  -9.3e-30   1        -9.2e-17   7.5e-20   9.2e-17   1       
   1        -4e-30    -3.7e-19   4e-30     1        -9.2e-17   3.7e-19   9.2e-17   1       
   1        -6.1e-31  -1.8e-19   6.1e-31   1        -9.2e-17   1.8e-19   9.2e-17   1       
   1        -9.2e-30  -5.7e-20   9.2e-30   1        -9.2e-17   5.7e-20   9.2e-17   1       
   1         1.4e-29   2.7e-19  -1.4e-29   1        -9.2e-17  -2.7e-19   9.2e-17   1       
   1         3e-30     3.1e-19  -3e-30     1        -9.1e-17  -3.1e-19   9.1e-17   1       
   1        -9.2e-30  -5.7e-20   9.2e-30   1        -9.2e-17   5.7e-20   9.2e-17   1       
   1        -9.5e-30   2e-19     9.5e-30   1        -9.2e-17  -2e-19     9.2e-17   1       
   1         5.3e-30   3.6e-19  -5.3e-30   1        -9.2e-17  -3.6e-19   9.2e-17   1       
   1         5.3e-30   3.6e-19  -5.3e-30   1        -9.2e-17  -3.6e-19   9.2e-17   1       
   1         5.3e-30   3.6e-19  -5.3e-30   1        -9.2e-17  -3.6e-19   9.2e-17   1       
   1         5.3e-30   3.6e-19  -5.3e-30   1        -9.2e-17  -3.6e-19   9.2e-17   1       
   1        -9.2e-30  -5.7e-20   9.2e-30   1        -9.2e-17   5.7e-20   9.2e-17   1       
   1         5.3e-30   3.6e-19  -5.3e-30   1        -9.2e-17  -3.6e-19   9.2e-17   1       
   1         5.3e-30   3.6e-19  -5.3e-30   1        -9.2e-17  -3.6e-19   9.2e-17   1       
   1         5.3e-30   3.6e-19  -5.3e-30   1        -9.2e-17  -3.6e-19   9.2e-17   1       
   1         5.3e-30   3.6e-19  -5.3e-30   1        -9.2e-17  -3.6e-19   9.2e-17   1       
   1         3e-30     3.1e-19  -3e-30     1        -9.1e-17  -3.1e-19   9.1e-17   1       
   1        -2.3e-30   1.8e-19   2.3e-30   1        -9.2e-17  -1.8e-19   9.2e-17   1       
   1        -2.3e-30   1.8e-19   2.3e-30   1        -9.2e-17  -1.8e-19   9.2e-17   1       
   1         5.2e-30  -2.5e-19  -5.2e-30   1        -9.2e-17   2.5e-19   9.2e-17   1       
   1        -5.3e-31  -7.1e-19   5.3e-31   1        -9.1e-17   7.1e-19   9.1e-17   1       
   1         1.1e-29  -2.8e-19  -1.1e-29   1        -9.2e-17   2.8e-19   9.2e-17   1       
   1        -1.2e-29  -1e-18     1.2e-29   1        -9.2e-17   1e-18     9.2e-17   1       

XANCHOR
   0         0         0       
   1.1e-10   0         0       
   1.1e-10  -4.2e-11   0       
   0.13     -4.2e-11   0.13    
  -0.28     -4.2e-11   0.3     
   0.11     -4.2e-11   0.3     
   0.11     -4.2e-11   0.3     
   0.099     5e-05     0.88    
   0.099     5e-05     0.88    
   0.11     -0.21      0.69    
   0.11     -0.21      0.69    
   0.11     -0.56      0.69    
   0.11     -0.56      0.69    
   0.11     -0.92      0.69    
   0.11     -0.92      0.69    
   0.11     -0.92      0.69    
   0.14     -1.1       0.69    
   0.17     -1.1       0.69    
   0.076    -1.1       0.69    
   0.039    -1.1       0.69    
   0.12     -1.1       0.69    
   0.094    -1.1       0.69    
   0.11      0.21      0.69    
   0.11      0.21      0.69    
   0.11      0.56      0.69    
   0.11      0.56      0.69    
   0.11      0.92      0.69    
   0.11      0.92      0.69    
   0.11      0.92      0.69    
   0.076     1.1       0.69    
   0.039     1.1       0.69    
   0.14      1.1       0.69    
   0.17      1.1       0.69    
   0.094     1.1       0.69    
   0.12      1.1       0.69    
   9.5e-19   4         0.3     
   9.5e-19   6         0.3     
   2.2e-18   9         0.3     
   1         7         0.3     
   2         4         0.3     
   3         2.7e-15   0.3     
   3         8         0.3     
   3         9         0.3     
   4         2.7e-15   0.3     
   4         2         0.3     
   4         4         0.3     
   4         7         0.3     
   5         4         0.3     
   5         5         0.3     
   6         2.7e-15   0.3     
   6         3         0.3     
   6         4         0.3     
   7         6         0.3     
   7         7         0.3     
   7         9         0.3     
   8         4         0.3     
   8         7         0.3     
   8         8         0.3     
   9         2.3e-15   0.3     
   9         1         0.3     
   9         2         0.3     

XAXIS
   1         0         0       
   0         1         0       
   0         0         1       
  -6.7e-15   1        -2.2e-16 
   6.8e-15  -1        -2.2e-16 
  -6.8e-15   1         1.1e-16 
   0.00022   7.5e-19   1       
   0.00022   7.5e-19   1       
   5.8e-09   1        -1.3e-12 
  -4.4e-10  -1         9.7e-14 
   0.00027  -2.1e-14   1       
   2.7e-06  -1        -7.3e-10 
   1         2.7e-06  -0.00037 
  -1.4e-07  -1        -0.0077  
  -1        -2.9e-06   0.0004  
  -0.0004    0.0086   -1       
   0.0004   -0.0086    1       
   0.0004   -0.0086    1       
   0.0004   -0.0086    1       
   0.0004   -0.0086    1       
   0.0004   -0.0086    1       
   0.0004   -0.0086    1       
   4.4e-10   1        -9.7e-14 
   0.00024  -8.6e-15   1       
   2.4e-06   1        -5.9e-10 
   1        -2.4e-06  -0.00029 
   2.3e-07   1        -0.0077  
  -1         2.2e-06   0.00026 
  -0.00026  -0.0086   -1       
   0.00026   0.0086    1       
   0.00026   0.0086    1       
   0.00026   0.0086    1       
   0.00026   0.0086    1       
   0.00026   0.0086    1       
   0.00026   0.0086    1       
   0         0         1       
   0         0         1       
   0         0         1       
   0         0         1       
   0         0         1       
   0         0         1       
   0         0         1       
   0         0         1       
   0         0         1       
   0         0         1       
   0         0         1       
   0         0         1       
   0         0         1       
   0         0         1       
   0         0         1       
   0         0         1       
   0         0         1       
   0         0         1       
   0         0         1       
   0         0         1       
   0         0         1       
   0         0         1       
   0         0         1       
   0         0         1       
   0         0         1       
   0         0         1       

GEOM_XPOS
   0         0        -0.001   
   0         0        -0.001   
   0.0016   -4.2e-11   0.11    
   0.0016   -4.2e-11   0.11    
  -0.074    -4.2e-11   0.21    
  -0.078    -0.0022    0.22    
  -0.088    -4.2e-11   0.3     
  -0.088    -0.00071   0.3     
   0.11     -4.2e-11   0.3     
   0.11     -0.003     0.3     
   0.11     -4.2e-11   0.43    
   0.11      9.9e-06   0.42    
   0.11     -1.8e-11   0.59    
   0.11     -1.8e-11   0.59    
   0.13      5e-05     0.94    
   0.13      0.00035   0.94    
   0.11     -0.21      0.69    
   0.11     -0.19      0.7     
   0.11     -0.3       0.69    
   0.1      -0.27      0.7     
   0.11     -0.48      0.69    
   0.11     -0.49      0.69    
   0.11     -0.74      0.69    
   0.11     -0.6       0.69    
   0.11     -0.92      0.69    
   0.11     -0.8       0.69    
   0.11     -0.92      0.69    
   0.11     -0.92      0.69    
   0.11     -0.95      0.7     
   0.11     -0.95      0.69    
   0.11     -1         0.69    
   0.11     -1         0.69    
   0.11     -1         0.69    
   0.11     -1         0.69    
   0.15     -1.1       0.69    
   0.15     -1.1       0.69    
   0.17     -1.1       0.69    
   0.17     -1.1       0.69    
   0.15     -1.1       0.69    
   0.17     -1.1       0.68    
   0.17     -1.1       0.69    
   0.16     -1.1       0.7     
   0.16     -1.1       0.68    
   0.16     -1.1       0.69    
   0.17     -1.1       0.7     
   0.18     -1.1       0.69    
   0.16     -1.1       0.69    
   0.16     -1.1       0.69    
   0.16     -1.1       0.69    
   0.062    -1.1       0.69    
   0.062    -1.1       0.69    
   0.043    -1.1       0.69    
   0.043    -1.1       0.69    
   0.059    -1.1       0.69    
   0.039    -1.1       0.69    
   0.048    -1.1       0.69    
   0.051    -1.1       0.7     
   0.051    -1.1       0.68    
   0.05     -1.1       0.68    
   0.059    -1.1       0.69    
   0.058    -1.1       0.69    
   0.05     -1.1       0.7     
   0.053    -1.1       0.69    
   0.048    -1.1       0.69    
   0.056    -1.1       0.69    
   0.14     -1.1       0.69    
   0.14     -1.1       0.69    
   0.077    -1.1       0.69    
   0.077    -1.1       0.69    
   0.11     -1         0.77    
   0.11     -0.99      0.75    
   0.12     -0.99      0.72    
   0.089    -0.99      0.72    
   0.078    -0.99      0.71    
   0.11     -0.99      0.76    
   0.11     -0.99      0.76    
   0.14     -0.98      0.71    
   0.13     -0.99      0.72    
   0.11     -0.99      0.74    
   0.11     -0.99      0.73    
   0.086    -0.97      0.72    
   0.082    -0.97      0.71    
   0.077    -0.97      0.71    
   0.074    -0.97      0.7     
   0.11     -1         0.75    
   0.11     -1         0.74    
   0.11     -1         0.75    
   0.12     -0.99      0.76    
   0.12     -0.99      0.76    
   0.12     -0.99      0.76    
   0.12     -0.99      0.76    
   0.095    -0.99      0.76    
   0.095    -0.99      0.76    
   0.13     -0.97      0.72    
   0.11     -1         0.76    
   0.13     -1         0.76    
   0.13     -1         0.76    
   0.088    -1         0.76    
   0.12     -1         0.74    
   0.097    -1         0.74    
   0.098    -0.99      0.76    
   0.098    -0.99      0.76    
   0.11     -1         0.76    
   0.11      0.21      0.69    
   0.11      0.19      0.7     
   0.11      0.3       0.69    
   0.1       0.27      0.7     
   0.11      0.48      0.69    
   0.11      0.49      0.69    
   0.11      0.74      0.69    
   0.11      0.6       0.69    
   0.11      0.92      0.69    
   0.11      0.8       0.69    
   0.11      0.92      0.69    
   0.11      0.92      0.69    
   0.11      0.95      0.7     
   0.11      0.95      0.69    
   0.11      1         0.69    
   0.11      1         0.69    
   0.11      1         0.69    
   0.11      1         0.69    
   0.062     1.1       0.69    
   0.062     1.1       0.69    
   0.043     1.1       0.69    
   0.043     1.1       0.69    
   0.059     1.1       0.69    
   0.039     1.1       0.68    
   0.048     1.1       0.69    
   0.051     1.1       0.7     
   0.051     1.1       0.68    
   0.05      1.1       0.69    
   0.039     1.1       0.7     
   0.039     1.1       0.69    
   0.059     1.1       0.69    
   0.058     1.1       0.69    
   0.056     1.1       0.69    
   0.15      1.1       0.69    
   0.15      1.1       0.69    
   0.17      1.1       0.69    
   0.17      1.1       0.69    
   0.15      1.1       0.69    
   0.18      1.1       0.69    
   0.17      1.1       0.69    
   0.16      1.1       0.7     
   0.16      1.1       0.68    
   0.16      1.1       0.68    
   0.16      1.1       0.69    
   0.16      1.1       0.69    
   0.16      1.1       0.7     
   0.16      1.1       0.69    
   0.17      1.1       0.69    
   0.16      1.1       0.69    
   0.077     1.1       0.69    
   0.077     1.1       0.69    
   0.14      1.1       0.69    
   0.14      1.1       0.69    
   0.11      1         0.77    
   0.11      0.99      0.75    
   0.094     0.99      0.72    
   0.12      0.99      0.72    
   0.14      0.99      0.71    
   0.11      0.99      0.76    
   0.11      0.99      0.76    
   0.078     0.98      0.71    
   0.087     0.99      0.72    
   0.11      0.99      0.74    
   0.11      0.99      0.73    
   0.13      0.97      0.72    
   0.13      0.97      0.71    
   0.14      0.97      0.71    
   0.14      0.97      0.7     
   0.11      1         0.75    
   0.11      1         0.74    
   0.11      1         0.75    
   0.095     0.99      0.76    
   0.095     0.99      0.76    
   0.098     0.99      0.76    
   0.098     0.99      0.76    
   0.12      0.99      0.76    
   0.12      0.99      0.76    
   0.086     0.97      0.72    
   0.11      1         0.76    
   0.088     1         0.76    
   0.088     1         0.76    
   0.13      1         0.76    
   0.098     1         0.74    
   0.12      1         0.74    
   0.12      0.99      0.76    
   0.12      0.99      0.76    
   0.11      1         0.76    
   9.5e-19   4         0.3     
   9.5e-19   4         0.3     
   9.5e-19   6         0.3     
   9.5e-19   6         0.3     
   2.2e-18   9         0.3     
   2.2e-18   9         0.3     
   1         7         0.3     
   1         7         0.3     
   2         4         0.3     
   2         4         0.3     
   3         2.7e-15   0.3     
   3         2.7e-15   0.3     
   3         8         0.3     
   3         8         0.3     
   3         9         0.3     
   3         9         0.3     
   4         2.7e-15   0.3     
   4         2.7e-15   0.3     
   4         2         0.3     
   4         2         0.3     
   4         4         0.3     
   4         4         0.3     
   4         7         0.3     
   4         7         0.3     
   5         4         0.3     
   5         4         0.3     
   5         5         0.3     
   5         5         0.3     
   6         2.7e-15   0.3     
   6         2.7e-15   0.3     
   6         3         0.3     
   6         3         0.3     
   6         4         0.3     
   6         4         0.3     
   7         6         0.3     
   7         6         0.3     
   7         7         0.3     
   7         7         0.3     
   7         9         0.3     
   7         9         0.3     
   8         4         0.3     
   8         4         0.3     
   8         7         0.3     
   8         7         0.3     
   8         8         0.3     
   8         8         0.3     
   9         2.3e-15   0.3     
   9         2.3e-15   0.3     
   9         1         0.3     
   9         1         0.3     
   9         2         0.3     
   9         2         0.3     

GEOM_XMAT
   1         0         0         0         1         0         0         0         1       
   1         0         0         0         1         0         0         0         1       
  -0.0084    6.8e-15   1        -5.7e-17  -1         6.8e-15   1         0         0.0084  
  -0.0084    6.8e-15   1        -5.7e-17  -1         6.8e-15   1         0         0.0084  
  -6.8e-15  -0.38     -0.93      1        -2.7e-15  -6.1e-15  -1.1e-16  -0.93      0.38    
   0.37     -0.0069   -0.93      0.02      1         0.00063   0.93     -0.019     0.37    
   0.00018   6.8e-15   1        -1.6e-16  -1         6.8e-15   1        -1.6e-16  -0.00018 
   0.00018   0.0012    1        -8.1e-06  -1         0.0012    1        -8.3e-06  -0.00018 
  -1         0.00022  -6.8e-15  -6.8e-15  -1.1e-16   1         0.00022   1         1.1e-16 
  -1        -0.019     0.0013   -0.019     0.99     -0.14      0.0014   -0.14     -0.99    
   1         4.4e-10   0.00022  -4.4e-10   1         7.5e-19  -0.00022  -9.7e-14   1       
   0.0007   -0.054     1        -0.001    -1        -0.054     1        -0.00098  -0.00075 
   1         4.4e-10  -0.022    -4.4e-10   1         9.6e-12   0.022    -9.7e-14   1       
   1         4.4e-10  -0.022    -4.4e-10   1         9.6e-12   0.022    -9.7e-14   1       
   5.8e-09  -0.75     -0.66      1         4.3e-09   3.8e-09  -1.3e-12  -0.66      0.75    
   0.094    -0.76     -0.65      0.99      0.13     -0.0026    0.083    -0.64      0.76    
  -1        -0.00027  -4.4e-10   4.4e-10   2.1e-14  -1         0.00027  -1         9.7e-14 
  -0.00029   1        -1.3e-05  -0.0023   -1.3e-05  -1        -1        -0.00029   0.0023  
   0.00027  -1         2.7e-06  -2.1e-14  -2.7e-06  -1         1         0.00027  -7.3e-10 
   1         0.014     0.016     0.017    -0.069    -1        -0.013     1        -0.07    
  -1        -0.00037   2.7e-06  -2.7e-06  -2.8e-10  -1         0.00037  -1        -7.3e-10 
  -1        -0.00037   0.0042   -0.0042    4.9e-06  -1         0.00037  -1        -6.4e-06 
   1         0.00037  -1.4e-07   2.7e-06  -0.0077   -1        -0.00037   1        -0.0077  
  -0.00036   0.99     -0.17      0.0077   -0.17     -0.99     -1        -0.0017   -0.0075  
  -0.0004    1        -1.4e-07   0.0077    2.9e-06  -1        -1        -0.0004   -0.0077  
  -0.012     1        -0.0053    0.011    -0.0051   -1        -1        -0.012    -0.011   
   5.3e-07  -0.0004   -1         1         0.0086   -2.9e-06   0.0086   -1         0.0004  
  -1         0.0004   -1.2e-05  -1.6e-05  -0.0086    1         0.0004    1         0.0086  
   0.69      0.73      0.052     0.73     -0.68     -0.083    -0.024     0.095    -1       
   1        -0.0043    0.01     -0.0044   -1         0.0036    0.01     -0.0036   -1       
  -4.1e-07  -1        -0.0004   -1        -3e-06     0.0086   -0.0086    0.0004   -1       
  -4.1e-07   0.15      0.99     -1         0.0085   -0.0013   -0.0086   -0.99      0.15    
   0.0017   -1         0.031    -0.0088   -0.031    -1         1         0.0015   -0.0089  
   0.0017   -1         0.031    -0.0088   -0.031    -1         1         0.0015   -0.0089  
   0.0019    0.055     1        -0.0086   -1         0.055     1        -0.0087   -0.0014  
   0.0019    0.055     1        -0.0086   -1         0.055     1        -0.0087   -0.0014  
   0.98      0.0004    0.2       0.2      -0.0086   -0.98      0.0013    1        -0.0085  
   0.98      0.0004    0.2       0.2      -0.0086   -0.98      0.0013    1        -0.0085  
   1         0.0004   -0.024    -0.024    -0.0086   -1        -0.00061   1        -0.0086  
   1         0.0004   -6.1e-07   2.8e-06  -0.0086   -1        -0.0004    1        -0.0086  
   0.98     -0.18     -0.0004   -0.18     -0.98      0.0086   -0.002    -0.0084   -1       
   0.87      0.49     -0.029    -0.021    -0.022    -1        -0.49      0.87     -0.0086  
   0.87     -0.49     -0.029    -0.029     0.0066   -1         0.49      0.87     -0.0086  
   1        -6.1e-07  -0.0004    2.8e-06  -1         0.0086   -0.0004   -0.0086   -1       
   1         0.0004   -6.1e-07   2.8e-06  -0.0086   -1        -0.0004    1        -0.0086  
   0.98     -0.22     -0.0004   -0.22     -0.98      0.0086   -0.0023   -0.0083   -1       
  -6.1e-07  -1        -0.0004   -1        -2.8e-06   0.0086   -0.0086    0.0004   -1       
   0.8      -0.6      -0.0004   -0.6      -0.8       0.0086   -0.0055   -0.0067   -1       
   1         0.0004   -0.1      -0.1      -0.0086   -0.99     -0.0013    1        -0.0086  
   0.0004   -0.057     1        -0.0086   -1        -0.057     1        -0.0086   -0.00089 
   0.0004   -0.057     1        -0.0086   -1        -0.057     1        -0.0086   -0.00089 
   0.98      0.0004   -0.2      -0.2      -0.0086   -0.98     -0.0021    1        -0.0084  
   0.98      0.0004   -0.2      -0.2      -0.0086   -0.98     -0.0021    1        -0.0084  
   1         0.0004    0.024     0.024    -0.0086   -1        -0.00019   1        -0.0087  
   0.98      0.2      -0.0004    0.2      -0.98      0.0086    0.0014   -0.0085   -1       
   0.98      0.2      -0.0004    0.2      -0.98      0.0086    0.0013   -0.0085   -1       
   0.85     -0.53      0.032     0.014    -0.037    -1         0.53      0.85     -0.023   
   0.85      0.53      0.032     0.023     0.022    -1        -0.53      0.85      0.0063  
   1         0.0004   -4.9e-07   3e-06    -0.0086   -1        -0.0004    1        -0.0086  
  -4.9e-07  -1        -0.0004   -1        -3e-06     0.0086   -0.0086    0.0004   -1       
   0.87      0.5      -0.0004    0.5      -0.87      0.0086    0.004    -0.0077   -1       
   1         0.0004   -4.9e-07   3e-06    -0.0086   -1        -0.0004    1        -0.0086  
   1         0.0004   -4.9e-07   3e-06    -0.0086   -1        -0.0004    1        -0.0086  
   1         0.0004   -4.9e-07   3e-06    -0.0086   -1        -0.0004    1        -0.0086  
   1         0.0004    0.1       0.1      -0.0086   -0.99      0.00046   1        -0.0086  
   0.76      0.0004    0.65      0.65     -0.0086   -0.76      0.0053    1        -0.0068  
   0.76      0.0004    0.65      0.65     -0.0086   -0.76      0.0053    1        -0.0068  
   0.76      0.004    -0.65     -0.65     -0.0085   -0.76     -0.0086    1        -0.0038  
   0.76      0.004    -0.65     -0.65     -0.0085   -0.76     -0.0086    1        -0.0038  
   0.0004   -2.7e-06   1        -0.014    -1         3e-06     1        -0.014    -0.0004  
  -4.1e-07  -1        -0.0004   -1        -3e-06     0.0086   -0.0086    0.0004   -1       
   0.92     -4.1e-07   0.39     -0.0034   -1         0.0079    0.39     -0.0086   -0.92    
  -4.1e-07  -0.86     -0.51     -1        -0.0044    0.0074   -0.0086    0.51     -0.86    
   0.89     -0.033    -0.46      0.004    -1         0.079    -0.46     -0.072    -0.89    
  -4.1e-07  -0.0004    1        -1         0.0086    3e-06    -0.0086   -1        -0.0004  
  -0.00023  -0.00032   1        -0.81      0.59      3e-06    -0.59     -0.81     -0.0004  
   0.9       0.28      0.33      0.013    -0.78      0.63      0.44     -0.56     -0.71    
   0.98     -4.1e-07   0.19     -0.0016   -1         0.0085    0.19     -0.0086   -0.98    
   0.0004   -4.1e-07   1        -0.0086   -1         3e-06     1        -0.0086   -0.0004  
  -4.1e-07   0.096     1        -1         0.0086   -0.00083  -0.0086   -1         0.096   
   1         0.0004   -4.1e-07   3e-06    -0.0086   -1        -0.0004    1        -0.0086  
   1         0.0004   -4.1e-07   3e-06    -0.0086   -1        -0.0004    1        -0.0086  
   0.92      0.39     -4.1e-07   0.0034   -0.008    -1        -0.39      0.92     -0.0086  
   1         0.0004   -4.1e-07   3e-06    -0.0086   -1        -0.0004    1        -0.0086  
   0.0004    4.2e-05   1         0.097    -1         3e-06     1         0.097    -0.0004  
   0.0004   -1.5e-05   1        -0.046    -1         3e-06     1        -0.046    -0.0004  
  -2.8e-05  -0.0004    1        -1         0.078     3e-06    -0.078    -1        -0.0004  
   1         0.0004   -4.1e-07   3e-06    -0.0086   -1        -0.0004    1        -0.0086  
   1         0.0004   -4.1e-07   3e-06    -0.0086   -1        -0.0004    1        -0.0086  
   1         0.0004   -4.1e-07   3e-06    -0.0086   -1        -0.0004    1        -0.0086  
   1         0.0004   -4.1e-07   3e-06    -0.0086   -1        -0.0004    1        -0.0086  
   1         0.0004   -4.1e-07   3e-06    -0.0086   -1        -0.0004    1        -0.0086  
   1         0.0004   -4.1e-07   3e-06    -0.0086   -1        -0.0004    1        -0.0086  
   1         0.0004   -4.1e-07   3e-06    -0.0086   -1        -0.0004    1        -0.0086  
   0.0004    6.4e-06   1         0.0083   -1         3e-06     1         0.0083   -0.0004  
   1         0.0004   -4.1e-07   3e-06    -0.0086   -1        -0.0004    1        -0.0086  
   1        -4.1e-07  -0.0004    3e-06    -1         0.0086   -0.0004   -0.0086   -1       
   1         0.0004    1e-05     3e-06     0.019    -1        -0.0004    1         0.019   
   0.0004   -4.1e-07   1        -0.0086   -1         3e-06     1        -0.0086   -0.0004  
   0.0004   -4.1e-07   1        -0.0086   -1         3e-06     1        -0.0086   -0.0004  
   1         0.0004   -4.1e-07   3e-06    -0.0086   -1        -0.0004    1        -0.0086  
   1         0.0004   -4.1e-07   3e-06    -0.0086   -1        -0.0004    1        -0.0086  
  -3.5e-05  -1        -0.0004   -1        -3e-06     0.096    -0.096     0.0004   -1       
  -1         0.00024   4.4e-10   4.4e-10  -8.7e-15   1         0.00024   1        -9.6e-14 
   7e-05     1         4.6e-05  -0.0022   -4.6e-05   1         1        -7e-05     0.0022  
   0.00024  -1        -2.4e-06  -8.4e-15   2.4e-06  -1         1         0.00024   5.9e-10 
   1         0.014    -0.016    -0.017     0.069    -1        -0.013     1         0.07    
   1        -0.00029   2.4e-06  -2.4e-06   1.1e-10   1        -0.00029  -1        -5.9e-10 
   1        -0.00032   0.0042   -0.0042    4.7e-05   1        -0.00032  -1         4.5e-05 
  -0.61      0.8      -8.1e-06  -0.0061   -0.0046   -1        -0.8      -0.61      0.0077  
  -0.00031   0.99      0.17     -0.0077    0.17     -0.99     -1        -0.0016    0.0075  
   0.00026   1         2.3e-07   0.0077   -2.2e-06   1         1        -0.00026  -0.0077  
   0.012     1         0.0053    0.0043   -0.0053    1         1        -0.012    -0.0044  
   2.7e-08   0.00026  -1        -1         0.0086    2.2e-06   0.0086    1         0.00026 
  -1        -0.00026   1.3e-05  -1e-05    -0.0086   -1         0.00026  -1         0.0086  
   0.69     -0.72      0.052    -0.73     -0.68      0.083    -0.024    -0.095    -1       
  -1         0.0043   -0.011     0.0044    1        -0.0036    0.011    -0.0036   -1       
   5e-07     1        -0.00026   1        -2.7e-06  -0.0086   -0.0086   -0.00026  -1       
   5e-07    -0.15     -0.99      1        -0.0085    0.0013   -0.0086   -0.99      0.15    
  -0.0011    1        -0.031     0.0088    0.031     1         1         0.00081  -0.0089  
  -0.0011    1        -0.031     0.0088    0.031     1         1         0.00081  -0.0089  
  -0.0012   -0.055    -1         0.0086    1        -0.055     1        -0.0086   -0.00072 
  -0.0012   -0.055    -1         0.0086    1        -0.055     1        -0.0086   -0.00072 
  -0.98      0.00026  -0.2      -0.2       0.0086    0.98      0.002     1        -0.0084  
  -0.98      0.00026  -0.2      -0.2       0.0086    0.98      0.002     1        -0.0084  
  -1         0.00026   0.024     0.024     0.0086    1         4.8e-05   1        -0.0086  
  -1         0.00026   7.3e-07   3e-06     0.0086    1         0.00026   1        -0.0086  
  -0.98      0.18     -0.00026   0.18      0.98     -0.0086   -0.0013   -0.0085   -1       
  -0.87     -0.49      0.029     0.021     0.022     1        -0.49      0.87     -0.0086  
  -0.87      0.49      0.029     0.029    -0.0066    1         0.49      0.87     -0.0086  
  -1         7.3e-07  -0.00026   3e-06     1        -0.0086    0.00026  -0.0086   -1       
  -1         0.00026   7.3e-07   3e-06     0.0086    1         0.00026   1        -0.0086  
  -0.98      0.22     -0.00026   0.22      0.98     -0.0086   -0.0016   -0.0085   -1       
   7.3e-07   1        -0.00026   1        -3e-06    -0.0086   -0.0086   -0.00026  -1       
  -0.8       0.6      -0.00026   0.6       0.8      -0.0086   -0.005    -0.0071   -1       
  -1         0.00026   0.1       0.1       0.0086    0.99     -0.0006    1        -0.0086  
   0.00026   0.057    -1         0.0086    1         0.057     1        -0.0086   -0.00023 
   0.00026   0.057    -1         0.0086    1         0.057     1        -0.0086   -0.00023 
  -0.98      0.00026   0.2       0.2       0.0086    0.98     -0.0015    1        -0.0085  
  -0.98      0.00026   0.2       0.2       0.0086    0.98     -0.0015    1        -0.0085  
  -1         0.00026  -0.024    -0.024     0.0086    1         0.00047   1        -0.0086  
  -0.98     -0.2      -0.00026  -0.2       0.98     -0.0086    0.002    -0.0084   -1       
  -0.98     -0.2      -0.00026  -0.2       0.98     -0.0086    0.002    -0.0084   -1       
  -0.85      0.53     -0.032    -0.014     0.037     1         0.53      0.85     -0.023   
  -0.85     -0.53     -0.031    -0.023    -0.022     1        -0.53      0.85      0.0063  
  -1         0.00026   5.8e-07   2.8e-06   0.0086    1         0.00026   1        -0.0086  
   5.8e-07   1        -0.00026   1        -2.8e-06  -0.0086   -0.0086   -0.00026  -1       
  -0.87     -0.5      -0.00026  -0.5       0.87     -0.0086    0.0046   -0.0074   -1       
  -1         0.00026   5.8e-07   2.8e-06   0.0086    1         0.00026   1        -0.0086  
  -1         0.00026   5.8e-07   2.8e-06   0.0086    1         0.00026   1        -0.0086  
  -1         0.00026   5.8e-07   2.8e-06   0.0086    1         0.00026   1        -0.0086  
  -1         0.00026  -0.1      -0.1       0.0086    0.99      0.0011    1        -0.0086  
  -0.76      0.00026  -0.65     -0.65      0.0086    0.76      0.0058    1        -0.0064  
  -0.76      0.00026  -0.65     -0.65      0.0086    0.76      0.0058    1        -0.0064  
  -0.76     -0.0034    0.65      0.65      0.0085    0.76     -0.0081    1        -0.0042  
  -0.76     -0.0034    0.65      0.65      0.0085    0.76     -0.0081    1        -0.0042  
   0.00026  -9.8e-07  -1         0.014     1         2.7e-06   1        -0.014     0.00026 
   5e-07     1        -0.00026   1        -2.7e-06  -0.0086   -0.0086   -0.00026  -1       
  -0.92      5e-07    -0.39      0.0034    1        -0.0079    0.39     -0.0086   -0.92    
   5e-07     0.86      0.51      1         0.0044   -0.0074   -0.0086    0.51     -0.86    
  -0.89      0.033     0.46     -0.004     1        -0.079    -0.46     -0.072    -0.89    
   5e-07    -0.00026  -1         1        -0.0086    2.7e-06  -0.0086   -1         0.00026 
  -0.00015  -0.00021  -1         0.81     -0.59      2.7e-06  -0.59     -0.81      0.00026 
  -0.9      -0.28     -0.33     -0.013     0.78     -0.63      0.44     -0.56     -0.7     
  -0.98      5e-07    -0.19      0.0016    1        -0.0085    0.19     -0.0086   -0.98    
   0.00026   5e-07    -1         0.0086    1         2.7e-06   1        -0.0086    0.00026 
   5e-07    -0.096    -1         1        -0.0086    0.00083  -0.0086   -1         0.096   
  -1         0.00026   5e-07     2.7e-06   0.0086    1         0.00026   1        -0.0086  
  -1         0.00026   5e-07     2.7e-06   0.0086    1         0.00026   1        -0.0086  
  -0.92     -0.39      5e-07    -0.0034    0.008     1        -0.39      0.92     -0.0086  
  -1         0.00026   5e-07     2.7e-06   0.0086    1         0.00026   1        -0.0086  
   0.00026   2.8e-05  -1        -0.097     1         2.7e-06   1         0.097     0.00026 
   0.00026  -9.1e-06  -1         0.046     1         2.7e-06   1        -0.046     0.00026 
  -1.8e-05  -0.00026  -1         1        -0.078     2.7e-06  -0.078    -1         0.00026 
  -1         0.00026   5e-07     2.7e-06   0.0086    1         0.00026   1        -0.0086  
  -1         0.00026   5e-07     2.7e-06   0.0086    1         0.00026   1        -0.0086  
  -1         0.00026   5e-07     2.7e-06   0.0086    1         0.00026   1        -0.0086  
  -1         0.00026   5e-07     2.7e-06   0.0086    1         0.00026   1        -0.0086  
  -1         0.00026   5e-07     2.7e-06   0.0086    1         0.00026   1        -0.0086  
  -1         0.00026   5e-07     2.7e-06   0.0086    1         0.00026   1        -0.0086  
  -1         0.00026   5e-07     2.7e-06   0.0086    1         0.00026   1        -0.0086  
   0.00026   4.9e-06  -1        -0.0083    1         2.7e-06   1         0.0083    0.00026 
  -1         0.00026   5e-07     2.7e-06   0.0086    1         0.00026   1        -0.0086  
  -1         5e-07    -0.00026   2.7e-06   1        -0.0086    0.00026  -0.0086   -1       
  -1         0.00026   7.5e-06   2.7e-06  -0.019     1         0.00026   1         0.019   
   0.00026   5e-07    -1         0.0086    1         2.7e-06   1        -0.0086    0.00026 
   0.00026   5e-07    -1         0.0086    1         2.7e-06   1        -0.0086    0.00026 
  -1         0.00026   5e-07     2.7e-06   0.0086    1         0.00026   1        -0.0086  
  -1         0.00026   5e-07     2.7e-06   0.0086    1         0.00026   1        -0.0086  
  -2.2e-05   1        -0.00026   1        -2.7e-06  -0.096    -0.096    -0.00026  -1       
   1         2.2e-30   1.6e-19  -2.2e-30   1        -9.2e-17  -1.6e-19   9.2e-17   1       
   1         2.2e-30   1.6e-19  -2.2e-30   1        -9.2e-17  -1.6e-19   9.2e-17   1       
   1         2.2e-30   1.6e-19  -2.2e-30   1        -9.2e-17  -1.6e-19   9.2e-17   1       
   1         2.2e-30   1.6e-19  -2.2e-30   1        -9.2e-17  -1.6e-19   9.2e-17   1       
   1         9.3e-30  -7.5e-20  -9.3e-30   1        -9.2e-17   7.5e-20   9.2e-17   1       
   1         9.3e-30  -7.5e-20  -9.3e-30   1        -9.2e-17   7.5e-20   9.2e-17   1       
   1        -4e-30    -3.7e-19   4e-30     1        -9.2e-17   3.7e-19   9.2e-17   1       
   1        -4e-30    -3.7e-19   4e-30     1        -9.2e-17   3.7e-19   9.2e-17   1       
   1        -6.1e-31  -1.8e-19   6.1e-31   1        -9.2e-17   1.8e-19   9.2e-17   1       
   1        -6.1e-31  -1.8e-19   6.1e-31   1        -9.2e-17   1.8e-19   9.2e-17   1       
   1        -9.2e-30  -5.7e-20   9.2e-30   1        -9.2e-17   5.7e-20   9.2e-17   1       
   1        -9.2e-30  -5.7e-20   9.2e-30   1        -9.2e-17   5.7e-20   9.2e-17   1       
   1         1.4e-29   2.7e-19  -1.4e-29   1        -9.2e-17  -2.7e-19   9.2e-17   1       
   1         1.4e-29   2.7e-19  -1.4e-29   1        -9.2e-17  -2.7e-19   9.2e-17   1       
   1         3e-30     3.1e-19  -3e-30     1        -9.1e-17  -3.1e-19   9.1e-17   1       
   1         3e-30     3.1e-19  -3e-30     1        -9.1e-17  -3.1e-19   9.1e-17   1       
   1        -9.2e-30  -5.7e-20   9.2e-30   1        -9.2e-17   5.7e-20   9.2e-17   1       
   1        -9.2e-30  -5.7e-20   9.2e-30   1        -9.2e-17   5.7e-20   9.2e-17   1       
   1        -9.5e-30   2e-19     9.5e-30   1        -9.2e-17  -2e-19     9.2e-17   1       
   1        -9.5e-30   2e-19     9.5e-30   1        -9.2e-17  -2e-19     9.2e-17   1       
   1         5.3e-30   3.6e-19  -5.3e-30   1        -9.2e-17  -3.6e-19   9.2e-17   1       
   1         5.3e-30   3.6e-19  -5.3e-30   1        -9.2e-17  -3.6e-19   9.2e-17   1       
   1         5.3e-30   3.6e-19  -5.3e-30   1        -9.2e-17  -3.6e-19   9.2e-17   1       
   1         5.3e-30   3.6e-19  -5.3e-30   1        -9.2e-17  -3.6e-19   9.2e-17   1       
   1         5.3e-30   3.6e-19  -5.3e-30   1        -9.2e-17  -3.6e-19   9.2e-17   1       
   1         5.3e-30   3.6e-19  -5.3e-30   1        -9.2e-17  -3.6e-19   9.2e-17   1       
   1         5.3e-30   3.6e-19  -5.3e-30   1        -9.2e-17  -3.6e-19   9.2e-17   1       
   1         5.3e-30   3.6e-19  -5.3e-30   1        -9.2e-17  -3.6e-19   9.2e-17   1       
   1        -9.2e-30  -5.7e-20   9.2e-30   1        -9.2e-17   5.7e-20   9.2e-17   1       
   1        -9.2e-30  -5.7e-20   9.2e-30   1        -9.2e-17   5.7e-20   9.2e-17   1       
   1         5.3e-30   3.6e-19  -5.3e-30   1        -9.2e-17  -3.6e-19   9.2e-17   1       
   1         5.3e-30   3.6e-19  -5.3e-30   1        -9.2e-17  -3.6e-19   9.2e-17   1       
   1         5.3e-30   3.6e-19  -5.3e-30   1        -9.2e-17  -3.6e-19   9.2e-17   1       
   1         5.3e-30   3.6e-19  -5.3e-30   1        -9.2e-17  -3.6e-19   9.2e-17   1       
   1         5.3e-30   3.6e-19  -5.3e-30   1        -9.2e-17  -3.6e-19   9.2e-17   1       
   1         5.3e-30   3.6e-19  -5.3e-30   1        -9.2e-17  -3.6e-19   9.2e-17   1       
   1         5.3e-30   3.6e-19  -5.3e-30   1        -9.2e-17  -3.6e-19   9.2e-17   1       
   1         5.3e-30   3.6e-19  -5.3e-30   1        -9.2e-17  -3.6e-19   9.2e-17   1       
   1         3e-30     3.1e-19  -3e-30     1        -9.1e-17  -3.1e-19   9.1e-17   1       
   1         3e-30     3.1e-19  -3e-30     1        -9.1e-17  -3.1e-19   9.1e-17   1       
   1        -2.3e-30   1.8e-19   2.3e-30   1        -9.2e-17  -1.8e-19   9.2e-17   1       
   1        -2.3e-30   1.8e-19   2.3e-30   1        -9.2e-17  -1.8e-19   9.2e-17   1       
   1        -2.3e-30   1.8e-19   2.3e-30   1        -9.2e-17  -1.8e-19   9.2e-17   1       
   1        -2.3e-30   1.8e-19   2.3e-30   1        -9.2e-17  -1.8e-19   9.2e-17   1       
   1         5.2e-30  -2.5e-19  -5.2e-30   1        -9.2e-17   2.5e-19   9.2e-17   1       
   1         5.2e-30  -2.5e-19  -5.2e-30   1        -9.2e-17   2.5e-19   9.2e-17   1       
   1        -5.3e-31  -7.1e-19   5.3e-31   1        -9.1e-17   7.1e-19   9.1e-17   1       
   1        -5.3e-31  -7.1e-19   5.3e-31   1        -9.1e-17   7.1e-19   9.1e-17   1       
   1         1.1e-29  -2.8e-19  -1.1e-29   1        -9.2e-17   2.8e-19   9.2e-17   1       
   1         1.1e-29  -2.8e-19  -1.1e-29   1        -9.2e-17   2.8e-19   9.2e-17   1       
   1        -1.2e-29  -1e-18     1.2e-29   1        -9.2e-17   1e-18     9.2e-17   1       
   1        -1.2e-29  -1e-18     1.2e-29   1        -9.2e-17   1e-18     9.2e-17   1       

SITE_XPOS
   0         0         0       
   1         0         0       
   0         1         0       
   0         0         1       
   1.1e-10  -4.2e-11   0       
   0.11     -1.2       0.69    
   0.11      1.2       0.69    
   9.5e-19   4         0.3     
   9.5e-19   6         0.3     
   2.2e-18   9         0.3     
   1         7         0.3     
   2         4         0.3     
   3         2.7e-15   0.3     
   3         8         0.3     
   3         9         0.3     
   4         2.7e-15   0.3     
   4         2         0.3     
   4         4         0.3     
   4         7         0.3     
   5         4         0.3     
   5         5         0.3     
   6         2.7e-15   0.3     
   6         3         0.3     
   6         4         0.3     
   7         6         0.3     
   7         7         0.3     
   7         9         0.3     
   8         4         0.3     
   8         7         0.3     
   8         8         0.3     
   9         2.3e-15   0.3     
   9         1         0.3     
   9         2         0.3     

SITE_XMAT
   1         0         0         0         1         0         0         0         1       
   1         0         0         0         1         0         0         0         1       
   1         0         0         0         1         0         0         0         1       
   1         0         0         0         1         0         0         0         1       
   1        -6.8e-15   0         6.8e-15   1         0         0         0         1       
  -4.1e-07   1         0.0004   -1         3e-06    -0.0086   -0.0086   -0.0004    1       
   5e-07    -1         0.00026   1         2.7e-06   0.0086   -0.0086    0.00026   1       
   1         2.2e-30   1.6e-19  -2.2e-30   1        -9.2e-17  -1.6e-19   9.2e-17   1       
   1         2.2e-30   1.6e-19  -2.2e-30   1        -9.2e-17  -1.6e-19   9.2e-17   1       
   1         9.3e-30  -7.5e-20  -9.3e-30   1        -9.2e-17   7.5e-20   9.2e-17   1       
   1        -4e-30    -3.7e-19   4e-30     1        -9.2e-17   3.7e-19   9.2e-17   1       
   1        -6.1e-31  -1.8e-19   6.1e-31   1        -9.2e-17   1.8e-19   9.2e-17   1       
   1        -9.2e-30  -5.7e-20   9.2e-30   1        -9.2e-17   5.7e-20   9.2e-17   1       
   1         1.4e-29   2.7e-19  -1.4e-29   1        -9.2e-17  -2.7e-19   9.2e-17   1       
   1         3e-30     3.1e-19  -3e-30     1        -9.1e-17  -3.1e-19   9.1e-17   1       
   1        -9.2e-30  -5.7e-20   9.2e-30   1        -9.2e-17   5.7e-20   9.2e-17   1       
   1        -9.5e-30   2e-19     9.5e-30   1        -9.2e-17  -2e-19     9.2e-17   1       
   1         5.3e-30   3.6e-19  -5.3e-30   1        -9.2e-17  -3.6e-19   9.2e-17   1       
   1         5.3e-30   3.6e-19  -5.3e-30   1        -9.2e-17  -3.6e-19   9.2e-17   1       
   1         5.3e-30   3.6e-19  -5.3e-30   1        -9.2e-17  -3.6e-19   9.2e-17   1       
   1         5.3e-30   3.6e-19  -5.3e-30   1        -9.2e-17  -3.6e-19   9.2e-17   1       
   1        -9.2e-30  -5.7e-20   9.2e-30   1        -9.2e-17   5.7e-20   9.2e-17   1       
   1         5.3e-30   3.6e-19  -5.3e-30   1        -9.2e-17  -3.6e-19   9.2e-17   1       
   1         5.3e-30   3.6e-19  -5.3e-30   1        -9.2e-17  -3.6e-19   9.2e-17   1       
   1         5.3e-30   3.6e-19  -5.3e-30   1        -9.2e-17  -3.6e-19   9.2e-17   1       
   1         5.3e-30   3.6e-19  -5.3e-30   1        -9.2e-17  -3.6e-19   9.2e-17   1       
   1         3e-30     3.1e-19  -3e-30     1        -9.1e-17  -3.1e-19   9.1e-17   1       
   1        -2.3e-30   1.8e-19   2.3e-30   1        -9.2e-17  -1.8e-19   9.2e-17   1       
   1        -2.3e-30   1.8e-19   2.3e-30   1        -9.2e-17  -1.8e-19   9.2e-17   1       
   1         5.2e-30  -2.5e-19  -5.2e-30   1        -9.2e-17   2.5e-19   9.2e-17   1       
   1        -5.3e-31  -7.1e-19   5.3e-31   1        -9.1e-17   7.1e-19   9.1e-17   1       
   1         1.1e-29  -2.8e-19  -1.1e-29   1        -9.2e-17   2.8e-19   9.2e-17   1       
   1        -1.2e-29  -1e-18     1.2e-29   1        -9.2e-17   1e-18     9.2e-17   1       

LIGHT_XPOS
   1         1         1.5     

LIGHT_XDIR
  -0.19     -0.19     -0.96    

SUBTREE_COM
   4.1       3.9       0.25    
   0         0        -0.001   
   0         0        -0.001   
   0.029    -0.0034    0.34    
   0.029    -0.0034    0.34    
   0.042    -0.0052    0.47    
   0.042    -0.0052    0.47    
   0.039    -0.0048    0.48    
   0.082    -0.0023    0.58    
   0.11     -0.00098   0.62    
   0.11      7.6e-05   0.68    
   0.11      7.9e-05   0.69    
   0.11      7.9e-05   0.69    
   0.12      0.0011    0.89    
   0.12      0.0011    0.89    
   0.12      0.0011    0.89    
   0.13      0.0017    0.92    
   0.099     5e-05     0.88    
   0.11     -0.54      0.7     
   0.11     -0.54      0.7     
   0.11     -0.59      0.7     
   0.11     -0.67      0.69    
   0.11     -0.77      0.69    
   0.11     -0.85      0.69    
   0.11     -0.91      0.69    
   0.11     -0.99      0.69    
   0.11     -1         0.69    
   0.11     -1.1       0.69    
   0.11     -1.1       0.69    
   0.11     -1.1       0.69    
   0.16     -1.1       0.69    
   0.17     -1.1       0.69    
   0.16     -1.1       0.69    
   0.05     -1.1       0.69    
   0.048    -1.1       0.69    
   0.054    -1.1       0.69    
   0.14     -1.1       0.69    
   0.075    -1.1       0.69    
   0.11     -1.2       0.84    
   0.11     -1         0.69    
   0.11      0.54      0.7     
   0.11      0.54      0.7     
   0.11      0.59      0.7     
   0.11      0.67      0.69    
   0.11      0.77      0.69    
   0.11      0.85      0.69    
   0.11      0.91      0.69    
   0.1       0.99      0.69    
   0.1       1         0.69    
   0.11      1.1       0.69    
   0.11      1.1       0.69    
   0.11      1.1       0.69    
   0.05      1.1       0.69    
   0.048     1.1       0.69    
   0.054     1.1       0.69    
   0.16      1.1       0.69    
   0.17      1.1       0.69    
   0.16      1.1       0.69    
   0.075     1.1       0.69    
   0.14      1.1       0.69    
   0.11      1.2       0.84    
   0.099     1         0.69    
   9.5e-19   4         0.3     
   9.5e-19   6         0.3     
   2.2e-18   9         0.3     
   1         7         0.3     
   2         4         0.3     
   3         2.7e-15   0.3     
   3         8         0.3     
   3         9         0.3     
   4         2.7e-15   0.3     
   4         2         0.3     
   4         4         0.3     
   4         7         0.3     
   5         4         0.3     
   5         5         0.3     
   6         2.7e-15   0.3     
   6         3         0.3     
   6         4         0.3     
   7         6         0.3     
   7         7         0.3     
   7         9         0.3     
   8         4         0.3     
   8         7         0.3     
   8         8         0.3     
   9         2.3e-15   0.3     
   9         1         0.3     
   9         2         0.3     

CDOF
   0         0         0         1         0         0       
   0         0         0         0         1         0       
   0         0         1         0.0034    0.029    -0       
  -6.7e-15   1        -2.2e-16   0.21      1.4e-15   0.1     
   6.8e-15  -1        -2.2e-16  -0.043    -3.6e-16   0.31    
  -6.8e-15   1         1.1e-16   0.043     2.8e-16   0.077   
   0.00022   7.5e-19   1         0.0034   -0.077    -7.5e-07 
   0.00022   7.5e-19   1         0.0034   -0.069    -7.6e-07 
   5.8e-09   1        -1.3e-12  -0.54      3.1e-09   0.069   
  -4.4e-10  -1         9.7e-14   0.35     -1.5e-10  -0.077   
   0.00027  -2.1e-14   1        -0.2      -0.077     5.4e-05 
   2.7e-06  -1        -7.3e-10   0.35      9.6e-07  -0.077   
   1         2.7e-06  -0.00037   0.0002    0.35      0.55    
  -1.4e-07  -1        -0.0077    0.36      0.00059  -0.077   
  -1        -2.9e-06   0.0004   -0.00036  -0.35     -0.91    
  -0.0004    0.0086   -1         0.91      0.077     0.00031 
   0.0004   -0.0086    1        -1.1      -0.11     -0.00051 
   0.0004   -0.0086    1        -1.1      -0.15     -0.00082 
   0.0004   -0.0086    1        -1.1      -0.047     1.7e-05 
   0.0004   -0.0086    1        -1.1      -0.0096    0.00036 
   0.0004   -0.0086    1        -1.1      -0.09     -0.00035 
   0.0004   -0.0086    1        -1.1      -0.065    -0.00014 
   4.4e-10   1        -9.7e-14  -0.35      1.5e-10   0.077   
   0.00024  -8.6e-15   1         0.21     -0.077    -5e-05   
   2.4e-06   1        -5.9e-10  -0.35      8.6e-07   0.077   
   1        -2.4e-06  -0.00029  -0.00016   0.35     -0.56    
   2.3e-07   1        -0.0077   -0.36      0.00059   0.077   
  -1         2.2e-06   0.00026   0.00024  -0.35      0.92    
  -0.00026  -0.0086   -1        -0.92      0.077    -0.00043 
   0.00026   0.0086    1         1.1      -0.047     0.00013 
   0.00026   0.0086    1         1.1      -0.0096   -0.0002  
   0.00026   0.0086    1         1.1      -0.11      0.00066 
   0.00026   0.0086    1         1.1      -0.15      0.00097 
   0.00026   0.0086    1         1.1      -0.065     0.00028 
   0.00026   0.0086    1         1.1      -0.09      0.0005  
   0         0         0         1         0         0       
   0         0         0         0         1         0       
   0         0         0         0         0         1       
   1        -2.2e-30  -1.6e-19   0        -0         0       
   2.2e-30   1         9.2e-17   0         0         0       
   1.6e-19  -9.2e-17   1        -0         0         0       
   0         0         0         1         0         0       
   0         0         0         0         1         0       
   0         0         0         0         0         1       
   1        -2.2e-30  -1.6e-19   0        -0         0       
   2.2e-30   1         9.2e-17   0         0         0       
   1.6e-19  -9.2e-17   1        -0         0         0       
   0         0         0         1         0         0       
   0         0         0         0         1         0       
   0         0         0         0         0         1       
   1        -9.3e-30   7.5e-20  -0         0         0       
   9.3e-30   1         9.2e-17   0         0         0       
  -7.5e-20  -9.2e-17   1        -0         0         0       
   0         0         0         1         0         0       
   0         0         0         0         1         0       
   0         0         0         0         0         1       
   1         4e-30     3.7e-19   0         0         0       
  -4e-30     1         9.2e-17   0         0        -0       
  -3.7e-19  -9.2e-17   1        -0         0         0       
   0         0         0         1         0         0       
   0         0         0         0         1         0       
   0         0         0         0         0         1       
   1         6.1e-31   1.8e-19   0         0         0       
  -6.1e-31   1         9.2e-17   0         0        -0       
  -1.8e-19  -9.2e-17   1        -0         0         0       
   0         0         0         1         0         0       
   0         0         0         0         1         0       
   0         0         0         0         0         1       
   1         9.2e-30   5.7e-20   2.2e-50   0        -3.9e-31 
  -9.2e-30   1         9.2e-17   3.6e-47   0         3.6e-60 
  -5.7e-20  -9.2e-17   1         3.9e-31   0         2.2e-50 
   0         0         0         1         0         0       
   0         0         0         0         1         0       
   0         0         0         0         0         1       
   1        -1.4e-29  -2.7e-19   0        -0         0       
   1.4e-29   1         9.2e-17   0         0         0       
   2.7e-19  -9.2e-17   1        -0         0         0       
   0         0         0         1         0         0       
   0         0         0         0         1         0       
   0         0         0         0         0         1       
   1        -3e-30    -3.1e-19   0        -0         0       
   3e-30     1         9.1e-17   0         0         0       
   3.1e-19  -9.1e-17   1        -0         0         0       
   0         0         0         1         0         0       
   0         0         0         0         1         0       
   0         0         0         0         0         1       
   1         9.2e-30   5.7e-20   2.2e-50   0        -3.9e-31 
  -9.2e-30   1         9.2e-17   3.6e-47   0         3.6e-60 
  -5.7e-20  -9.2e-17   1         3.9e-31   0         2.2e-50 
   0         0         0         1         0         0       
   0         0         0         0         1         0       
   0         0         0         0         0         1       
   1         9.5e-30  -2e-19     0        -0         0       
  -9.5e-30   1         9.2e-17   0         0        -0       
   2e-19    -9.2e-17   1        -0         0         0       
   0         0         0         1         0         0       
   0         0         0         0         1         0       
   0         0         0         0         0         1       
   1        -5.3e-30  -3.6e-19   0        -0         0       
   5.3e-30   1         9.2e-17   0         0         0       
   3.6e-19  -9.2e-17   1        -0         0         0       
   0         0         0         1         0         0       
   0         0         0         0         1         0       
   0         0         0         0         0         1       
   1        -5.3e-30  -3.6e-19   0        -0         0       
   5.3e-30   1         9.2e-17   0         0         0       
   3.6e-19  -9.2e-17   1        -0         0         0       
   0         0         0         1         0         0       
   0         0         0         0         1         0       
   0         0         0         0         0         1       
   1        -5.3e-30  -3.6e-19   0        -0         0       
   5.3e-30   1         9.2e-17   0         0         0       
   3.6e-19  -9.2e-17   1        -0         0         0       
   0         0         0         1         0         0       
   0         0         0         0         1         0       
   0         0         0         0         0         1       
   1        -5.3e-30  -3.6e-19   0        -0         0       
   5.3e-30   1         9.2e-17   0         0         0       
   3.6e-19  -9.2e-17   1        -0         0         0       
   0         0         0         1         0         0       
   0         0         0         0         1         0       
   0         0         0         0         0         1       
   1         9.2e-30   5.7e-20   2.2e-50   0        -3.9e-31 
  -9.2e-30   1         9.2e-17   3.6e-47   0         3.6e-60 
  -5.7e-20  -9.2e-17   1         3.9e-31   0         2.2e-50 
   0         0         0         1         0         0       
   0         0         0         0         1         0       
   0         0         0         0         0         1       
   1        -5.3e-30  -3.6e-19   0        -0         0       
   5.3e-30   1         9.2e-17   0         0         0       
   3.6e-19  -9.2e-17   1        -0         0         0       
   0         0         0         1         0         0       
   0         0         0         0         1         0       
   0         0         0         0         0         1       
   1        -5.3e-30  -3.6e-19   0        -0         0       
   5.3e-30   1         9.2e-17   0         0         0       
   3.6e-19  -9.2e-17   1        -0         0         0       
   0         0         0         1         0         0       
   0         0         0         0         1         0       
   0         0         0         0         0         1       
   1        -5.3e-30  -3.6e-19   0        -0         0       
   5.3e-30   1         9.2e-17   0         0         0       
   3.6e-19  -9.2e-17   1        -0         0         0       
   0         0         0         1         0         0       
   0         0         0         0         1         0       
   0         0         0         0         0         1       
   1        -5.3e-30  -3.6e-19   0        -0         0       
   5.3e-30   1         9.2e-17   0         0         0       
   3.6e-19  -9.2e-17   1        -0         0         0       
   0         0         0         1         0         0       
   0         0         0         0         1         0       
   0         0         0         0         0         1       
   1        -3e-30    -3.1e-19   0        -0         0       
   3e-30     1         9.1e-17   0         0         0       
   3.1e-19  -9.1e-17   1        -0         0         0       
   0         0         0         1         0         0       
   0         0         0         0         1         0       
   0         0         0         0         0         1       
   1         2.3e-30  -1.8e-19   0        -0         0       
  -2.3e-30   1         9.2e-17   0         0        -0       
   1.8e-19  -9.2e-17   1        -0         0         0       
   0         0         0         1         0         0       
   0         0         0         0         1         0       
   0         0         0         0         0         1       
   1         2.3e-30  -1.8e-19   0        -0         0       
  -2.3e-30   1         9.2e-17   0         0        -0       
   1.8e-19  -9.2e-17   1        -0         0         0       
   0         0         0         1         0         0       
   0         0         0         0         1         0       
   0         0         0         0         0         1       
   1        -5.2e-30   2.5e-19  -0         0         0       
   5.2e-30   1         9.2e-17   0         0         0       
  -2.5e-19  -9.2e-17   1        -0         0         0       
   0         0         0         1         0         0       
   0         0         0         0         1         0       
   0         0         0         0         0         1       
   1         5.3e-31   7.1e-19   2.8e-49   0        -3.9e-31 
  -5.3e-31   1         9.1e-17   3.6e-47   0         2.1e-61 
  -7.1e-19  -9.1e-17   1         3.9e-31   0         2.8e-49 
   0         0         0         1         0         0       
   0         0         0         0         1         0       
   0         0         0         0         0         1       
   1        -1.1e-29   2.8e-19  -0         0         0       
   1.1e-29   1         9.2e-17   0         0         0       
  -2.8e-19  -9.2e-17   1        -0         0         0       
   0         0         0         1         0         0       
   0         0         0         0         1         0       
   0         0         0         0         0         1       
   1         1.2e-29   1e-18     0         0         0       
  -1.2e-29   1         9.2e-17   0         0        -0       
  -1e-18    -9.2e-17   1        -0         0         0       

CINERT
   0         0         0         0         0         0         0         0         0         0       
   1e-12     1e-12     1e-12     0         0         0         0         0         1e-15     1e-12   
   1e-12     1e-12     1e-12     0         0         0         0         0        -1.1e-15   1e+03   
   1.1e-12   1.1e-12   1e-12     1e-16    -1e-14     1.2e-15  -2.9e-14   3.4e-15  -3.4e-13   1e-12   
   2.8       2.8       1.6       0.0025   -0.17      0.023    -0.68      0.093    -6.5       26      
   1e-12     1.1e-12   1e-12    -3.5e-16   2.2e-14   7.2e-16   1e-13     3.4e-15  -2.1e-13   1e-12   
   0.15      0.17      0.032     0.0024    0.056    -0.0061    0.21     -0.023    -0.52      2       
   0.42      1.5       1.2      -0.012     0.21     -0.014    -1.5      -0.11     -1.6       13      
   0.056     0.35      0.37     -0.0049   -0.026    -0.0016   -0.61     -0.038    -0.2       4.7     
   0.03      0.069     0.059     0.001     0.0046   -0.00013   0.47     -0.013    -0.06      6       
   0.018     0.022     0.0046   -0.00014  -0.0044   -0.00019   0.043     0.0018    0.056     0.55    
   1e-12     1e-12     1e-12    -2.6e-16   3.3e-15   1.5e-16   7.7e-14   3.4e-15  -4.3e-14   1e-12   
   1.4       1.4       0.11     -0.0018   -0.15     -0.0067    0.52      0.023     1.9       6.7     
   1.3e-12   1.3e-12   1e-12    -2.4e-16  -3.8e-14  -1.9e-15   6.9e-14   3.4e-15   5.4e-13   1e-12   
   1.3e-12   1.3e-12   1e-12    -2.4e-16  -3.8e-14  -1.9e-15   6.9e-14   3.4e-15   5.4e-13   1e-12   
   0.1       0.11      0.0021   -9.9e-05  -0.014    -0.00071   0.028     0.0014    0.2       0.41    
   0.26      0.26      0.011    -0.00039  -0.044    -0.0022    0.076     0.0038    0.43      0.75    
   1.3e-12   1.3e-12   1e-12    -2.4e-16  -3.8e-14  -1.9e-15   6.9e-14   3.4e-15   5.4e-13   1e-12   
   1.2e-12   1.1e-12   1e-12     1.6e-14  -2.7e-14   7.2e-14   7.7e-14  -2e-13     3.5e-13   1e-12   
   0.13      0.12      0.025     0.0062   -0.025     0.028     0.07     -0.08      0.32      0.9     
   0.25      0.2       0.066     0.022    -0.041     0.1       0.11     -0.28      0.53      1.5     
   0.31      0.18      0.15      0.031    -0.037     0.14      0.1      -0.4       0.48      1.3     
   0.48      0.17      0.34      0.051    -0.036     0.22      0.1      -0.63      0.44      1.2     
   0.41      0.11      0.32      0.043    -0.024     0.17      0.069    -0.49      0.28      0.8     
   0.9       0.16      0.76      0.072    -0.033     0.33      0.094    -0.94      0.43      1.2     
   0.41      0.053     0.36      0.03     -0.011     0.13      0.033    -0.39      0.15      0.43    
   0.61      0.08      0.54      0.048    -0.018     0.2       0.051    -0.57      0.21      0.6     
   2.1e-12   1.1e-12   2e-12     7.7e-14  -2.7e-14   3.5e-13   7.7e-14  -1e-12     3.5e-13   1e-12   
   0.026     0.003     0.023     0.0018   -0.00062   0.0081    0.0018   -0.023     0.0081    0.023   
   0.79      0.085     0.72      0.053    -0.018     0.24      0.051    -0.69      0.23      0.66    
   0.017     0.0019    0.016     0.0018   -0.00058   0.0051    0.0017   -0.015     0.0048    0.014   
   0.054     0.006     0.05      0.0065   -0.0021    0.016     0.0061   -0.046     0.015     0.043   
   0.059     0.0059    0.054     0.0062   -0.0019    0.017     0.0056   -0.048     0.015     0.043   
   0.017     0.0017    0.016     0.00051  -0.00017   0.0051    0.00048  -0.015     0.0048    0.014   
   0.054     0.0052    0.049     0.00054  -0.00018   0.016     0.00051  -0.046     0.015     0.043   
   0.059     0.0052    0.053     0.0012   -0.00036   0.017     0.001    -0.048     0.015     0.043   
   0.039     0.004     0.035     0.0035   -0.0011    0.011     0.0032   -0.032     0.01      0.03    
   0.039     0.0037    0.035     0.0015   -0.00047   0.011     0.0014   -0.032     0.01      0.03    
   2.6e-12   1.3e-12   2.3e-12   9e-14    -3.9e-14   5.8e-13   7.8e-14  -1.2e-12   5e-13     1e-12   
   2.1e-12   1.1e-12   2e-12     8.6e-14  -3e-14     3.5e-13   8.5e-14  -1e-12     3.5e-13   1e-12   
   1.2e-12   1.1e-12   1e-12    -1.6e-14  -2.7e-14  -7.4e-14   7.7e-14   2.1e-13   3.5e-13   1e-12   
   0.13      0.12      0.026    -0.0067   -0.025    -0.03      0.07      0.086     0.32      0.9     
   0.25      0.2       0.07     -0.022    -0.041    -0.1       0.11      0.29      0.53      1.5     
   0.32      0.18      0.15     -0.031    -0.037    -0.15      0.1       0.41      0.48      1.3     
   0.49      0.17      0.34     -0.052    -0.036    -0.23      0.1       0.64      0.44      1.2     
   0.42      0.11      0.32     -0.043    -0.024    -0.18      0.069     0.5       0.28      0.8     
   0.91      0.16      0.77     -0.074    -0.033    -0.33      0.095     0.94      0.43      1.2     
   0.41      0.053     0.37     -0.031    -0.011    -0.13      0.033     0.4       0.15      0.43    
   0.62      0.078     0.55     -0.04     -0.015    -0.2       0.042     0.57      0.21      0.6     
   2.1e-12   1.1e-12   2e-12    -7.8e-14  -2.7e-14  -3.5e-13   7.7e-14   1e-12     3.5e-13   1e-12   
   0.026     0.003     0.023    -0.0018   -0.00062  -0.0081    0.0018    0.023     0.0081    0.023   
   0.8       0.085     0.73     -0.054    -0.018    -0.24      0.051     0.69      0.23      0.66    
   0.017     0.0017    0.016    -0.00051  -0.00017  -0.0052    0.00048   0.015     0.0048    0.014   
   0.055     0.0052    0.05     -0.00055  -0.00018  -0.016     0.00051   0.046     0.015     0.043   
   0.059     0.0052    0.054    -0.0012   -0.00036  -0.017     0.001     0.048     0.015     0.043   
   0.017     0.0019    0.016    -0.0018   -0.00058  -0.0052    0.0017    0.015     0.0048    0.014   
   0.055     0.0061    0.051    -0.0066   -0.0021   -0.016     0.0061    0.046     0.015     0.043   
   0.059     0.0059    0.055    -0.0063   -0.0019   -0.017     0.0056    0.048     0.015     0.043   
   0.039     0.0037    0.036    -0.0015   -0.00048  -0.011     0.0014    0.032     0.01      0.03    
   0.039     0.004     0.036    -0.0036   -0.0011   -0.011     0.0033    0.032     0.01      0.03    
   2.6e-12   1.3e-12   2.4e-12  -9e-14    -3.9e-14  -5.8e-13   7.8e-14   1.2e-12   5e-13     1e-12   
   2.1e-12   1.1e-12   2e-12    -7e-14    -2.4e-14  -3.5e-13   6.9e-14   1e-12     3.5e-13   1e-12   
   13        13        13        3.5e-45   0         0         0         0         0         2.2e+02 
   13        13        13        3.5e-45   0         0         0         0         0         2.2e+02 
   13        13        13        3.2e-44   0         0         0         0         0         2.2e+02 
   13        13        13        7.1e-45   0         0         0         0         0         2.2e+02 
   13        13        13        1.4e-45   0         0         0         0         0         2.2e+02 
   13        13        13       -1.8e-46   0         0         0         8.5e-29   0         2.2e+02 
   13        13        13       -1.6e-44   0         0         0         0         0         2.2e+02 
   13        13        13       -1.5e-45   0         0         0         0         0         2.2e+02 
   13        13        13       -1.8e-46   0         0         0         8.5e-29   0         2.2e+02 
   13        13        13       -5.9e-45   0         0         0         0         0         2.2e+02 
   13        13        13        1.8e-44   0         0         0         0         0         2.2e+02 
   13        13        13        1.8e-44   0         0         0         0         0         2.2e+02 
   13        13        13        1.8e-44   0         0         0         0         0         2.2e+02 
   13        13        13        1.8e-44   0         0         0         0         0         2.2e+02 
   13        13        13       -1.8e-46   0         0         0         8.5e-29   0         2.2e+02 
   13        13        13        1.8e-44   0         0         0         0         0         2.2e+02 
   13        13        13        1.8e-44   0         0         0         0         0         2.2e+02 
   13        13        13        1.8e-44   0         0         0         0         0         2.2e+02 
   13        13        13        1.8e-44   0         0         0         0         0         2.2e+02 
   13        13        13       -1.5e-45   0         0         0         0         0         2.2e+02 
   13        13        13       -7.1e-45   0         0         0         0         0         2.2e+02 
   13        13        13       -7.1e-45   0         0         0         0         0         2.2e+02 
   13        13        13       -5.2e-45   0         0         0         0         0         2.2e+02 
   13        13        13       -5.2e-46   0         0         0         8.5e-29   0         2.2e+02 
   13        13        13       -2.7e-46   0         0         0         0         0         2.2e+02 
   13        13        13       -9.4e-45   0         0         0         0         0         2.2e+02 

ACTUATOR_LENGTH
  -0.00051 
  -0.00069 
   3.7e-05 
  -4.4e-10 
  -5.3e-09 
   0.00047 
  -4.8e-05 
   2.7e-06 
  -0.0001  
   0.0077  
  -2.8e-05 
  -0.00098 
  -1.2e-07 
   2e-05   
  -2.4e-06 
   4.6e-05 
  -0.0077  
  -2.8e-05 
   0.00098 
   5.2e-07 
   6.4e-06 
   6.4e-06 
   1.1e-10 
  -4.2e-11 
   6.8e-15 

actuator_moment
-------------------------------------------------------------------------------------------------------------------------------------------------------------------------------------------------
    x                                                                                                                                                                                            |
     x                                                                                                                                                                                           |
      x                                                                                                                                                                                          |
       x                                                                                                                                                                                         |
        x                                                                                                                                                                                        |
         x                                                                                                                                                                                       |
          x                                                                                                                                                                                      |
           x                                                                                                                                                                                     |
            x                                                                                                                                                                                    |
             x                                                                                                                                                                                   |
              x                                                                                                                                                                                  |
               x                                                                                                                                                                                 |
                x                                                                                                                                                                                |
                       x                                                                                                                                                                         |
                        x                                                                                                                                                                        |
                         x                                                                                                                                                                       |
                          x                                                                                                                                                                      |
                           x                                                                                                                                                                     |
                            x                                                                                                                                                                    |
                             x                                                                                                                                                                   |
                   x                                                                                                                                                                             |
                                x                                                                                                                                                                |
 x                                                                                                                                                                                               |
  x                                                                                                                                                                                              |
   x                                                                                                                                                                                             |
-------------------------------------------------------------------------------------------------------------------------------------------------------------------------------------------------

ACTUATOR_MOMENT
     3:  1       
     4:  1       
     5:  1       
     6:  1       
     7:  1       
     8:  1       
     9:  1       
    10:  1       
    11:  1       
    12:  1       
    13:  1       
    14:  1       
    15:  1       
    22:  1       
    23:  1       
    24:  1       
    25:  1       
    26:  1       
    27:  1       
    28:  1       
    18:  1       
    31:  1       
     0:  1       
     1:  1       
     2:  1       

CRB
   0         0         0         0         0         0         0         0         0         0       
   2e-12     2e-12     2e-12     0         0         0         0         0        -8.4e-17   1e+03   
   1e-12     1e-12     1e-12     0         0         0         0         0        -1.1e-15   1e+03   
   15        9.1       11       -0.01     -0.64     -0.029    -2.9e-17   1.3e-15  -1.3e-15   78      
   15        9.1       11       -0.01     -0.64     -0.029     2.9e-14  -2.1e-15   3.4e-13   78      
   12        6.3       9        -0.012    -0.47     -0.053     0.68     -0.093     6.5       52      
   12        6.3       9        -0.012    -0.47     -0.053     0.68     -0.093     6.5       52      
   12        6.1       9        -0.015    -0.52     -0.047     0.47     -0.07      7         50      
   11        4.6       7.8      -0.0028   -0.73     -0.033     1.9       0.04      8.7       37      
   11        4.3       7.4       0.0021   -0.7      -0.032     2.5       0.078     8.9       32      
   11        4.2       7.4       0.0011   -0.71     -0.031     2.1       0.091     8.9       26      
   11        4.2       7.4       0.0012   -0.7      -0.031     2         0.089     8.9       26      
   11        4.2       7.4       0.0012   -0.7      -0.031     2         0.089     8.9       26      
   0.36      0.37      0.014    -0.00048  -0.058    -0.0029    0.1       0.0052    0.64      1.2     
   0.36      0.37      0.014    -0.00048  -0.058    -0.0029    0.1       0.0052    0.64      1.2     
   0.36      0.37      0.014    -0.00048  -0.058    -0.0029    0.1       0.0052    0.64      1.2     
   0.26      0.26      0.011    -0.00039  -0.044    -0.0022    0.076     0.0038    0.43      0.75    
   1.3e-12   1.3e-12   1e-12    -2.4e-16  -3.8e-14  -1.9e-15   6.9e-14   3.4e-15   5.4e-13   1e-12   
   4.7       1.2       3.6       0.38     -0.25      1.7       0.71     -4.8       3.2       9       
   4.7       1.2       3.6       0.38     -0.25      1.7       0.71     -4.8       3.2       9       
   4.5       1.1       3.6       0.37     -0.23      1.6       0.64     -4.7       2.9       8.1     
   4.3       0.87      3.5       0.35     -0.18      1.5       0.52     -4.4       2.3       6.6     
   4         0.69      3.4       0.32     -0.15      1.4       0.42     -4         1.8       5.2     
   3.5       0.52      3         0.27     -0.11      1.2       0.32     -3.4       1.4       4       
   3.1       0.41      2.7       0.23     -0.088     1         0.25     -2.9       1.1       3.2     
   2.2       0.25      2         0.16     -0.055     0.68      0.16     -2         0.69      2       
   1.8       0.2       1.6       0.13     -0.044     0.55      0.12     -1.6       0.54      1.5     
   1.2       0.12      1         0.077    -0.026     0.35      0.073    -0.99      0.33      0.94    
   1.2       0.12      1         0.077    -0.026     0.35      0.073    -0.99      0.33      0.94    
   1.1       0.12      1         0.075    -0.025     0.34      0.071    -0.97      0.32      0.92    
   0.13      0.014     0.12      0.015    -0.0046    0.038     0.013    -0.11      0.035     0.099   
   0.11      0.012     0.1       0.013    -0.0041    0.033     0.012    -0.093     0.03      0.085   
   0.059     0.0059    0.054     0.0062   -0.0019    0.017     0.0056   -0.048     0.015     0.043   
   0.13      0.012     0.12      0.0022   -0.00071   0.038     0.002    -0.11      0.035     0.099   
   0.11      0.01      0.1       0.0017   -0.00054   0.033     0.0015   -0.093     0.03      0.085   
   0.059     0.0052    0.053     0.0012   -0.00036   0.017     0.001    -0.048     0.015     0.043   
   0.039     0.004     0.035     0.0035   -0.0011    0.011     0.0032   -0.032     0.01      0.03    
   0.039     0.0037    0.035     0.0015   -0.00047   0.011     0.0014   -0.032     0.01      0.03    
   2.6e-12   1.3e-12   2.3e-12   9e-14    -3.9e-14   5.8e-13   7.8e-14  -1.2e-12   5e-13     1e-12   
   2.1e-12   1.1e-12   2e-12     8.6e-14  -3e-14     3.5e-13   8.5e-14  -1e-12     3.5e-13   1e-12   
   4.7       1.2       3.7      -0.38     -0.25     -1.7       0.7       4.8       3.2       9       
   4.7       1.2       3.7      -0.38     -0.25     -1.7       0.7       4.8       3.2       9       
   4.6       1.1       3.6      -0.37     -0.22     -1.7       0.63      4.7       2.9       8.1     
   4.3       0.87      3.6      -0.35     -0.18     -1.6       0.52      4.5       2.3       6.6     
   4         0.68      3.4      -0.32     -0.14     -1.4       0.41      4         1.8       5.2     
   3.5       0.52      3.1      -0.26     -0.11     -1.2       0.31      3.4       1.4       4       
   3.1       0.41      2.7      -0.22     -0.085    -1         0.24      2.9       1.1       3.2     
   2.2       0.25      2        -0.15     -0.052    -0.68      0.15      2         0.69      2       
   1.8       0.2       1.6      -0.12     -0.04     -0.55      0.11      1.6       0.54      1.5     
   1.2       0.12      1.1      -0.077    -0.026    -0.35      0.073     1         0.33      0.94    
   1.2       0.12      1.1      -0.077    -0.026    -0.35      0.073     1         0.33      0.94    
   1.1       0.12      1        -0.075    -0.025    -0.34      0.071     0.97      0.32      0.92    
   0.13      0.012     0.12     -0.0022   -0.00071  -0.038     0.002     0.11      0.035     0.099   
   0.11      0.01      0.1      -0.0017   -0.00054  -0.033     0.0015    0.094     0.03      0.085   
   0.059     0.0052    0.054    -0.0012   -0.00036  -0.017     0.001     0.048     0.015     0.043   
   0.13      0.014     0.12     -0.015    -0.0047   -0.038     0.013     0.11      0.035     0.099   
   0.11      0.012     0.11     -0.013    -0.0041   -0.033     0.012     0.094     0.03      0.085   
   0.059     0.0059    0.055    -0.0063   -0.0019   -0.017     0.0056    0.048     0.015     0.043   
   0.039     0.0037    0.036    -0.0015   -0.00048  -0.011     0.0014    0.032     0.01      0.03    
   0.039     0.004     0.036    -0.0036   -0.0011   -0.011     0.0033    0.032     0.01      0.03    
   2.6e-12   1.3e-12   2.4e-12  -9e-14    -3.9e-14  -5.8e-13   7.8e-14   1.2e-12   5e-13     1e-12   
   2.1e-12   1.1e-12   2e-12    -7e-14    -2.4e-14  -3.5e-13   6.9e-14   1e-12     3.5e-13   1e-12   
   13        13        13        3.5e-45   0         0         0         0         0         2.2e+02 
   13        13        13        3.5e-45   0         0         0         0         0         2.2e+02 
   13        13        13        3.2e-44   0         0         0         0         0         2.2e+02 
   13        13        13        7.1e-45   0         0         0         0         0         2.2e+02 
   13        13        13        1.4e-45   0         0         0         0         0         2.2e+02 
   13        13        13       -1.8e-46   0         0         0         8.5e-29   0         2.2e+02 
   13        13        13       -1.6e-44   0         0         0         0         0         2.2e+02 
   13        13        13       -1.5e-45   0         0         0         0         0         2.2e+02 
   13        13        13       -1.8e-46   0         0         0         8.5e-29   0         2.2e+02 
   13        13        13       -5.9e-45   0         0         0         0         0         2.2e+02 
   13        13        13        1.8e-44   0         0         0         0         0         2.2e+02 
   13        13        13        1.8e-44   0         0         0         0         0         2.2e+02 
   13        13        13        1.8e-44   0         0         0         0         0         2.2e+02 
   13        13        13        1.8e-44   0         0         0         0         0         2.2e+02 
   13        13        13       -1.8e-46   0         0         0         8.5e-29   0         2.2e+02 
   13        13        13        1.8e-44   0         0         0         0         0         2.2e+02 
   13        13        13        1.8e-44   0         0         0         0         0         2.2e+02 
   13        13        13        1.8e-44   0         0         0         0         0         2.2e+02 
   13        13        13        1.8e-44   0         0         0         0         0         2.2e+02 
   13        13        13       -1.5e-45   0         0         0         0         0         2.2e+02 
   13        13        13       -7.1e-45   0         0         0         0         0         2.2e+02 
   13        13        13       -7.1e-45   0         0         0         0         0         2.2e+02 
   13        13        13       -5.2e-45   0         0         0         0         0         2.2e+02 
   13        13        13       -5.2e-46   0         0         0         8.5e-29   0         2.2e+02 
   13        13        13       -2.7e-46   0         0         0         0         0         2.2e+02 
   13        13        13       -9.4e-45   0         0         0         0         0         2.2e+02 

QM
   78      
   0         78      
   0.27      2.3       11      
   18        1.2e-13   0.028     12      
  -10       -7.2e-14   0.00017  -6.3       10      
   10        6.9e-14  -0.00017   6.6      -4.9       4.9     
  -0.002     0.036     7.2      -0.0016    0.0013   -0.0013    7.2     
  -0.0012    0.024     0.007    -0.00097   0.00076  -0.00076   0.0044    0.0056  
   0.028    -1.6e-10  -4.7e-05   0.028    -0.033     0.023    -4.7e-05  -4.6e-05   0.0082  
  -0.0049    2.2e-12   0.0091   -0.015     0.02     -0.015     0.009                         0.014   
   3.1       0.015     2.6       1.7      -1.2       1.2       2.6                           0.0099    2       
   0.016     4.2e-08   0.014     0.0011    0.008    -0.0019    0.014                         0.0081    0.011     0.0091  
  -0.00043   0.015     0.0012   -0.03     -0.46      0.0022   -0.00016                      -0.0022   -7.7e-05  -0.0022    0.48    
   0.0063   -3.3e-05   0.0054   -0.0016    0.0044   -0.0027    0.0054                        0.0052    0.0041    0.0052   -0.0018    0.0062  
   6e-05    -0.005    -0.00047   0.0039    0.058    -0.00015   2.9e-05                       0.00016   1.8e-05   0.00016  -0.076     0.00016   0.024   
  -0.15     -0.0048   -0.16     -0.084     0.058    -0.059    -0.16                         -0.00059  -0.13     -0.00059   1.8e-06  -4.1e-06  -2.2e-06   0.023   
   0.0032    0.0026    0.004     0.0018   -0.0012    0.0012    0.0037                        1.8e-05   0.0031    1.8e-05   1.1e-06   3.3e-06  -1.9e-06  -0.00081   0.0013  
   0.0007   -0.00062   0.0007    0.00039  -0.00028   0.00028   0.00077                       3.6e-06   0.00062   3.6e-06  -2.7e-07   6.8e-07   5e-07    -0.00012   4e-05     0.001   
   0.0032   -0.0026    0.0034    0.0018   -0.0013    0.0012    0.0037                        1.6e-05   0.0031    1.6e-05   1e-06     6.7e-07  -7.4e-08  -0.00081                       0.0053  
   0.0007    0.00062   0.00084   0.00039  -0.00027   0.00028   0.00077                       3e-06     0.00062   3e-06    -2.4e-07   8.6e-08   3.1e-08  -0.00012                       4e-05     0.001   
   0.00067   0.00056   0.00081   0.00037  -0.00026   0.00026   0.00075                       3e-06     0.00062   3e-06    -2.7e-07   4e-08     8.5e-08  -0.00014                                           0.001   
   0.00066  -0.00057   0.00069   0.00037  -0.00026   0.00026   0.00075                       3e-06     0.00061   3e-06     2.4e-07   1.1e-07  -2.9e-08  -0.00014                                                     0.001   
   0.0054   -2.4e-12   0.0088    0.016    -0.017     0.015     0.0088                                                                                                                                                          0.014   
  -3.1       0.006     2.6      -1.7       1.2      -1.2       2.6                                                                                                                                                             0.0098    2       
  -0.015     3.7e-08   0.014    -0.00061  -0.0049    0.0021    0.014                                                                                                                                                           0.0081    0.011     0.0091  
   0.00034   0.015     0.0013    0.033     0.46      0.0013   -8.1e-05                                                                                                                                                         0.0013   -4.8e-05   0.0013    0.48    
  -0.0063    3.3e-05   0.0054    0.0018   -0.0011    0.0028    0.0054                                                                                                                                                          0.0052    0.0041    0.0052    0.0018    0.0062  
  -3.9e-05  -0.005    -0.00049  -0.0042   -0.058    -0.00016   5.1e-06                                                                                                                                                        -0.00016   1.4e-06  -0.00016  -0.076    -0.00016   0.024   
   0.15      0.0048   -0.16      0.084    -0.059     0.059    -0.16                                                                                                                                                           -0.00059  -0.13     -0.00059  -1.8e-06  -4.2e-06   2.2e-06   0.023   
  -0.0032   -0.0026    0.0034   -0.0018    0.0013   -0.0012    0.0037                                                                                                                                                          1.8e-05   0.0031    1.8e-05  -1.1e-06   3.3e-06   1.9e-06  -0.00081   0.0013  
  -0.0007    0.00062   0.00084  -0.00039   0.00027  -0.00028   0.00077                                                                                                                                                         3.6e-06   0.00062   3.6e-06   2.7e-07   6.8e-07  -5e-07    -0.00012   4e-05     0.001   
  -0.0032    0.0026    0.004    -0.0018    0.0012   -0.0012    0.0037                                                                                                                                                          1.6e-05   0.0031    1.6e-05  -1e-06     6.7e-07   7.4e-08  -0.00081                       0.0053  
  -0.0007   -0.00062   0.0007   -0.00039   0.00028  -0.00028   0.00077                                                                                                                                                         3e-06     0.00062   3e-06     2.4e-07   8.6e-08  -3.1e-08  -0.00012                       4e-05     0.001   
  -0.00067  -0.00056   0.00069  -0.00037   0.00026  -0.00026   0.00075                                                                                                                                                         3e-06     0.00062   3e-06     2.7e-07   4e-08    -8.5e-08  -0.00014                                           0.001   
  -0.00066   0.00057   0.00081  -0.00037   0.00026  -0.00026   0.00075                                                                                                                                                         3e-06     0.00061   3e-06    -2.4e-07   1.1e-07   2.9e-08  -0.00014                                                     0.001   
                                                                                                                                                                                                                                                                                                                                                                 2.2e+02 
                                                                                                                                                                                                                                                                                                                                                                 0         2.2e+02 
                                                                                                                                                                                                                                                                                                                                                                 0         0         2.2e+02 
                                                                                                                                                                                                                                                                                                                                                                 0         0         0         13      
                                                                                                                                                                                                                                                                                                                                                                 0         0         0         0         13      
                                                                                                                                                                                                                                                                                                                                                                 0         0         0         0         0         13      
                                                                                                                                                                                                                                                                                                                                                                                                                             2.2e+02 
                                                                                                                                                                                                                                                                                                                                                                                                                             0         2.2e+02 
                                                                                                                                                                                                                                                                                                                                                                                                                             0         0         2.2e+02 
                                                                                                                                                                                                                                                                                                                                                                                                                             0         0         0         13      
                                                                                                                                                                                                                                                                                                                                                                                                                             0         0         0         0         13      
                                                                                                                                                                                                                                                                                                                                                                                                                             0         0         0         0         0         13      
                                                                                                                                                                                                                                                                                                                                                                                                                                                                                         2.2e+02 
                                                                                                                                                                                                                                                                                                                                                                                                                                                                                         0         2.2e+02 
                                                                                                                                                                                                                                                                                                                                                                                                                                                                                         0         0         2.2e+02 
                                                                                                                                                                                                                                                                                                                                                                                                                                                                                         0         0         0         13      
                                                                                                                                                                                                                                                                                                                                                                                                                                                                                         0         0         0         0         13      
                                                                                                                                                                                                                                                                                                                                                                                                                                                                                         0         0         0         0         0         13      
                                                                                                                                                                                                                                                                                                                                                                                                                                                                                                                                                     2.2e+02 
                                                                                                                                                                                                                                                                                                                                                                                                                                                                                                                                                     0         2.2e+02 
                                                                                                                                                                                                                                                                                                                                                                                                                                                                                                                                                     0         0         2.2e+02 
                                                                                                                                                                                                                                                                                                                                                                                                                                                                                                                                                     0         0         0         13      
                                                                                                                                                                                                                                                                                                                                                                                                                                                                                                                                                     0         0         0         0         13      
                                                                                                                                                                                                                                                                                                                                                                                                                                                                                                                                                     0         0         0         0         0         13      
                                                                                                                                                                                                                                                                                                                                                                                                                                                                                                                                                                                                                 2.2e+02 
                                                                                                                                                                                                                                                                                                                                                                                                                                                                                                                                                                                                                 0         2.2e+02 
                                                                                                                                                                                                                                                                                                                                                                                                                                                                                                                                                                                                                 0         0         2.2e+02 
                                                                                                                                                                                                                                                                                                                                                                                                                                                                                                                                                                                                                 0         0         0         13      
                                                                                                                                                                                                                                                                                                                                                                                                                                                                                                                                                                                                                 0         0         0         0         13      
                                                                                                                                                                                                                                                                                                                                                                                                                                                                                                                                                                                                                 0         0         0         0         0         13      
                                                                                                                                                                                                                                                                                                                                                                                                                                                                                                                                                                                                                                                                             2.2e+02 
                                                                                                                                                                                                                                                                                                                                                                                                                                                                                                                                                                                                                                                                             0         2.2e+02 
                                                                                                                                                                                                                                                                                                                                                                                                                                                                                                                                                                                                                                                                             0         0         2.2e+02 
                                                                                                                                                                                                                                                                                                                                                                                                                                                                                                                                                                                                                                                                             0         0         0         13      
                                                                                                                                                                                                                                                                                                                                                                                                                                                                                                                                                                                                                                                                             0         0         0         0         13      
                                                                                                                                                                                                                                                                                                                                                                                                                                                                                                                                                                                                                                                                             0         0         0         0         0         13      
                                                                                                                                                                                                                                                                                                                                                                                                                                                                                                                                                                                                                                                                                                                                         2.2e+02 
                                                                                                                                                                                                                                                                                                                                                                                                                                                                                                                                                                                                                                                                                                                                         0         2.2e+02 
                                                                                                                                                                                                                                                                                                                                                                                                                                                                                                                                                                                                                                                                                                                                         0         0         2.2e+02 
                                                                                                                                                                                                                                                                                                                                                                                                                                                                                                                                                                                                                                                                                                                                         0         0         0         13      
                                                                                                                                                                                                                                                                                                                                                                                                                                                                                                                                                                                                                                                                                                                                         0         0         0         0         13      
                                                                                                                                                                                                                                                                                                                                                                                                                                                                                                                                                                                                                                                                                                                                         0         0         0         0         0         13      
                                                                                                                                                                                                                                                                                                                                                                                                                                                                                                                                                                                                                                                                                                                                                                                                     2.2e+02 
                                                                                                                                                                                                                                                                                                                                                                                                                                                                                                                                                                                                                                                                                                                                                                                                     0         2.2e+02 
                                                                                                                                                                                                                                                                                                                                                                                                                                                                                                                                                                                                                                                                                                                                                                                                     0         0         2.2e+02 
                                                                                                                                                                                                                                                                                                                                                                                                                                                                                                                                                                                                                                                                                                                                                                                                     0         0         0         13      
                                                                                                                                                                                                                                                                                                                                                                                                                                                                                                                                                                                                                                                                                                                                                                                                     0         0         0         0         13      
                                                                                                                                                                                                                                                                                                                                                                                                                                                                                                                                                                                                                                                                                                                                                                                                     0         0         0         0         0         13      
                                                                                                                                                                                                                                                                                                                                                                                                                                                                                                                                                                                                                                                                                                                                                                                                                                                                 2.2e+02 
                                                                                                                                                                                                                                                                                                                                                                                                                                                                                                                                                                                                                                                                                                                                                                                                                                                                 0         2.2e+02 
                                                                                                                                                                                                                                                                                                                                                                                                                                                                                                                                                                                                                                                                                                                                                                                                                                                                 0         0         2.2e+02 
                                                                                                                                                                                                                                                                                                                                                                                                                                                                                                                                                                                                                                                                                                                                                                                                                                                                 0         0         0         13      
                                                                                                                                                                                                                                                                                                                                                                                                                                                                                                                                                                                                                                                                                                                                                                                                                                                                 0         0         0         0         13      
                                                                                                                                                                                                                                                                                                                                                                                                                                                                                                                                                                                                                                                                                                                                                                                                                                                                 0         0         0         0         0         13      
                                                                                                                                                                                                                                                                                                                                                                                                                                                                                                                                                                                                                                                                                                                                                                                                                                                                                                                             2.2e+02 
                                                                                                                                                                                                                                                                                                                                                                                                                                                                                                                                                                                                                                                                                                                                                                                                                                                                                                                             0         2.2e+02 
                                                                                                                                                                                                                                                                                                                                                                                                                                                                                                                                                                                                                                                                                                                                                                                                                                                                                                                             0         0         2.2e+02 
                                                                                                                                                                                                                                                                                                                                                                                                                                                                                                                                                                                                                                                                                                                                                                                                                                                                                                                             0         0         0         13      
                                                                                                                                                                                                                                                                                                                                                                                                                                                                                                                                                                                                                                                                                                                                                                                                                                                                                                                             0         0         0         0         13      
                                                                                                                                                                                                                                                                                                                                                                                                                                                                                                                                                                                                                                                                                                                                                                                                                                                                                                                             0         0         0         0         0         13      
                                                                                                                                                                                                                                                                                                                                                                                                                                                                                                                                                                                                                                                                                                                                                                                                                                                                                                                                                                                         2.2e+02 
                                                                                                                                                                                                                                                                                                                                                                                                                                                                                                                                                                                                                                                                                                                                                                                                                                                                                                                                                                                         0         2.2e+02 
                                                                                                                                                                                                                                                                                                                                                                                                                                                                                                                                                                                                                                                                                                                                                                                                                                                                                                                                                                                         0         0         2.2e+02 
                                                                                                                                                                                                                                                                                                                                                                                                                                                                                                                                                                                                                                                                                                                                                                                                                                                                                                                                                                                         0         0         0         13      
                                                                                                                                                                                                                                                                                                                                                                                                                                                                                                                                                                                                                                                                                                                                                                                                                                                                                                                                                                                         0         0         0         0         13      
                                                                                                                                                                                                                                                                                                                                                                                                                                                                                                                                                                                                                                                                                                                                                                                                                                                                                                                                                                                         0         0         0         0         0         13      
                                                                                                                                                                                                                                                                                                                                                                                                                                                                                                                                                                                                                                                                                                                                                                                                                                                                                                                                                                                                                                                     2.2e+02 
                                                                                                                                                                                                                                                                                                                                                                                                                                                                                                                                                                                                                                                                                                                                                                                                                                                                                                                                                                                                                                                     0         2.2e+02 
                                                                                                                                                                                                                                                                                                                                                                                                                                                                                                                                                                                                                                                                                                                                                                                                                                                                                                                                                                                                                                                     0         0         2.2e+02 
                                                                                                                                                                                                                                                                                                                                                                                                                                                                                                                                                                                                                                                                                                                                                                                                                                                                                                                                                                                                                                                     0         0         0         13      
                                                                                                                                                                                                                                                                                                                                                                                                                                                                                                                                                                                                                                                                                                                                                                                                                                                                                                                                                                                                                                                     0         0         0         0         13      
                                                                                                                                                                                                                                                                                                                                                                                                                                                                                                                                                                                                                                                                                                                                                                                                                                                                                                                                                                                                                                                     0         0         0         0         0         13      
                                                                                                                                                                                                                                                                                                                                                                                                                                                                                                                                                                                                                                                                                                                                                                                                                                                                                                                                                                                                                                                                                                                 2.2e+02 
                                                                                                                                                                                                                                                                                                                                                                                                                                                                                                                                                                                                                                                                                                                                                                                                                                                                                                                                                                                                                                                                                                                 0         2.2e+02 
                                                                                                                                                                                                                                                                                                                                                                                                                                                                                                                                                                                                                                                                                                                                                                                                                                                                                                                                                                                                                                                                                                                 0         0         2.2e+02 
                                                                                                                                                                                                                                                                                                                                                                                                                                                                                                                                                                                                                                                                                                                                                                                                                                                                                                                                                                                                                                                                                                                 0         0         0         13      
                                                                                                                                                                                                                                                                                                                                                                                                                                                                                                                                                                                                                                                                                                                                                                                                                                                                                                                                                                                                                                                                                                                 0         0         0         0         13      
                                                                                                                                                                                                                                                                                                                                                                                                                                                                                                                                                                                                                                                                                                                                                                                                                                                                                                                                                                                                                                                                                                                 0         0         0         0         0         13      
                                                                                                                                                                                                                                                                                                                                                                                                                                                                                                                                                                                                                                                                                                                                                                                                                                                                                                                                                                                                                                                                                                                                                                             2.2e+02 
                                                                                                                                                                                                                                                                                                                                                                                                                                                                                                                                                                                                                                                                                                                                                                                                                                                                                                                                                                                                                                                                                                                                                                             0         2.2e+02 
                                                                                                                                                                                                                                                                                                                                                                                                                                                                                                                                                                                                                                                                                                                                                                                                                                                                                                                                                                                                                                                                                                                                                                             0         0         2.2e+02 
                                                                                                                                                                                                                                                                                                                                                                                                                                                                                                                                                                                                                                                                                                                                                                                                                                                                                                                                                                                                                                                                                                                                                                             0         0         0         13      
                                                                                                                                                                                                                                                                                                                                                                                                                                                                                                                                                                                                                                                                                                                                                                                                                                                                                                                                                                                                                                                                                                                                                                             0         0         0         0         13      
                                                                                                                                                                                                                                                                                                                                                                                                                                                                                                                                                                                                                                                                                                                                                                                                                                                                                                                                                                                                                                                                                                                                                                             0         0         0         0         0         13      
                                                                                                                                                                                                                                                                                                                                                                                                                                                                                                                                                                                                                                                                                                                                                                                                                                                                                                                                                                                                                                                                                                                                                                                                                                         2.2e+02 
                                                                                                                                                                                                                                                                                                                                                                                                                                                                                                                                                                                                                                                                                                                                                                                                                                                                                                                                                                                                                                                                                                                                                                                                                                         0         2.2e+02 
                                                                                                                                                                                                                                                                                                                                                                                                                                                                                                                                                                                                                                                                                                                                                                                                                                                                                                                                                                                                                                                                                                                                                                                                                                         0         0         2.2e+02 
                                                                                                                                                                                                                                                                                                                                                                                                                                                                                                                                                                                                                                                                                                                                                                                                                                                                                                                                                                                                                                                                                                                                                                                                                                         0         0         0         13      
                                                                                                                                                                                                                                                                                                                                                                                                                                                                                                                                                                                                                                                                                                                                                                                                                                                                                                                                                                                                                                                                                                                                                                                                                                         0         0         0         0         13      
                                                                                                                                                                                                                                                                                                                                                                                                                                                                                                                                                                                                                                                                                                                                                                                                                                                                                                                                                                                                                                                                                                                                                                                                                                         0         0         0         0         0         13      
                                                                                                                                                                                                                                                                                                                                                                                                                                                                                                                                                                                                                                                                                                                                                                                                                                                                                                                                                                                                                                                                                                                                                                                                                                                                                                     2.2e+02 
                                                                                                                                                                                                                                                                                                                                                                                                                                                                                                                                                                                                                                                                                                                                                                                                                                                                                                                                                                                                                                                                                                                                                                                                                                                                                                     0         2.2e+02 
                                                                                                                                                                                                                                                                                                                                                                                                                                                                                                                                                                                                                                                                                                                                                                                                                                                                                                                                                                                                                                                                                                                                                                                                                                                                                                     0         0         2.2e+02 
                                                                                                                                                                                                                                                                                                                                                                                                                                                                                                                                                                                                                                                                                                                                                                                                                                                                                                                                                                                                                                                                                                                                                                                                                                                                                                     0         0         0         13      
                                                                                                                                                                                                                                                                                                                                                                                                                                                                                                                                                                                                                                                                                                                                                                                                                                                                                                                                                                                                                                                                                                                                                                                                                                                                                                     0         0         0         0         13      
                                                                                                                                                                                                                                                                                                                                                                                                                                                                                                                                                                                                                                                                                                                                                                                                                                                                                                                                                                                                                                                                                                                                                                                                                                                                                                     0         0         0         0         0         13      
                                                                                                                                                                                                                                                                                                                                                                                                                                                                                                                                                                                                                                                                                                                                                                                                                                                                                                                                                                                                                                                                                                                                                                                                                                                                                                                                                                 2.2e+02 
                                                                                                                                                                                                                                                                                                                                                                                                                                                                                                                                                                                                                                                                                                                                                                                                                                                                                                                                                                                                                                                                                                                                                                                                                                                                                                                                                                 0         2.2e+02 
                                                                                                                                                                                                                                                                                                                                                                                                                                                                                                                                                                                                                                                                                                                                                                                                                                                                                                                                                                                                                                                                                                                                                                                                                                                                                                                                                                 0         0         2.2e+02 
                                                                                                                                                                                                                                                                                                                                                                                                                                                                                                                                                                                                                                                                                                                                                                                                                                                                                                                                                                                                                                                                                                                                                                                                                                                                                                                                                                 0         0         0         13      
                                                                                                                                                                                                                                                                                                                                                                                                                                                                                                                                                                                                                                                                                                                                                                                                                                                                                                                                                                                                                                                                                                                                                                                                                                                                                                                                                                 0         0         0         0         13      
                                                                                                                                                                                                                                                                                                                                                                                                                                                                                                                                                                                                                                                                                                                                                                                                                                                                                                                                                                                                                                                                                                                                                                                                                                                                                                                                                                 0         0         0         0         0         13      
                                                                                                                                                                                                                                                                                                                                                                                                                                                                                                                                                                                                                                                                                                                                                                                                                                                                                                                                                                                                                                                                                                                                                                                                                                                                                                                                                                                                                             2.2e+02 
                                                                                                                                                                                                                                                                                                                                                                                                                                                                                                                                                                                                                                                                                                                                                                                                                                                                                                                                                                                                                                                                                                                                                                                                                                                                                                                                                                                                                             0         2.2e+02 
                                                                                                                                                                                                                                                                                                                                                                                                                                                                                                                                                                                                                                                                                                                                                                                                                                                                                                                                                                                                                                                                                                                                                                                                                                                                                                                                                                                                                             0         0         2.2e+02 
                                                                                                                                                                                                                                                                                                                                                                                                                                                                                                                                                                                                                                                                                                                                                                                                                                                                                                                                                                                                                                                                                                                                                                                                                                                                                                                                                                                                                             0         0         0         13      
                                                                                                                                                                                                                                                                                                                                                                                                                                                                                                                                                                                                                                                                                                                                                                                                                                                                                                                                                                                                                                                                                                                                                                                                                                                                                                                                                                                                                             0         0         0         0         13      
                                                                                                                                                                                                                                                                                                                                                                                                                                                                                                                                                                                                                                                                                                                                                                                                                                                                                                                                                                                                                                                                                                                                                                                                                                                                                                                                                                                                                             0         0         0         0         0         13      
                                                                                                                                                                                                                                                                                                                                                                                                                                                                                                                                                                                                                                                                                                                                                                                                                                                                                                                                                                                                                                                                                                                                                                                                                                                                                                                                                                                                                                                                                         2.2e+02 
                                                                                                                                                                                                                                                                                                                                                                                                                                                                                                                                                                                                                                                                                                                                                                                                                                                                                                                                                                                                                                                                                                                                                                                                                                                                                                                                                                                                                                                                                         0         2.2e+02 
                                                                                                                                                                                                                                                                                                                                                                                                                                                                                                                                                                                                                                                                                                                                                                                                                                                                                                                                                                                                                                                                                                                                                                                                                                                                                                                                                                                                                                                                                         0         0         2.2e+02 
                                                                                                                                                                                                                                                                                                                                                                                                                                                                                                                                                                                                                                                                                                                                                                                                                                                                                                                                                                                                                                                                                                                                                                                                                                                                                                                                                                                                                                                                                         0         0         0         13      
                                                                                                                                                                                                                                                                                                                                                                                                                                                                                                                                                                                                                                                                                                                                                                                                                                                                                                                                                                                                                                                                                                                                                                                                                                                                                                                                                                                                                                                                                         0         0         0         0         13      
                                                                                                                                                                                                                                                                                                                                                                                                                                                                                                                                                                                                                                                                                                                                                                                                                                                                                                                                                                                                                                                                                                                                                                                                                                                                                                                                                                                                                                                                                         0         0         0         0         0         13      
                                                                                                                                                                                                                                                                                                                                                                                                                                                                                                                                                                                                                                                                                                                                                                                                                                                                                                                                                                                                                                                                                                                                                                                                                                                                                                                                                                                                                                                                                                                                                     2.2e+02 
                                                                                                                                                                                                                                                                                                                                                                                                                                                                                                                                                                                                                                                                                                                                                                                                                                                                                                                                                                                                                                                                                                                                                                                                                                                                                                                                                                                                                                                                                                                                                     0         2.2e+02 
                                                                                                                                                                                                                                                                                                                                                                                                                                                                                                                                                                                                                                                                                                                                                                                                                                                                                                                                                                                                                                                                                                                                                                                                                                                                                                                                                                                                                                                                                                                                                     0         0         2.2e+02 
                                                                                                                                                                                                                                                                                                                                                                                                                                                                                                                                                                                                                                                                                                                                                                                                                                                                                                                                                                                                                                                                                                                                                                                                                                                                                                                                                                                                                                                                                                                                                     0         0         0         13      
                                                                                                                                                                                                                                                                                                                                                                                                                                                                                                                                                                                                                                                                                                                                                                                                                                                                                                                                                                                                                                                                                                                                                                                                                                                                                                                                                                                                                                                                                                                                                     0         0         0         0         13      
                                                                                                                                                                                                                                                                                                                                                                                                                                                                                                                                                                                                                                                                                                                                                                                                                                                                                                                                                                                                                                                                                                                                                                                                                                                                                                                                                                                                                                                                                                                                                     0         0         0         0         0         13      
                                                                                                                                                                                                                                                                                                                                                                                                                                                                                                                                                                                                                                                                                                                                                                                                                                                                                                                                                                                                                                                                                                                                                                                                                                                                                                                                                                                                                                                                                                                                                                                                                 2.2e+02 
                                                                                                                                                                                                                                                                                                                                                                                                                                                                                                                                                                                                                                                                                                                                                                                                                                                                                                                                                                                                                                                                                                                                                                                                                                                                                                                                                                                                                                                                                                                                                                                                                 0         2.2e+02 
                                                                                                                                                                                                                                                                                                                                                                                                                                                                                                                                                                                                                                                                                                                                                                                                                                                                                                                                                                                                                                                                                                                                                                                                                                                                                                                                                                                                                                                                                                                                                                                                                 0         0         2.2e+02 
                                                                                                                                                                                                                                                                                                                                                                                                                                                                                                                                                                                                                                                                                                                                                                                                                                                                                                                                                                                                                                                                                                                                                                                                                                                                                                                                                                                                                                                                                                                                                                                                                 0         0         0         13      
                                                                                                                                                                                                                                                                                                                                                                                                                                                                                                                                                                                                                                                                                                                                                                                                                                                                                                                                                                                                                                                                                                                                                                                                                                                                                                                                                                                                                                                                                                                                                                                                                 0         0         0         0         13      
                                                                                                                                                                                                                                                                                                                                                                                                                                                                                                                                                                                                                                                                                                                                                                                                                                                                                                                                                                                                                                                                                                                                                                                                                                                                                                                                                                                                                                                                                                                                                                                                                 0         0         0         0         0         13      
                                                                                                                                                                                                                                                                                                                                                                                                                                                                                                                                                                                                                                                                                                                                                                                                                                                                                                                                                                                                                                                                                                                                                                                                                                                                                                                                                                                                                                                                                                                                                                                                                                                                             2.2e+02 
                                                                                                                                                                                                                                                                                                                                                                                                                                                                                                                                                                                                                                                                                                                                                                                                                                                                                                                                                                                                                                                                                                                                                                                                                                                                                                                                                                                                                                                                                                                                                                                                                                                                             0         2.2e+02 
                                                                                                                                                                                                                                                                                                                                                                                                                                                                                                                                                                                                                                                                                                                                                                                                                                                                                                                                                                                                                                                                                                                                                                                                                                                                                                                                                                                                                                                                                                                                                                                                                                                                             0         0         2.2e+02 
                                                                                                                                                                                                                                                                                                                                                                                                                                                                                                                                                                                                                                                                                                                                                                                                                                                                                                                                                                                                                                                                                                                                                                                                                                                                                                                                                                                                                                                                                                                                                                                                                                                                             0         0         0         13      
                                                                                                                                                                                                                                                                                                                                                                                                                                                                                                                                                                                                                                                                                                                                                                                                                                                                                                                                                                                                                                                                                                                                                                                                                                                                                                                                                                                                                                                                                                                                                                                                                                                                             0         0         0         0         13      
                                                                                                                                                                                                                                                                                                                                                                                                                                                                                                                                                                                                                                                                                                                                                                                                                                                                                                                                                                                                                                                                                                                                                                                                                                                                                                                                                                                                                                                                                                                                                                                                                                                                             0         0         0         0         0         13      
                                                                                                                                                                                                                                                                                                                                                                                                                                                                                                                                                                                                                                                                                                                                                                                                                                                                                                                                                                                                                                                                                                                                                                                                                                                                                                                                                                                                                                                                                                                                                                                                                                                                                                                                         2.2e+02 
                                                                                                                                                                                                                                                                                                                                                                                                                                                                                                                                                                                                                                                                                                                                                                                                                                                                                                                                                                                                                                                                                                                                                                                                                                                                                                                                                                                                                                                                                                                                                                                                                                                                                                                                         0         2.2e+02 
                                                                                                                                                                                                                                                                                                                                                                                                                                                                                                                                                                                                                                                                                                                                                                                                                                                                                                                                                                                                                                                                                                                                                                                                                                                                                                                                                                                                                                                                                                                                                                                                                                                                                                                                         0         0         2.2e+02 
                                                                                                                                                                                                                                                                                                                                                                                                                                                                                                                                                                                                                                                                                                                                                                                                                                                                                                                                                                                                                                                                                                                                                                                                                                                                                                                                                                                                                                                                                                                                                                                                                                                                                                                                         0         0         0         13      
                                                                                                                                                                                                                                                                                                                                                                                                                                                                                                                                                                                                                                                                                                                                                                                                                                                                                                                                                                                                                                                                                                                                                                                                                                                                                                                                                                                                                                                                                                                                                                                                                                                                                                                                         0         0         0         0         13      
                                                                                                                                                                                                                                                                                                                                                                                                                                                                                                                                                                                                                                                                                                                                                                                                                                                                                                                                                                                                                                                                                                                                                                                                                                                                                                                                                                                                                                                                                                                                                                                                                                                                                                                                         0         0         0         0         0         13      
                                                                                                                                                                                                                                                                                                                                                                                                                                                                                                                                                                                                                                                                                                                                                                                                                                                                                                                                                                                                                                                                                                                                                                                                                                                                                                                                                                                                                                                                                                                                                                                                                                                                                                                                                                                                     2.2e+02 
                                                                                                                                                                                                                                                                                                                                                                                                                                                                                                                                                                                                                                                                                                                                                                                                                                                                                                                                                                                                                                                                                                                                                                                                                                                                                                                                                                                                                                                                                                                                                                                                                                                                                                                                                                                                     0         2.2e+02 
                                                                                                                                                                                                                                                                                                                                                                                                                                                                                                                                                                                                                                                                                                                                                                                                                                                                                                                                                                                                                                                                                                                                                                                                                                                                                                                                                                                                                                                                                                                                                                                                                                                                                                                                                                                                     0         0         2.2e+02 
                                                                                                                                                                                                                                                                                                                                                                                                                                                                                                                                                                                                                                                                                                                                                                                                                                                                                                                                                                                                                                                                                                                                                                                                                                                                                                                                                                                                                                                                                                                                                                                                                                                                                                                                                                                                     0         0         0         13      
                                                                                                                                                                                                                                                                                                                                                                                                                                                                                                                                                                                                                                                                                                                                                                                                                                                                                                                                                                                                                                                                                                                                                                                                                                                                                                                                                                                                                                                                                                                                                                                                                                                                                                                                                                                                     0         0         0         0         13      
                                                                                                                                                                                                                                                                                                                                                                                                                                                                                                                                                                                                                                                                                                                                                                                                                                                                                                                                                                                                                                                                                                                                                                                                                                                                                                                                                                                                                                                                                                                                                                                                                                                                                                                                                                                                     0         0         0         0         0         13      
                                                                                                                                                                                                                                                                                                                                                                                                                                                                                                                                                                                                                                                                                                                                                                                                                                                                                                                                                                                                                                                                                                                                                                                                                                                                                                                                                                                                                                                                                                                                                                                                                                                                                                                                                                                                                                                                 2.2e+02 
                                                                                                                                                                                                                                                                                                                                                                                                                                                                                                                                                                                                                                                                                                                                                                                                                                                                                                                                                                                                                                                                                                                                                                                                                                                                                                                                                                                                                                                                                                                                                                                                                                                                                                                                                                                                                                                                 0         2.2e+02 
                                                                                                                                                                                                                                                                                                                                                                                                                                                                                                                                                                                                                                                                                                                                                                                                                                                                                                                                                                                                                                                                                                                                                                                                                                                                                                                                                                                                                                                                                                                                                                                                                                                                                                                                                                                                                                                                 0         0         2.2e+02 
                                                                                                                                                                                                                                                                                                                                                                                                                                                                                                                                                                                                                                                                                                                                                                                                                                                                                                                                                                                                                                                                                                                                                                                                                                                                                                                                                                                                                                                                                                                                                                                                                                                                                                                                                                                                                                                                 0         0         0         13      
                                                                                                                                                                                                                                                                                                                                                                                                                                                                                                                                                                                                                                                                                                                                                                                                                                                                                                                                                                                                                                                                                                                                                                                                                                                                                                                                                                                                                                                                                                                                                                                                                                                                                                                                                                                                                                                                 0         0         0         0         13      
                                                                                                                                                                                                                                                                                                                                                                                                                                                                                                                                                                                                                                                                                                                                                                                                                                                                                                                                                                                                                                                                                                                                                                                                                                                                                                                                                                                                                                                                                                                                                                                                                                                                                                                                                                                                                                                                 0         0         0         0         0         13      
                                                                                                                                                                                                                                                                                                                                                                                                                                                                                                                                                                                                                                                                                                                                                                                                                                                                                                                                                                                                                                                                                                                                                                                                                                                                                                                                                                                                                                                                                                                                                                                                                                                                                                                                                                                                                                                                                                                             2.2e+02 
                                                                                                                                                                                                                                                                                                                                                                                                                                                                                                                                                                                                                                                                                                                                                                                                                                                                                                                                                                                                                                                                                                                                                                                                                                                                                                                                                                                                                                                                                                                                                                                                                                                                                                                                                                                                                                                                                                                             0         2.2e+02 
                                                                                                                                                                                                                                                                                                                                                                                                                                                                                                                                                                                                                                                                                                                                                                                                                                                                                                                                                                                                                                                                                                                                                                                                                                                                                                                                                                                                                                                                                                                                                                                                                                                                                                                                                                                                                                                                                                                             0         0         2.2e+02 
                                                                                                                                                                                                                                                                                                                                                                                                                                                                                                                                                                                                                                                                                                                                                                                                                                                                                                                                                                                                                                                                                                                                                                                                                                                                                                                                                                                                                                                                                                                                                                                                                                                                                                                                                                                                                                                                                                                             0         0         0         13      
                                                                                                                                                                                                                                                                                                                                                                                                                                                                                                                                                                                                                                                                                                                                                                                                                                                                                                                                                                                                                                                                                                                                                                                                                                                                                                                                                                                                                                                                                                                                                                                                                                                                                                                                                                                                                                                                                                                             0         0         0         0         13      
                                                                                                                                                                                                                                                                                                                                                                                                                                                                                                                                                                                                                                                                                                                                                                                                                                                                                                                                                                                                                                                                                                                                                                                                                                                                                                                                                                                                                                                                                                                                                                                                                                                                                                                                                                                                                                                                                                                             0         0         0         0         0         13      

QLD
     0:  51      
     0: -0.0019     1:  77      
     0:  0.066      1:  0.65       2:  3.5     
     0:  1.3        1:  0.00021    2:  0.01       3:  2.8     
     0: -0.0013     1:  4e-05      2:  3.2e-06    3:  0.05       4:  4.4     
     0:  1.9        1:  0.003      2:  0.00067    3:  1.3        4: -0.99       5:  3.2     
     0: -0.0026     1: -0.031      2:  0.99       3: -0.0015     4:  0.00091    5: -0.001      6:  0.35    
     0: -0.19       1:  4.3        2:  1.2        3: -0.15       4:  0.1        5: -0.11       6:  0.79       7:  0.0056  
     0:  3.4        1: -2e-08      2: -0.0057     3:  3.4        4: -4          5:  2.9        6: -0.0057     7: -0.0056     8:  0.0082  
     0: -2.9        1: -0.0029     2: -0.58       3: -2.5        4:  2.1        5: -2          6: -0.58       9:  0.0064  
     0:  1.8        1: -0.0079     2:  1.4        3:  1          4: -0.72       5:  0.72       6:  1.4        9: -0.00011   10:  1.2     
     0:  1.4        1: -0.018      2:  1.2        3:  0.06       4:  1.1        5: -0.23       6:  1.2        9:  0.78      10:  0.94      11:  0.0046  
     0:  0.0041     1: -0.0033     2:  0.0032     3: -0.073      4: -1.1        5:  0.0047     6:  0.0041     9: -0.0028    10:  0.0032    11: -0.0028    12:  0.24    
     0:  1          1: -0.001      2:  0.86       3: -0.26       4:  0.65       5: -0.44       6:  0.86       9:  0.84      10:  0.65      11:  0.84      12: -0.2       13:  0.0062  
     0:  0.0018     1: -0.21       2: -0.021      3:  0.16       4:  2.5        5: -0.0065     6:  0.00046    9:  0.0066    10:  0.00012   11:  0.0066    12: -3.2       13:  0.0066    14:  0.024   
     0: -6.5        1: -0.16       2: -6.9        3: -3.7        4:  2.6        5: -2.6        6: -6.9        9: -0.025     10: -5.6       11: -0.025     12:  0.00011   13: -8.1e-05   14: -0.00015   15:  0.022   
     0:  2.5        1:  2.1        2:  3.2        3:  1.4        4: -0.97       5:  0.98       6:  2.9        9:  0.014     10:  2.4       11:  0.014     12:  0.00084   13:  0.0026    14: -0.0015    15: -0.64      16:  0.0013  
     0:  0.68       1: -0.6        2:  0.68       3:  0.38       4: -0.27       5:  0.27       6:  0.74       9:  0.0035    10:  0.6       11:  0.0035    12: -0.00026   13:  0.00066   14:  0.00048   15: -0.12      16:  0.039     17:  0.001   
     0:  0.6        1: -0.5        2:  0.65       3:  0.34       4: -0.24       5:  0.23       6:  0.7        9:  0.003     10:  0.58      11:  0.003     12:  0.0002    13:  0.00013   14: -1.4e-05   15: -0.15      18:  0.0053  
     0:  0.68       1:  0.6        2:  0.81       3:  0.38       4: -0.27       5:  0.27       6:  0.74       9:  0.0029    10:  0.6       11:  0.0029    12: -0.00023   13:  8.3e-05   14:  3e-05     15: -0.12      18:  0.039     19:  0.001   
     0:  0.65       1:  0.54       2:  0.79       3:  0.36       4: -0.25       5:  0.25       6:  0.73       9:  0.0029    10:  0.6       11:  0.0029    12: -0.00026   13:  3.8e-05   14:  8.2e-05   15: -0.14      20:  0.001   
     0:  0.64       1: -0.55       2:  0.66       3:  0.36       4: -0.25       5:  0.25       6:  0.72       9:  0.0029    10:  0.59      11:  0.0029    12:  0.00023   13:  0.0001    14: -2.8e-05   15: -0.14      21:  0.001   
     0:  2.9        1:  0.0033     2: -0.58       3:  2.5        4: -2.1        5:  2          6: -0.58      22:  0.0064  
     0: -1.8        1:  0.025      2:  1.4        3: -1          4:  0.72       5: -0.72       6:  1.4       22: -0.00013   23:  1.2     
     0: -1.3        1:  0.017      2:  1.2        3: -0.0021     4: -1.1        5:  0.27       6:  1.2       22:  0.78      23:  0.9       24:  0.0046  
     0:  0.0061     1: -0.0033     2: -0.0056     3:  0.081      4:  1.1        5:  0.001      6: -0.0046    22: -0.0011    23: -0.0035    24: -0.0011    25:  0.24    
     0: -1          1:  0.001      2:  0.86       3:  0.29       4: -0.24       5:  0.44       6:  0.86      22:  0.84      23:  0.65      24:  0.84      25:  0.2       26:  0.0062  
     0: -0.0024     1: -0.21       2: -0.02       3: -0.18       4: -2.5        5: -0.007      6:  0.00099   22: -0.0066    23:  0.00068   24: -0.0066    25: -3.2       26: -0.0066    27:  0.024   
     0:  6.5        1:  0.16       2: -6.9        3:  3.6        4: -2.6        5:  2.6        6: -6.9       22: -0.025     23: -5.6       24: -0.025     25: -0.00011   26: -8.1e-05   27:  0.00015   28:  0.022   
     0: -2.5        1: -2.1        2:  2.7        3: -1.4        4:  0.98       5: -0.98       6:  2.9       22:  0.014     23:  2.4       24:  0.014     25: -0.00084   26:  0.0026    27:  0.0015    28: -0.64      29:  0.0013  
     0: -0.68       1:  0.6        2:  0.81       3: -0.38       4:  0.26       5: -0.27       6:  0.74      22:  0.0035    23:  0.6       24:  0.0035    25:  0.00026   26:  0.00066   27: -0.00048   28: -0.12      29:  0.039     30:  0.001   
     0: -0.6        1:  0.5        2:  0.76       3: -0.34       4:  0.23       5: -0.23       6:  0.7       22:  0.003     23:  0.58      24:  0.003     25: -0.0002    26:  0.00013   27:  1.4e-05   28: -0.15      31:  0.0053  
     0: -0.68       1: -0.6        2:  0.68       3: -0.38       4:  0.27       5: -0.27       6:  0.74      22:  0.0029    23:  0.6       24:  0.0029    25:  0.00023   26:  8.3e-05   27: -3e-05     28: -0.12      31:  0.039     32:  0.001   
     0: -0.65       1: -0.54       2:  0.67       3: -0.36       4:  0.25       5: -0.25       6:  0.73      22:  0.0029    23:  0.6       24:  0.0029    25:  0.00026   26:  3.8e-05   27: -8.2e-05   28: -0.14      33:  0.001   
     0: -0.64       1:  0.55       2:  0.78       3: -0.36       4:  0.25       5: -0.25       6:  0.72      22:  0.0029    23:  0.59      24:  0.0029    25: -0.00023   26:  0.0001    27:  2.8e-05   28: -0.14      34:  0.001   
    35:  2.2e+02 
    35:  0         36:  2.2e+02 
    35:  0         36:  0         37:  2.2e+02 
    35:  0         36:  0         37:  0         38:  13      
    35:  0         36:  0         37:  0         38:  0         39:  13      
    35:  0         36:  0         37:  0         38:  0         39:  0         40:  13      
    41:  2.2e+02 
    41:  0         42:  2.2e+02 
    41:  0         42:  0         43:  2.2e+02 
    41:  0         42:  0         43:  0         44:  13      
    41:  0         42:  0         43:  0         44:  0         45:  13      
    41:  0         42:  0         43:  0         44:  0         45:  0         46:  13      
    47:  2.2e+02 
    47:  0         48:  2.2e+02 
    47:  0         48:  0         49:  2.2e+02 
    47:  0         48:  0         49:  0         50:  13      
    47:  0         48:  0         49:  0         50:  0         51:  13      
    47:  0         48:  0         49:  0         50:  0         51:  0         52:  13      
    53:  2.2e+02 
    53:  0         54:  2.2e+02 
    53:  0         54:  0         55:  2.2e+02 
    53:  0         54:  0         55:  0         56:  13      
    53:  0         54:  0         55:  0         56:  0         57:  13      
    53:  0         54:  0         55:  0         56:  0         57:  0         58:  13      
    59:  2.2e+02 
    59:  0         60:  2.2e+02 
    59:  0         60:  0         61:  2.2e+02 
    59:  0         60:  0         61:  0         62:  13      
    59:  0         60:  0         61:  0         62:  0         63:  13      
    59:  0         60:  0         61:  0         62:  0         63:  0         64:  13      
    65:  2.2e+02 
    65:  0         66:  2.2e+02 
    65:  0         66:  0         67:  2.2e+02 
    65:  0         66:  0         67:  0         68:  13      
    65:  0         66:  0         67:  0         68:  0         69:  13      
    65:  0         66:  0         67:  0         68:  0         69:  0         70:  13      
    71:  2.2e+02 
    71:  0         72:  2.2e+02 
    71:  0         72:  0         73:  2.2e+02 
    71:  0         72:  0         73:  0         74:  13      
    71:  0         72:  0         73:  0         74:  0         75:  13      
    71:  0         72:  0         73:  0         74:  0         75:  0         76:  13      
    77:  2.2e+02 
    77:  0         78:  2.2e+02 
    77:  0         78:  0         79:  2.2e+02 
    77:  0         78:  0         79:  0         80:  13      
    77:  0         78:  0         79:  0         80:  0         81:  13      
    77:  0         78:  0         79:  0         80:  0         81:  0         82:  13      
    83:  2.2e+02 
    83:  0         84:  2.2e+02 
    83:  0         84:  0         85:  2.2e+02 
    83:  0         84:  0         85:  0         86:  13      
    83:  0         84:  0         85:  0         86:  0         87:  13      
    83:  0         84:  0         85:  0         86:  0         87:  0         88:  13      
    89:  2.2e+02 
    89:  0         90:  2.2e+02 
    89:  0         90:  0         91:  2.2e+02 
    89:  0         90:  0         91:  0         92:  13      
    89:  0         90:  0         91:  0         92:  0         93:  13      
    89:  0         90:  0         91:  0         92:  0         93:  0         94:  13      
    95:  2.2e+02 
    95:  0         96:  2.2e+02 
    95:  0         96:  0         97:  2.2e+02 
    95:  0         96:  0         97:  0         98:  13      
    95:  0         96:  0         97:  0         98:  0         99:  13      
    95:  0         96:  0         97:  0         98:  0         99:  0         100:  13      
    101:  2.2e+02 
    101:  0         102:  2.2e+02 
    101:  0         102:  0         103:  2.2e+02 
    101:  0         102:  0         103:  0         104:  13      
    101:  0         102:  0         103:  0         104:  0         105:  13      
    101:  0         102:  0         103:  0         104:  0         105:  0         106:  13      
    107:  2.2e+02 
    107:  0         108:  2.2e+02 
    107:  0         108:  0         109:  2.2e+02 
    107:  0         108:  0         109:  0         110:  13      
    107:  0         108:  0         109:  0         110:  0         111:  13      
    107:  0         108:  0         109:  0         110:  0         111:  0         112:  13      
    113:  2.2e+02 
    113:  0         114:  2.2e+02 
    113:  0         114:  0         115:  2.2e+02 
    113:  0         114:  0         115:  0         116:  13      
    113:  0         114:  0         115:  0         116:  0         117:  13      
    113:  0         114:  0         115:  0         116:  0         117:  0         118:  13      
    119:  2.2e+02 
    119:  0         120:  2.2e+02 
    119:  0         120:  0         121:  2.2e+02 
    119:  0         120:  0         121:  0         122:  13      
    119:  0         120:  0         121:  0         122:  0         123:  13      
    119:  0         120:  0         121:  0         122:  0         123:  0         124:  13      
    125:  2.2e+02 
    125:  0         126:  2.2e+02 
    125:  0         126:  0         127:  2.2e+02 
    125:  0         126:  0         127:  0         128:  13      
    125:  0         126:  0         127:  0         128:  0         129:  13      
    125:  0         126:  0         127:  0         128:  0         129:  0         130:  13      
    131:  2.2e+02 
    131:  0         132:  2.2e+02 
    131:  0         132:  0         133:  2.2e+02 
    131:  0         132:  0         133:  0         134:  13      
    131:  0         132:  0         133:  0         134:  0         135:  13      
    131:  0         132:  0         133:  0         134:  0         135:  0         136:  13      
    137:  2.2e+02 
    137:  0         138:  2.2e+02 
    137:  0         138:  0         139:  2.2e+02 
    137:  0         138:  0         139:  0         140:  13      
    137:  0         138:  0         139:  0         140:  0         141:  13      
    137:  0         138:  0         139:  0         140:  0         141:  0         142:  13      
    143:  2.2e+02 
    143:  0         144:  2.2e+02 
    143:  0         144:  0         145:  2.2e+02 
    143:  0         144:  0         145:  0         146:  13      
    143:  0         144:  0         145:  0         146:  0         147:  13      
    143:  0         144:  0         145:  0         146:  0         147:  0         148:  13      
    149:  2.2e+02 
    149:  0         150:  2.2e+02 
    149:  0         150:  0         151:  2.2e+02 
    149:  0         150:  0         151:  0         152:  13      
    149:  0         150:  0         151:  0         152:  0         153:  13      
    149:  0         150:  0         151:  0         152:  0         153:  0         154:  13      
    155:  2.2e+02 
    155:  0         156:  2.2e+02 
    155:  0         156:  0         157:  2.2e+02 
    155:  0         156:  0         157:  0         158:  13      
    155:  0         156:  0         157:  0         158:  0         159:  13      
    155:  0         156:  0         157:  0         158:  0         159:  0         160:  13      
    161:  2.2e+02 
    161:  0         162:  2.2e+02 
    161:  0         162:  0         163:  2.2e+02 
    161:  0         162:  0         163:  0         164:  13      
    161:  0         162:  0         163:  0         164:  0         165:  13      
    161:  0         162:  0         163:  0         164:  0         165:  0         166:  13      
    167:  2.2e+02 
    167:  0         168:  2.2e+02 
    167:  0         168:  0         169:  2.2e+02 
    167:  0         168:  0         169:  0         170:  13      
    167:  0         168:  0         169:  0         170:  0         171:  13      
    167:  0         168:  0         169:  0         170:  0         171:  0         172:  13      
    173:  2.2e+02 
    173:  0         174:  2.2e+02 
    173:  0         174:  0         175:  2.2e+02 
    173:  0         174:  0         175:  0         176:  13      
    173:  0         174:  0         175:  0         176:  0         177:  13      
    173:  0         174:  0         175:  0         176:  0         177:  0         178:  13      
    179:  2.2e+02 
    179:  0         180:  2.2e+02 
    179:  0         180:  0         181:  2.2e+02 
    179:  0         180:  0         181:  0         182:  13      
    179:  0         180:  0         181:  0         182:  0         183:  13      
    179:  0         180:  0         181:  0         182:  0         183:  0         184:  13      
    185:  2.2e+02 
    185:  0         186:  2.2e+02 
    185:  0         186:  0         187:  2.2e+02 
    185:  0         186:  0         187:  0         188:  13      
    185:  0         186:  0         187:  0         188:  0         189:  13      
    185:  0         186:  0         187:  0         188:  0         189:  0         190:  13      

QLDIAGINV
   0.019   
   0.013   
   0.29    
   0.35    
   0.23    
   0.31    
   2.8     
   1.8e+02 
   1.2e+02 
   1.6e+02 
   0.81    
   2.2e+02 
   4.2     
   1.6e+02 
   42      
   44      
   7.9e+02 
   9.7e+02 
   1.9e+02 
   9.7e+02 
   9.7e+02 
   9.7e+02 
   1.6e+02 
   0.81    
   2.2e+02 
   4.2     
   1.6e+02 
   42      
   44      
   7.9e+02 
   9.7e+02 
   1.9e+02 
   9.7e+02 
   9.7e+02 
   9.7e+02 
   0.0046  
   0.0046  
   0.0046  
   0.077   
   0.077   
   0.077   
   0.0046  
   0.0046  
   0.0046  
   0.077   
   0.077   
   0.077   
   0.0046  
   0.0046  
   0.0046  
   0.077   
   0.077   
   0.077   
   0.0046  
   0.0046  
   0.0046  
   0.077   
   0.077   
   0.077   
   0.0046  
   0.0046  
   0.0046  
   0.077   
   0.077   
   0.077   
   0.0046  
   0.0046  
   0.0046  
   0.077   
   0.077   
   0.077   
   0.0046  
   0.0046  
   0.0046  
   0.077   
   0.077   
   0.077   
   0.0046  
   0.0046  
   0.0046  
   0.077   
   0.077   
   0.077   
   0.0046  
   0.0046  
   0.0046  
   0.077   
   0.077   
   0.077   
   0.0046  
   0.0046  
   0.0046  
   0.077   
   0.077   
   0.077   
   0.0046  
   0.0046  
   0.0046  
   0.077   
   0.077   
   0.077   
   0.0046  
   0.0046  
   0.0046  
   0.077   
   0.077   
   0.077   
   0.0046  
   0.0046  
   0.0046  
   0.077   
   0.077   
   0.077   
   0.0046  
   0.0046  
   0.0046  
   0.077   
   0.077   
   0.077   
   0.0046  
   0.0046  
   0.0046  
   0.077   
   0.077   
   0.077   
   0.0046  
   0.0046  
   0.0046  
   0.077   
   0.077   
   0.077   
   0.0046  
   0.0046  
   0.0046  
   0.077   
   0.077   
   0.077   
   0.0046  
   0.0046  
   0.0046  
   0.077   
   0.077   
   0.077   
   0.0046  
   0.0046  
   0.0046  
   0.077   
   0.077   
   0.077   
   0.0046  
   0.0046  
   0.0046  
   0.077   
   0.077   
   0.077   
   0.0046  
   0.0046  
   0.0046  
   0.077   
   0.077   
   0.077   
   0.0046  
   0.0046  
   0.0046  
   0.077   
   0.077   
   0.077   
   0.0046  
   0.0046  
   0.0046  
   0.077   
   0.077   
   0.077   
   0.0046  
   0.0046  
   0.0046  
   0.077   
   0.077   
   0.077   
   0.0046  
   0.0046  
   0.0046  
   0.077   
   0.077   
   0.077   
   0.0046  
   0.0046  
   0.0046  
   0.077   
   0.077   
   0.077   

QH
     0:  54      
     0: -0.0016     1:  77      
     0:  0.054      1:  0.52       2:  4.4     
     0:  0.97       1: -0.00024    2:  0.0041     3:  6.9     
     0: -0.31       1:  0.00014    2: -8.7e-06    3: -0.18       4:  8.1     
     0:  1.3        1: -0.00056    2:  3.4e-05    3:  0.86       4: -0.65       5:  5.7     
     0: -0.00052    1:  0.0036     2:  0.47       3: -0.00037    4:  0.00028    5: -0.00028    6:  3.8     
     0: -0.012      1:  0.23       2:  0.066      3: -0.0091     4:  0.0071     5: -0.0071     6:  0.041      7:  0.11    
     0:  0.26       1: -1.5e-09    2: -0.00043    3:  0.25       4: -0.3        5:  0.22       6: -0.00043    7: -0.00042    8:  0.11    
     0: -0.034      1: -4.9e-05    2: -0.0029     3: -0.043      4:  0.046      5: -0.038      6: -0.0029     9:  0.51    
     0:  1.3        1:  0.0036     2:  1.1        3:  0.71       4: -0.49       5:  0.49       6:  1          9:  0.0039    10:  2.4     
     0:  0.049      1:  2.9e-05    2:  0.045      3:  0.0028     4:  0.022      5: -0.0065     6:  0.045      9:  0.026     10:  0.034     11:  0.31    
     0: -0.0005     1:  0.018      2:  0.0015     3: -0.038      4: -0.58       5:  0.0028     6: -0.00016    9: -0.0028    10: -6.7e-05   11: -0.0028    12:  0.77    
     0:  0.02       1: -0.00012    2:  0.017      3: -0.0052     4:  0.014      5: -0.009      6:  0.017      9:  0.017     10:  0.013     11:  0.017     12: -0.0057    13:  0.31    
     0:  0.00019    1: -0.015      2: -0.0014     3:  0.012      4:  0.18       5: -0.00045    6:  0.0001     9:  0.00048   10:  6.3e-05   11:  0.00048   12: -0.24      13:  0.00048   14:  0.32    
     0: -0.45       1: -0.011      2: -0.48       3: -0.25       4:  0.18       5: -0.18       6: -0.48       9: -0.0018    10: -0.39      11: -0.0018    12:  7.8e-06   13: -6.1e-06   14: -1e-05     15:  0.32    
     0:  2.3        1:  1.9        2:  2.9        3:  1.3        4: -0.9        5:  0.9        6:  2.7        9:  0.013     10:  2.2       11:  0.013     12:  0.00078   13:  0.0024    14: -0.0014    15: -0.59      16:  0.0014  
     0:  0.62       1: -0.55       2:  0.62       3:  0.35       4: -0.24       5:  0.24       6:  0.68       9:  0.0032    10:  0.55      11:  0.0032    12: -0.00024   13:  0.0006    14:  0.00044   15: -0.11      16:  0.035     17:  0.0011  
     0:  0.57       1: -0.48       2:  0.61       3:  0.32       4: -0.22       5:  0.22       6:  0.66       9:  0.0028    10:  0.55      11:  0.0028    12:  0.00019   13:  0.00012   14: -1.3e-05   15: -0.14      18:  0.0056  
     0:  0.62       1:  0.55       2:  0.74       3:  0.35       4: -0.24       5:  0.24       6:  0.68       9:  0.0026    10:  0.55      11:  0.0026    12: -0.00021   13:  7.6e-05   14:  2.7e-05   15: -0.11      18:  0.035     19:  0.0011  
     0:  0.59       1:  0.5        2:  0.72       3:  0.33       4: -0.23       5:  0.23       6:  0.67       9:  0.0026    10:  0.54      11:  0.0026    12: -0.00024   13:  3.5e-05   14:  7.5e-05   15: -0.13      20:  0.0011  
     0:  0.58       1: -0.5        2:  0.6        3:  0.33       4: -0.23       5:  0.23       6:  0.66       9:  0.0027    10:  0.54      11:  0.0027    12:  0.00021   13:  9.3e-05   14: -2.5e-05   15: -0.13      21:  0.0011  
     0:  0.035      1: -7.3e-05    2: -0.0031     3:  0.043      4: -0.044      5:  0.038      6: -0.0031    22:  0.51    
     0: -1.3        1:  0.005      2:  1.1        3: -0.71       4:  0.49       5: -0.49       6:  1         22:  0.0038    23:  2.4     
     0: -0.047      1:  2.7e-05    2:  0.044      3: -0.0017     4: -0.018      5:  0.0071     6:  0.044     22:  0.026     23:  0.034     24:  0.31    
     0:  0.00047    1:  0.018      2:  0.0015     3:  0.042      4:  0.58       5:  0.0017     6: -0.00014   22:  0.0016    23: -9.1e-05   24:  0.0016    25:  0.77    
     0: -0.02       1:  0.00012    2:  0.017      3:  0.0059     4: -0.0037     5:  0.009      6:  0.017     22:  0.017     23:  0.013     24:  0.017     25:  0.0057    26:  0.31    
     0: -0.00011    1: -0.015      2: -0.0015     3: -0.013      4: -0.18       5: -0.00049    6:  5.6e-06   22: -0.00048   23: -4.1e-06   24: -0.00048   25: -0.24      26: -0.00048   27:  0.32    
     0:  0.45       1:  0.011      2: -0.48       3:  0.25       4: -0.18       5:  0.18       6: -0.48      22: -0.0018    23: -0.39      24: -0.0018    25: -7.8e-06   26: -6.2e-06   27:  1e-05     28:  0.32    
     0: -2.3        1: -1.9        2:  2.5        3: -1.3        4:  0.91       5: -0.9        6:  2.7       22:  0.013     23:  2.2       24:  0.013     25: -0.00078   26:  0.0024    27:  0.0014    28: -0.59      29:  0.0014  
     0: -0.62       1:  0.55       2:  0.74       3: -0.35       4:  0.24       5: -0.24       6:  0.68      22:  0.0032    23:  0.55      24:  0.0032    25:  0.00024   26:  0.0006    27: -0.00044   28: -0.11      29:  0.035     30:  0.0011  
     0: -0.57       1:  0.48       2:  0.72       3: -0.32       4:  0.22       5: -0.22       6:  0.66      22:  0.0028    23:  0.55      24:  0.0028    25: -0.00019   26:  0.00012   27:  1.3e-05   28: -0.14      31:  0.0056  
     0: -0.62       1: -0.55       2:  0.62       3: -0.35       4:  0.25       5: -0.24       6:  0.68      22:  0.0026    23:  0.55      24:  0.0026    25:  0.00021   26:  7.6e-05   27: -2.7e-05   28: -0.11      31:  0.035     32:  0.0011  
     0: -0.59       1: -0.5        2:  0.61       3: -0.33       4:  0.23       5: -0.23       6:  0.67      22:  0.0026    23:  0.54      24:  0.0026    25:  0.00024   26:  3.5e-05   27: -7.5e-05   28: -0.13      33:  0.0011  
     0: -0.58       1:  0.5        2:  0.71       3: -0.33       4:  0.23       5: -0.23       6:  0.66      22:  0.0027    23:  0.54      24:  0.0027    25: -0.00021   26:  9.3e-05   27:  2.5e-05   28: -0.13      34:  0.0011  
    35:  2.2e+02 
    35:  3.5e-53   36:  2.2e+02 
    35:  0         36:  0         37:  2.2e+02 
    35:  0         36:  0         37:  0         38:  13      
    35:  0         36:  0         37:  0         38:  9.5e-54   39:  13      
    35:  0         36:  0         37:  0         38:  0         39:  0         40:  13      
    41:  2.2e+02 
    41:  3.5e-53   42:  2.2e+02 
    41:  0         42:  0         43:  2.2e+02 
    41:  0         42:  0         43:  0         44:  13      
    41:  0         42:  0         43:  0         44:  9.5e-54   45:  13      
    41:  0         42:  0         43:  0         44:  0         45:  0         46:  13      
    47:  2.2e+02 
    47:  1.5e-52   48:  2.2e+02 
    47:  0         48:  0         49:  2.2e+02 
    47:  0         48:  0         49:  0         50:  13      
    47:  0         48:  0         49:  0         50:  3.2e-53   51:  13      
    47:  0         48:  0         49:  0         50:  0         51:  0         52:  13      
    53:  2.2e+02 
    53:  4.7e-53   54:  2.2e+02 
    53:  0         54:  0         55:  2.2e+02 
    53:  0         54:  0         55:  0         56:  13      
    53:  0         54:  0         55:  0         56:  1.8e-53   57:  13      
    53:  0         54:  0         55:  0         56:  0         57:  0         58:  13      
    59:  2.2e+02 
    59:  1.1e-53   60:  2.2e+02 
    59:  0         60:  0         61:  2.2e+02 
    59:  0         60:  0         61:  0         62:  13      
    59:  0         60:  0         61:  0         62:  1.4e-54   63:  13      
    59:  0         60:  0         61:  0         62:  0         63:  0         64:  13      
    65:  2.2e+02 
    65: -1.8e-52   66:  2.2e+02 
    65:  0         66:  0         67:  2.2e+02 
    65:  0         66:  0         67:  0         68:  13      
    65:  0         66:  0         67:  0         68: -3e-53     69:  13      
    65:  0         66:  0         67:  0         68:  0         69:  0         70:  13      
    71:  2.2e+02 
    71: -3.8e-52   72:  2.2e+02 
    71:  0         72:  0         73:  2.2e+02 
    71:  0         72:  0         73:  0         74:  13      
    71:  0         72:  0         73:  0         74: -2e-53     75:  13      
    71:  0         72:  0         73:  0         74:  0         75:  0         76:  13      
    77:  2.2e+02 
    77: -3.1e-53   78:  2.2e+02 
    77:  0         78:  0         79:  2.2e+02 
    77:  0         78:  0         79:  0         80:  13      
    77:  0         78:  0         79:  0         80: -4.2e-54   81:  13      
    77:  0         78:  0         79:  0         80:  0         81:  0         82:  13      
    83:  2.2e+02 
    83: -1.8e-52   84:  2.2e+02 
    83:  0         84:  0         85:  2.2e+02 
    83:  0         84:  0         85:  0         86:  13      
    83:  0         84:  0         85:  0         86: -3e-53     87:  13      
    83:  0         84:  0         85:  0         86:  0         87:  0         88:  13      
    89:  2.2e+02 
    89: -2.2e-52   90:  2.2e+02 
    89:  0         90:  0         91:  2.2e+02 
    89:  0         90:  0         91:  0         92:  13      
    89:  0         90:  0         91:  0         92: -3.4e-53   93:  13      
    89:  0         90:  0         91:  0         92:  0         93:  0         94:  13      
    95:  2.2e+02 
    95:  1.1e-52   96:  2.2e+02 
    95:  0         96:  0         97:  2.2e+02 
    95:  0         96:  0         97:  0         98:  13      
    95:  0         96:  0         97:  0         98:  1.9e-53   99:  13      
    95:  0         96:  0         97:  0         98:  0         99:  0         100:  13      
    101:  2.2e+02 
    101:  1.1e-52   102:  2.2e+02 
    101:  0         102:  0         103:  2.2e+02 
    101:  0         102:  0         103:  0         104:  13      
    101:  0         102:  0         103:  0         104:  1.9e-53   105:  13      
    101:  0         102:  0         103:  0         104:  0         105:  0         106:  13      
    107:  2.2e+02 
    107:  1.1e-52   108:  2.2e+02 
    107:  0         108:  0         109:  2.2e+02 
    107:  0         108:  0         109:  0         110:  13      
    107:  0         108:  0         109:  0         110:  1.9e-53   111:  13      
    107:  0         108:  0         109:  0         110:  0         111:  0         112:  13      
    113:  2.2e+02 
    113:  1.1e-52   114:  2.2e+02 
    113:  0         114:  0         115:  2.2e+02 
    113:  0         114:  0         115:  0         116:  13      
    113:  0         114:  0         115:  0         116:  1.9e-53   117:  13      
    113:  0         114:  0         115:  0         116:  0         117:  0         118:  13      
    119:  2.2e+02 
    119: -1.8e-52   120:  2.2e+02 
    119:  0         120:  0         121:  2.2e+02 
    119:  0         120:  0         121:  0         122:  13      
    119:  0         120:  0         121:  0         122: -3e-53     123:  13      
    119:  0         120:  0         121:  0         122:  0         123:  0         124:  13      
    125:  2.2e+02 
    125:  1.1e-52   126:  2.2e+02 
    125:  0         126:  0         127:  2.2e+02 
    125:  0         126:  0         127:  0         128:  13      
    125:  0         126:  0         127:  0         128:  1.9e-53   129:  13      
    125:  0         126:  0         127:  0         128:  0         129:  0         130:  13      
    131:  2.2e+02 
    131:  1.1e-52   132:  2.2e+02 
    131:  0         132:  0         133:  2.2e+02 
    131:  0         132:  0         133:  0         134:  13      
    131:  0         132:  0         133:  0         134:  1.9e-53   135:  13      
    131:  0         132:  0         133:  0         134:  0         135:  0         136:  13      
    137:  2.2e+02 
    137:  1.1e-52   138:  2.2e+02 
    137:  0         138:  0         139:  2.2e+02 
    137:  0         138:  0         139:  0         140:  13      
    137:  0         138:  0         139:  0         140:  1.9e-53   141:  13      
    137:  0         138:  0         139:  0         140:  0         141:  0         142:  13      
    143:  2.2e+02 
    143:  1.1e-52   144:  2.2e+02 
    143:  0         144:  0         145:  2.2e+02 
    143:  0         144:  0         145:  0         146:  13      
    143:  0         144:  0         145:  0         146:  1.9e-53   147:  13      
    143:  0         144:  0         145:  0         146:  0         147:  0         148:  13      
    149:  2.2e+02 
    149: -3.1e-53   150:  2.2e+02 
    149:  0         150:  0         151:  2.2e+02 
    149:  0         150:  0         151:  0         152:  13      
    149:  0         150:  0         151:  0         152: -4.2e-54   153:  13      
    149:  0         150:  0         151:  0         152:  0         153:  0         154:  13      
    155:  2.2e+02 
    155: -5.2e-53   156:  2.2e+02 
    155:  0         156:  0         157:  2.2e+02 
    155:  0         156:  0         157:  0         158:  13      
    155:  0         156:  0         157:  0         158: -9e-54     159:  13      
    155:  0         156:  0         157:  0         158:  0         159:  0         160:  13      
    161:  2.2e+02 
    161: -5.2e-53   162:  2.2e+02 
    161:  0         162:  0         163:  2.2e+02 
    161:  0         162:  0         163:  0         164:  13      
    161:  0         162:  0         163:  0         164: -9e-54     165:  13      
    161:  0         162:  0         163:  0         164:  0         165:  0         166:  13      
    167:  2.2e+02 
    167: -9.6e-54   168:  2.2e+02 
    167:  0         168:  0         169:  2.2e+02 
    167:  0         168:  0         169:  0         170:  13      
    167:  0         168:  0         169:  0         170:  4.1e-54   171:  13      
    167:  0         168:  0         169:  0         170:  0         171:  0         172:  13      
    173:  2.2e+02 
    173: -1.9e-53   174:  2.2e+02 
    173:  0         174:  0         175:  2.2e+02 
    173:  0         174:  0         175:  0         176:  13      
    173:  0         174:  0         175:  0         176: -2.3e-54   177:  13      
    173:  0         174:  0         175:  0         176:  0         177:  0         178:  13      
    179:  2.2e+02 
    179:  2e-52     180:  2.2e+02 
    179:  0         180:  0         181:  2.2e+02 
    179:  0         180:  0         181:  0         182:  13      
    179:  0         180:  0         181:  0         182:  2.9e-53   183:  13      
    179:  0         180:  0         181:  0         182:  0         183:  0         184:  13      
    185:  2.2e+02 
    185: -1.7e-53   186:  2.2e+02 
    185:  0         186:  0         187:  2.2e+02 
    185:  0         186:  0         187:  0         188:  13      
    185:  0         186:  0         187:  0         188:  1.4e-53   189:  13      
    185:  0         186:  0         187:  0         188:  0         189:  0         190:  13      

QHDIAGINV
   0.018   
   0.013   
   0.23    
   0.15    
   0.12    
   0.18    
   0.27    
   9.5     
   9.2     
   1.9     
   0.42    
   3.2     
   1.3     
   3.3     
   3.1     
   3.1     
   7.3e+02 
   8.8e+02 
   1.8e+02 
   8.8e+02 
   8.8e+02 
   8.8e+02 
   1.9     
   0.42    
   3.2     
   1.3     
   3.3     
   3.1     
   3.1     
   7.3e+02 
   8.8e+02 
   1.8e+02 
   8.8e+02 
   8.8e+02 
   8.8e+02 
   0.0046  
   0.0046  
   0.0046  
   0.077   
   0.077   
   0.077   
   0.0046  
   0.0046  
   0.0046  
   0.077   
   0.077   
   0.077   
   0.0046  
   0.0046  
   0.0046  
   0.077   
   0.077   
   0.077   
   0.0046  
   0.0046  
   0.0046  
   0.077   
   0.077   
   0.077   
   0.0046  
   0.0046  
   0.0046  
   0.077   
   0.077   
   0.077   
   0.0046  
   0.0046  
   0.0046  
   0.077   
   0.077   
   0.077   
   0.0046  
   0.0046  
   0.0046  
   0.077   
   0.077   
   0.077   
   0.0046  
   0.0046  
   0.0046  
   0.077   
   0.077   
   0.077   
   0.0046  
   0.0046  
   0.0046  
   0.077   
   0.077   
   0.077   
   0.0046  
   0.0046  
   0.0046  
   0.077   
   0.077   
   0.077   
   0.0046  
   0.0046  
   0.0046  
   0.077   
   0.077   
   0.077   
   0.0046  
   0.0046  
   0.0046  
   0.077   
   0.077   
   0.077   
   0.0046  
   0.0046  
   0.0046  
   0.077   
   0.077   
   0.077   
   0.0046  
   0.0046  
   0.0046  
   0.077   
   0.077   
   0.077   
   0.0046  
   0.0046  
   0.0046  
   0.077   
   0.077   
   0.077   
   0.0046  
   0.0046  
   0.0046  
   0.077   
   0.077   
   0.077   
   0.0046  
   0.0046  
   0.0046  
   0.077   
   0.077   
   0.077   
   0.0046  
   0.0046  
   0.0046  
   0.077   
   0.077   
   0.077   
   0.0046  
   0.0046  
   0.0046  
   0.077   
   0.077   
   0.077   
   0.0046  
   0.0046  
   0.0046  
   0.077   
   0.077   
   0.077   
   0.0046  
   0.0046  
   0.0046  
   0.077   
   0.077   
   0.077   
   0.0046  
   0.0046  
   0.0046  
   0.077   
   0.077   
   0.077   
   0.0046  
   0.0046  
   0.0046  
   0.077   
   0.077   
   0.077   
   0.0046  
   0.0046  
   0.0046  
   0.077   
   0.077   
   0.077   
   0.0046  
   0.0046  
   0.0046  
   0.077   
   0.077   
   0.077   
   0.0046  
   0.0046  
   0.0046  
   0.077   
   0.077   
   0.077   

B: body-dof matrix
-------------------------------------------------------------------------------------------------------------------------------------------------------------------------------------------------
 xxxxxxxxxxxxxxxxxxxxxxxxxxxxxxxxxxxxxxxxxxxxxxxxxxxxxxxxxxxxxxxxxxxxxxxxxxxxxxxxxxxxxxxxxxxxxxxxxxxxxxxxxxxxxxxxxxxxxxxxxxxxxxxxxxxxxxxxxxxxxxxxxxxxxxxxxxxxxxxxxxxxxxxxxxxxxxxxxxxxxxxxxxxxxxx |
                                                                                                                                                                                                 |
                                                                                                                                                                                                 |
 xxxxxxxxxxxxxxxxxxxxxxxxxxxxxxxxxxx                                                                                                                                                             |
 xxxxxxxxxxxxxxxxxxxxxxxxxxxxxxxxxxx                                                                                                                                                             |
 xxxxxxxxxxxxxxxxxxxxxxxxxxxxxxxxxxx                                                                                                                                                             |
 xxxxxxxxxxxxxxxxxxxxxxxxxxxxxxxxxxx                                                                                                                                                             |
 xxxxxxxxxxxxxxxxxxxxxxxxxxxxxxxxxxx                                                                                                                                                             |
 xxxxxxxxxxxxxxxxxxxxxxxxxxxxxxxxxxx                                                                                                                                                             |
 xxxxxxxxxxxxxxxxxxxxxxxxxxxxxxxxxxx                                                                                                                                                             |
 xxxxxxxxxxxxxxxxxxxxxxxxxxxxxxxxxxx                                                                                                                                                             |
 xxxxxxxxxxxxxxxxxxxxxxxxxxxxxxxxxxx                                                                                                                                                             |
 xxxxxxxxxxxxxxxxxxxxxxxxxxxxxxxxxxx                                                                                                                                                             |
 xxxxxxxxx                                                                                                                                                                                       |
 xxxxxxxxx                                                                                                                                                                                       |
 xxxxxxxxx                                                                                                                                                                                       |
 xxxxxxxxx                                                                                                                                                                                       |
 xxxxxxxxx                                                                                                                                                                                       |
 xxxxxxx  xxxxxxxxxxxxx                                                                                                                                                                          |
 xxxxxxx  xxxxxxxxxxxxx                                                                                                                                                                          |
 xxxxxxx  xxxxxxxxxxxxx                                                                                                                                                                          |
 xxxxxxx  xxxxxxxxxxxxx                                                                                                                                                                          |
 xxxxxxx  xxxxxxxxxxxxx                                                                                                                                                                          |
 xxxxxxx  xxxxxxxxxxxxx                                                                                                                                                                          |
 xxxxxxx  xxxxxxxxxxxxx                                                                                                                                                                          |
 xxxxxxx  xxxxxxxxxxxxx                                                                                                                                                                          |
 xxxxxxx  xxxxxxxxxxxxx                                                                                                                                                                          |
 xxxxxxx  xxxxxxxxxxxxx                                                                                                                                                                          |
 xxxxxxx  xxxxxxxxxxxxx                                                                                                                                                                          |
 xxxxxxx  xxxxxxxxxxxxx                                                                                                                                                                          |
 xxxxxxx  xxxxxxxxx                                                                                                                                                                              |
 xxxxxxx  xxxxxxxxx                                                                                                                                                                              |
 xxxxxxx  xxxxxxxxx                                                                                                                                                                              |
 xxxxxxx  xxxxxxx  xx                                                                                                                                                                            |
 xxxxxxx  xxxxxxx  xx                                                                                                                                                                            |
 xxxxxxx  xxxxxxx  xx                                                                                                                                                                            |
 xxxxxxx  xxxxxxx    x                                                                                                                                                                           |
 xxxxxxx  xxxxxxx     x                                                                                                                                                                          |
 xxxxxxx  xxxxxxx                                                                                                                                                                                |
 xxxxxxx  xxxxxxx                                                                                                                                                                                |
 xxxxxxx               xxxxxxxxxxxxx                                                                                                                                                             |
 xxxxxxx               xxxxxxxxxxxxx                                                                                                                                                             |
 xxxxxxx               xxxxxxxxxxxxx                                                                                                                                                             |
 xxxxxxx               xxxxxxxxxxxxx                                                                                                                                                             |
 xxxxxxx               xxxxxxxxxxxxx                                                                                                                                                             |
 xxxxxxx               xxxxxxxxxxxxx                                                                                                                                                             |
 xxxxxxx               xxxxxxxxxxxxx                                                                                                                                                             |
 xxxxxxx               xxxxxxxxxxxxx                                                                                                                                                             |
 xxxxxxx               xxxxxxxxxxxxx                                                                                                                                                             |
 xxxxxxx               xxxxxxxxxxxxx                                                                                                                                                             |
 xxxxxxx               xxxxxxxxxxxxx                                                                                                                                                             |
 xxxxxxx               xxxxxxxxxxxxx                                                                                                                                                             |
 xxxxxxx               xxxxxxxxx                                                                                                                                                                 |
 xxxxxxx               xxxxxxxxx                                                                                                                                                                 |
 xxxxxxx               xxxxxxxxx                                                                                                                                                                 |
 xxxxxxx               xxxxxxx  xx                                                                                                                                                               |
 xxxxxxx               xxxxxxx  xx                                                                                                                                                               |
 xxxxxxx               xxxxxxx  xx                                                                                                                                                               |
 xxxxxxx               xxxxxxx    x                                                                                                                                                              |
 xxxxxxx               xxxxxxx     x                                                                                                                                                             |
 xxxxxxx               xxxxxxx                                                                                                                                                                   |
 xxxxxxx               xxxxxxx                                                                                                                                                                   |
                                    xxxxxx                                                                                                                                                       |
                                          xxxxxx                                                                                                                                                 |
                                                xxxxxx                                                                                                                                           |
                                                      xxxxxx                                                                                                                                     |
                                                            xxxxxx                                                                                                                               |
                                                                  xxxxxx                                                                                                                         |
                                                                        xxxxxx                                                                                                                   |
                                                                              xxxxxx                                                                                                             |
                                                                                    xxxxxx                                                                                                       |
                                                                                          xxxxxx                                                                                                 |
                                                                                                xxxxxx                                                                                           |
                                                                                                      xxxxxx                                                                                     |
                                                                                                            xxxxxx                                                                               |
                                                                                                                  xxxxxx                                                                         |
                                                                                                                        xxxxxx                                                                   |
                                                                                                                              xxxxxx                                                             |
                                                                                                                                    xxxxxx                                                       |
                                                                                                                                          xxxxxx                                                 |
                                                                                                                                                xxxxxx                                           |
                                                                                                                                                      xxxxxx                                     |
                                                                                                                                                            xxxxxx                               |
                                                                                                                                                                  xxxxxx                         |
                                                                                                                                                                        xxxxxx                   |
                                                                                                                                                                              xxxxxx             |
                                                                                                                                                                                    xxxxxx       |
                                                                                                                                                                                          xxxxxx |
-------------------------------------------------------------------------------------------------------------------------------------------------------------------------------------------------

B_rownnz              191 0 0 35 35 35 35 35 35 35 35 35 35 9 9 9 9 9 20 20 20 20 20 20 20 20 20 20 20 20 16 16 16 16 16 16 15 15 14 14 20 20 20 20 20 20 20 20 20 20 20 20 16 16 16 16 16 16 15 15 14 14 6 6 6 6 6 6 6 6 6 6 6 6 6 6 6 6 6 6 6 6 6 6 6 6 6 6

B_rowadr              0 191 191 191 226 261 296 331 366 401 436 471 506 541 550 559 568 577 586 606 626 646 666 686 706 726 746 766 786 806 826 842 858 874 890 906 922 937 952 966 980 1000 1020 1040 1060 1080 1100 1120 1140 1160 1180 1200 1220 1236 1252 1268 1284 1300 1316 1331 1346 1360 1374 1380 1386 1392 1398 1404 1410 1416 1422 1428 1434 1440 1446 1452 1458 1464 1470 1476 1482 1488 1494 1500 1506 1512 1518 1524

B_colind              0 1 2 3 4 5 6 7 8 9 10 11 12 13 14 15 16 17 18 19 20 21 22 23 24 25 26 27 28 29 30 31 32 33 34 35 36 37 38 39 40 41 42 43 44 45 46 47 48 49 50 51 52 53 54 55 56 57 58 59 60 61 62 63 64 65 66 67 68 69 70 71 72 73 74 75 76 77 78 79 80 81 82 83 84 85 86 87 88 89 90 91 92 93 94 95 96 97 98 99 100 101 102 103 104 105 106 107 108 109 110 111 112 113 114 115 116 117 118 119 120 121 122 123 124 125 126 127 128 129 130 131 132 133 134 135 136 137 138 139 140 141 142 143 144 145 146 147 148 149 150 151 152 153 154 155 156 157 158 159 160 161 162 163 164 165 166 167 168 169 170 171 172 173 174 175 176 177 178 179 180 181 182 183 184 185 186 187 188 189 190 0 1 2 3 4 5 6 7 8 9 10 11 12 13 14 15 16 17 18 19 20 21 22 23 24 25 26 27 28 29 30 31 32 33 34 0 1 2 3 4 5 6 7 8 9 10 11 12 13 14 15 16 17 18 19 20 21 22 23 24 25 26 27 28 29 30 31 32 33 34 0 1 2 3 4 5 6 7 8 9 10 11 12 13 14 15 16 17 18 19 20 21 22 23 24 25 26 27 28 29 30 31 32 33 34 0 1 2 3 4 5 6 7 8 9 10 11 12 13 14 15 16 17 18 19 20 21 22 23 24 25 26 27 28 29 30 31 32 33 34 0 1 2 3 4 5 6 7 8 9 10 11 12 13 14 15 16 17 18 19 20 21 22 23 24 25 26 27 28 29 30 31 32 33 34 0 1 2 3 4 5 6 7 8 9 10 11 12 13 14 15 16 17 18 19 20 21 22 23 24 25 26 27 28 29 30 31 32 33 34 0 1 2 3 4 5 6 7 8 9 10 11 12 13 14 15 16 17 18 19 20 21 22 23 24 25 26 27 28 29 30 31 32 33 34 0 1 2 3 4 5 6 7 8 9 10 11 12 13 14 15 16 17 18 19 20 21 22 23 24 25 26 27 28 29 30 31 32 33 34 0 1 2 3 4 5 6 7 8 9 10 11 12 13 14 15 16 17 18 19 20 21 22 23 24 25 26 27 28 29 30 31 32 33 34 0 1 2 3 4 5 6 7 8 9 10 11 12 13 14 15 16 17 18 19 20 21 22 23 24 25 26 27 28 29 30 31 32 33 34 0 1 2 3 4 5 6 7 8 0 1 2 3 4 5 6 7 8 0 1 2 3 4 5 6 7 8 0 1 2 3 4 5 6 7 8 0 1 2 3 4 5 6 7 8 0 1 2 3 4 5 6 9 10 11 12 13 14 15 16 17 18 19 20 21 0 1 2 3 4 5 6 9 10 11 12 13 14 15 16 17 18 19 20 21 0 1 2 3 4 5 6 9 10 11 12 13 14 15 16 17 18 19 20 21 0 1 2 3 4 5 6 9 10 11 12 13 14 15 16 17 18 19 20 21 0 1 2 3 4 5 6 9 10 11 12 13 14 15 16 17 18 19 20 21 0 1 2 3 4 5 6 9 10 11 12 13 14 15 16 17 18 19 20 21 0 1 2 3 4 5 6 9 10 11 12 13 14 15 16 17 18 19 20 21 0 1 2 3 4 5 6 9 10 11 12 13 14 15 16 17 18 19 20 21 0 1 2 3 4 5 6 9 10 11 12 13 14 15 16 17 18 19 20 21 0 1 2 3 4 5 6 9 10 11 12 13 14 15 16 17 18 19 20 21 0 1 2 3 4 5 6 9 10 11 12 13 14 15 16 17 18 19 20 21 0 1 2 3 4 5 6 9 10 11 12 13 14 15 16 17 18 19 20 21 0 1 2 3 4 5 6 9 10 11 12 13 14 15 16 17 0 1 2 3 4 5 6 9 10 11 12 13 14 15 16 17 0 1 2 3 4 5 6 9 10 11 12 13 14 15 16 17 0 1 2 3 4 5 6 9 10 11 12 13 14 15 18 19 0 1 2 3 4 5 6 9 10 11 12 13 14 15 18 19 0 1 2 3 4 5 6 9 10 11 12 13 14 15 18 19 0 1 2 3 4 5 6 9 10 11 12 13 14 15 20 0 1 2 3 4 5 6 9 10 11 12 13 14 15 21 0 1 2 3 4 5 6 9 10 11 12 13 14 15 0 1 2 3 4 5 6 9 10 11 12 13 14 15 0 1 2 3 4 5 6 22 23 24 25 26 27 28 29 30 31 32 33 34 0 1 2 3 4 5 6 22 23 24 25 26 27 28 29 30 31 32 33 34 0 1 2 3 4 5 6 22 23 24 25 26 27 28 29 30 31 32 33 34 0 1 2 3 4 5 6 22 23 24 25 26 27 28 29 30 31 32 33 34 0 1 2 3 4 5 6 22 23 24 25 26 27 28 29 30 31 32 33 34 0 1 2 3 4 5 6 22 23 24 25 26 27 28 29 30 31 32 33 34 0 1 2 3 4 5 6 22 23 24 25 26 27 28 29 30 31 32 33 34 0 1 2 3 4 5 6 22 23 24 25 26 27 28 29 30 31 32 33 34 0 1 2 3 4 5 6 22 23 24 25 26 27 28 29 30 31 32 33 34 0 1 2 3 4 5 6 22 23 24 25 26 27 28 29 30 31 32 33 34 0 1 2 3 4 5 6 22 23 24 25 26 27 28 29 30 31 32 33 34 0 1 2 3 4 5 6 22 23 24 25 26 27 28 29 30 31 32 33 34 0 1 2 3 4 5 6 22 23 24 25 26 27 28 29 30 0 1 2 3 4 5 6 22 23 24 25 26 27 28 29 30 0 1 2 3 4 5 6 22 23 24 25 26 27 28 29 30 0 1 2 3 4 5 6 22 23 24 25 26 27 28 31 32 0 1 2 3 4 5 6 22 23 24 25 26 27 28 31 32 0 1 2 3 4 5 6 22 23 24 25 26 27 28 31 32 0 1 2 3 4 5 6 22 23 24 25 26 27 28 33 0 1 2 3 4 5 6 22 23 24 25 26 27 28 34 0 1 2 3 4 5 6 22 23 24 25 26 27 28 0 1 2 3 4 5 6 22 23 24 25 26 27 28 35 36 37 38 39 40 41 42 43 44 45 46 47 48 49 50 51 52 53 54 55 56 57 58 59 60 61 62 63 64 65 66 67 68 69 70 71 72 73 74 75 76 77 78 79 80 81 82 83 84 85 86 87 88 89 90 91 92 93 94 95 96 97 98 99 100 101 102 103 104 105 106 107 108 109 110 111 112 113 114 115 116 117 118 119 120 121 122 123 124 125 126 127 128 129 130 131 132 133 134 135 136 137 138 139 140 141 142 143 144 145 146 147 148 149 150 151 152 153 154 155 156 157 158 159 160 161 162 163 164 165 166 167 168 169 170 171 172 173 174 175 176 177 178 179 180 181 182 183 184 185 186 187 188 189 190

M: inertia matrix
-------------------------------------------------------------------------------------------------------------------------------------------------------------------------------------------------
 x                                                                                                                                                                                               |
 xx                                                                                                                                                                                              |
 xxx                                                                                                                                                                                             |
 xxxx                                                                                                                                                                                            |
 xxxxx                                                                                                                                                                                           |
 xxxxxx                                                                                                                                                                                          |
 xxxxxxx                                                                                                                                                                                         |
 xxxxxxxx                                                                                                                                                                                        |
 xxxxxxxxx                                                                                                                                                                                       |
 xxxxxxx  x                                                                                                                                                                                      |
 xxxxxxx  xx                                                                                                                                                                                     |
 xxxxxxx  xxx                                                                                                                                                                                    |
 xxxxxxx  xxxx                                                                                                                                                                                   |
 xxxxxxx  xxxxx                                                                                                                                                                                  |
 xxxxxxx  xxxxxx                                                                                                                                                                                 |
 xxxxxxx  xxxxxxx                                                                                                                                                                                |
 xxxxxxx  xxxxxxxx                                                                                                                                                                               |
 xxxxxxx  xxxxxxxxx                                                                                                                                                                              |
 xxxxxxx  xxxxxxx  x                                                                                                                                                                             |
 xxxxxxx  xxxxxxx  xx                                                                                                                                                                            |
 xxxxxxx  xxxxxxx    x                                                                                                                                                                           |
 xxxxxxx  xxxxxxx     x                                                                                                                                                                          |
 xxxxxxx               x                                                                                                                                                                         |
 xxxxxxx               xx                                                                                                                                                                        |
 xxxxxxx               xxx                                                                                                                                                                       |
 xxxxxxx               xxxx                                                                                                                                                                      |
 xxxxxxx               xxxxx                                                                                                                                                                     |
 xxxxxxx               xxxxxx                                                                                                                                                                    |
 xxxxxxx               xxxxxxx                                                                                                                                                                   |
 xxxxxxx               xxxxxxxx                                                                                                                                                                  |
 xxxxxxx               xxxxxxxxx                                                                                                                                                                 |
 xxxxxxx               xxxxxxx  x                                                                                                                                                                |
 xxxxxxx               xxxxxxx  xx                                                                                                                                                               |
 xxxxxxx               xxxxxxx    x                                                                                                                                                              |
 xxxxxxx               xxxxxxx     x                                                                                                                                                             |
                                    x                                                                                                                                                            |
                                    xx                                                                                                                                                           |
                                    xxx                                                                                                                                                          |
                                    xxxx                                                                                                                                                         |
                                    xxxxx                                                                                                                                                        |
                                    xxxxxx                                                                                                                                                       |
                                          x                                                                                                                                                      |
                                          xx                                                                                                                                                     |
                                          xxx                                                                                                                                                    |
                                          xxxx                                                                                                                                                   |
                                          xxxxx                                                                                                                                                  |
                                          xxxxxx                                                                                                                                                 |
                                                x                                                                                                                                                |
                                                xx                                                                                                                                               |
                                                xxx                                                                                                                                              |
                                                xxxx                                                                                                                                             |
                                                xxxxx                                                                                                                                            |
                                                xxxxxx                                                                                                                                           |
                                                      x                                                                                                                                          |
                                                      xx                                                                                                                                         |
                                                      xxx                                                                                                                                        |
                                                      xxxx                                                                                                                                       |
                                                      xxxxx                                                                                                                                      |
                                                      xxxxxx                                                                                                                                     |
                                                            x                                                                                                                                    |
                                                            xx                                                                                                                                   |
                                                            xxx                                                                                                                                  |
                                                            xxxx                                                                                                                                 |
                                                            xxxxx                                                                                                                                |
                                                            xxxxxx                                                                                                                               |
                                                                  x                                                                                                                              |
                                                                  xx                                                                                                                             |
                                                                  xxx                                                                                                                            |
                                                                  xxxx                                                                                                                           |
                                                                  xxxxx                                                                                                                          |
                                                                  xxxxxx                                                                                                                         |
                                                                        x                                                                                                                        |
                                                                        xx                                                                                                                       |
                                                                        xxx                                                                                                                      |
                                                                        xxxx                                                                                                                     |
                                                                        xxxxx                                                                                                                    |
                                                                        xxxxxx                                                                                                                   |
                                                                              x                                                                                                                  |
                                                                              xx                                                                                                                 |
                                                                              xxx                                                                                                                |
                                                                              xxxx                                                                                                               |
                                                                              xxxxx                                                                                                              |
                                                                              xxxxxx                                                                                                             |
                                                                                    x                                                                                                            |
                                                                                    xx                                                                                                           |
                                                                                    xxx                                                                                                          |
                                                                                    xxxx                                                                                                         |
                                                                                    xxxxx                                                                                                        |
                                                                                    xxxxxx                                                                                                       |
                                                                                          x                                                                                                      |
                                                                                          xx                                                                                                     |
                                                                                          xxx                                                                                                    |
                                                                                          xxxx                                                                                                   |
                                                                                          xxxxx                                                                                                  |
                                                                                          xxxxxx                                                                                                 |
                                                                                                x                                                                                                |
                                                                                                xx                                                                                               |
                                                                                                xxx                                                                                              |
                                                                                                xxxx                                                                                             |
                                                                                                xxxxx                                                                                            |
                                                                                                xxxxxx                                                                                           |
                                                                                                      x                                                                                          |
                                                                                                      xx                                                                                         |
                                                                                                      xxx                                                                                        |
                                                                                                      xxxx                                                                                       |
                                                                                                      xxxxx                                                                                      |
                                                                                                      xxxxxx                                                                                     |
                                                                                                            x                                                                                    |
                                                                                                            xx                                                                                   |
                                                                                                            xxx                                                                                  |
                                                                                                            xxxx                                                                                 |
                                                                                                            xxxxx                                                                                |
                                                                                                            xxxxxx                                                                               |
                                                                                                                  x                                                                              |
                                                                                                                  xx                                                                             |
                                                                                                                  xxx                                                                            |
                                                                                                                  xxxx                                                                           |
                                                                                                                  xxxxx                                                                          |
                                                                                                                  xxxxxx                                                                         |
                                                                                                                        x                                                                        |
                                                                                                                        xx                                                                       |
                                                                                                                        xxx                                                                      |
                                                                                                                        xxxx                                                                     |
                                                                                                                        xxxxx                                                                    |
                                                                                                                        xxxxxx                                                                   |
                                                                                                                              x                                                                  |
                                                                                                                              xx                                                                 |
                                                                                                                              xxx                                                                |
                                                                                                                              xxxx                                                               |
                                                                                                                              xxxxx                                                              |
                                                                                                                              xxxxxx                                                             |
                                                                                                                                    x                                                            |
                                                                                                                                    xx                                                           |
                                                                                                                                    xxx                                                          |
                                                                                                                                    xxxx                                                         |
                                                                                                                                    xxxxx                                                        |
                                                                                                                                    xxxxxx                                                       |
                                                                                                                                          x                                                      |
                                                                                                                                          xx                                                     |
                                                                                                                                          xxx                                                    |
                                                                                                                                          xxxx                                                   |
                                                                                                                                          xxxxx                                                  |
                                                                                                                                          xxxxxx                                                 |
                                                                                                                                                x                                                |
                                                                                                                                                xx                                               |
                                                                                                                                                xxx                                              |
                                                                                                                                                xxxx                                             |
                                                                                                                                                xxxxx                                            |
                                                                                                                                                xxxxxx                                           |
                                                                                                                                                      x                                          |
                                                                                                                                                      xx                                         |
                                                                                                                                                      xxx                                        |
                                                                                                                                                      xxxx                                       |
                                                                                                                                                      xxxxx                                      |
                                                                                                                                                      xxxxxx                                     |
                                                                                                                                                            x                                    |
                                                                                                                                                            xx                                   |
                                                                                                                                                            xxx                                  |
                                                                                                                                                            xxxx                                 |
                                                                                                                                                            xxxxx                                |
                                                                                                                                                            xxxxxx                               |
                                                                                                                                                                  x                              |
                                                                                                                                                                  xx                             |
                                                                                                                                                                  xxx                            |
                                                                                                                                                                  xxxx                           |
                                                                                                                                                                  xxxxx                          |
                                                                                                                                                                  xxxxxx                         |
                                                                                                                                                                        x                        |
                                                                                                                                                                        xx                       |
                                                                                                                                                                        xxx                      |
                                                                                                                                                                        xxxx                     |
                                                                                                                                                                        xxxxx                    |
                                                                                                                                                                        xxxxxx                   |
                                                                                                                                                                              x                  |
                                                                                                                                                                              xx                 |
                                                                                                                                                                              xxx                |
                                                                                                                                                                              xxxx               |
                                                                                                                                                                              xxxxx              |
                                                                                                                                                                              xxxxxx             |
                                                                                                                                                                                    x            |
                                                                                                                                                                                    xx           |
                                                                                                                                                                                    xxx          |
                                                                                                                                                                                    xxxx         |
                                                                                                                                                                                    xxxxx        |
                                                                                                                                                                                    xxxxxx       |
                                                                                                                                                                                          x      |
                                                                                                                                                                                          xx     |
                                                                                                                                                                                          xxx    |
                                                                                                                                                                                          xxxx   |
                                                                                                                                                                                          xxxxx  |
                                                                                                                                                                                          xxxxxx |
-------------------------------------------------------------------------------------------------------------------------------------------------------------------------------------------------

M_rownnz              1 2 3 4 5 6 7 8 9 8 9 10 11 12 13 14 15 16 15 16 15 15 8 9 10 11 12 13 14 15 16 15 16 15 15 1 2 3 4 5 6 1 2 3 4 5 6 1 2 3 4 5 6 1 2 3 4 5 6 1 2 3 4 5 6 1 2 3 4 5 6 1 2 3 4 5 6 1 2 3 4 5 6 1 2 3 4 5 6 1 2 3 4 5 6 1 2 3 4 5 6 1 2 3 4 5 6 1 2 3 4 5 6 1 2 3 4 5 6 1 2 3 4 5 6 1 2 3 4 5 6 1 2 3 4 5 6 1 2 3 4 5 6 1 2 3 4 5 6 1 2 3 4 5 6 1 2 3 4 5 6 1 2 3 4 5 6 1 2 3 4 5 6 1 2 3 4 5 6 1 2 3 4 5 6 1 2 3 4 5 6

M_rowadr              0 1 3 6 10 15 21 28 36 45 53 62 72 83 95 108 122 137 153 168 184 199 214 222 231 241 252 264 277 291 306 322 337 353 368 383 384 386 389 393 398 404 405 407 410 414 419 425 426 428 431 435 440 446 447 449 452 456 461 467 468 470 473 477 482 488 489 491 494 498 503 509 510 512 515 519 524 530 531 533 536 540 545 551 552 554 557 561 566 572 573 575 578 582 587 593 594 596 599 603 608 614 615 617 620 624 629 635 636 638 641 645 650 656 657 659 662 666 671 677 678 680 683 687 692 698 699 701 704 708 713 719 720 722 725 729 734 740 741 743 746 750 755 761 762 764 767 771 776 782 783 785 788 792 797 803 804 806 809 813 818 824 825 827 830 834 839 845 846 848 851 855 860 866 867 869 872 876 881 887 888 890 893 897 902 908 909 911 914 918 923

M_colind              0 0 1 0 1 2 0 1 2 3 0 1 2 3 4 0 1 2 3 4 5 0 1 2 3 4 5 6 0 1 2 3 4 5 6 7 0 1 2 3 4 5 6 7 8 0 1 2 3 4 5 6 9 0 1 2 3 4 5 6 9 10 0 1 2 3 4 5 6 9 10 11 0 1 2 3 4 5 6 9 10 11 12 0 1 2 3 4 5 6 9 10 11 12 13 0 1 2 3 4 5 6 9 10 11 12 13 14 0 1 2 3 4 5 6 9 10 11 12 13 14 15 0 1 2 3 4 5 6 9 10 11 12 13 14 15 16 0 1 2 3 4 5 6 9 10 11 12 13 14 15 16 17 0 1 2 3 4 5 6 9 10 11 12 13 14 15 18 0 1 2 3 4 5 6 9 10 11 12 13 14 15 18 19 0 1 2 3 4 5 6 9 10 11 12 13 14 15 20 0 1 2 3 4 5 6 9 10 11 12 13 14 15 21 0 1 2 3 4 5 6 22 0 1 2 3 4 5 6 22 23 0 1 2 3 4 5 6 22 23 24 0 1 2 3 4 5 6 22 23 24 25 0 1 2 3 4 5 6 22 23 24 25 26 0 1 2 3 4 5 6 22 23 24 25 26 27 0 1 2 3 4 5 6 22 23 24 25 26 27 28 0 1 2 3 4 5 6 22 23 24 25 26 27 28 29 0 1 2 3 4 5 6 22 23 24 25 26 27 28 29 30 0 1 2 3 4 5 6 22 23 24 25 26 27 28 31 0 1 2 3 4 5 6 22 23 24 25 26 27 28 31 32 0 1 2 3 4 5 6 22 23 24 25 26 27 28 33 0 1 2 3 4 5 6 22 23 24 25 26 27 28 34 35 35 36 35 36 37 35 36 37 38 35 36 37 38 39 35 36 37 38 39 40 41 41 42 41 42 43 41 42 43 44 41 42 43 44 45 41 42 43 44 45 46 47 47 48 47 48 49 47 48 49 50 47 48 49 50 51 47 48 49 50 51 52 53 53 54 53 54 55 53 54 55 56 53 54 55 56 57 53 54 55 56 57 58 59 59 60 59 60 61 59 60 61 62 59 60 61 62 63 59 60 61 62 63 64 65 65 66 65 66 67 65 66 67 68 65 66 67 68 69 65 66 67 68 69 70 71 71 72 71 72 73 71 72 73 74 71 72 73 74 75 71 72 73 74 75 76 77 77 78 77 78 79 77 78 79 80 77 78 79 80 81 77 78 79 80 81 82 83 83 84 83 84 85 83 84 85 86 83 84 85 86 87 83 84 85 86 87 88 89 89 90 89 90 91 89 90 91 92 89 90 91 92 93 89 90 91 92 93 94 95 95 96 95 96 97 95 96 97 98 95 96 97 98 99 95 96 97 98 99 100 101 101 102 101 102 103 101 102 103 104 101 102 103 104 105 101 102 103 104 105 106 107 107 108 107 108 109 107 108 109 110 107 108 109 110 111 107 108 109 110 111 112 113 113 114 113 114 115 113 114 115 116 113 114 115 116 117 113 114 115 116 117 118 119 119 120 119 120 121 119 120 121 122 119 120 121 122 123 119 120 121 122 123 124 125 125 126 125 126 127 125 126 127 128 125 126 127 128 129 125 126 127 128 129 130 131 131 132 131 132 133 131 132 133 134 131 132 133 134 135 131 132 133 134 135 136 137 137 138 137 138 139 137 138 139 140 137 138 139 140 141 137 138 139 140 141 142 143 143 144 143 144 145 143 144 145 146 143 144 145 146 147 143 144 145 146 147 148 149 149 150 149 150 151 149 150 151 152 149 150 151 152 153 149 150 151 152 153 154 155 155 156 155 156 157 155 156 157 158 155 156 157 158 159 155 156 157 158 159 160 161 161 162 161 162 163 161 162 163 164 161 162 163 164 165 161 162 163 164 165 166 167 167 168 167 168 169 167 168 169 170 167 168 169 170 171 167 168 169 170 171 172 173 173 174 173 174 175 173 174 175 176 173 174 175 176 177 173 174 175 176 177 178 179 179 180 179 180 181 179 180 181 182 179 180 181 182 183 179 180 181 182 183 184 185 185 186 185 186 187 185 186 187 188 185 186 187 188 189 185 186 187 188 189 190

mapM2M                0 2 1 5 4 3 9 8 7 6 14 13 12 11 10 20 19 18 17 16 15 27 26 25 24 23 22 21 35 34 33 32 31 30 29 28 44 43 42 41 40 39 38 37 36 52 51 50 49 48 47 46 45 61 60 59 58 57 56 55 54 53 71 70 69 68 67 66 65 64 63 62 82 81 80 79 78 77 76 75 74 73 72 94 93 92 91 90 89 88 87 86 85 84 83 107 106 105 104 103 102 101 100 99 98 97 96 95 121 120 119 118 117 116 115 114 113 112 111 110 109 108 136 135 134 133 132 131 130 129 128 127 126 125 124 123 122 152 151 150 149 148 147 146 145 144 143 142 141 140 139 138 137 167 166 165 164 163 162 161 160 159 158 157 156 155 154 153 183 182 181 180 179 178 177 176 175 174 173 172 171 170 169 168 198 197 196 195 194 193 192 191 190 189 188 187 186 185 184 213 212 211 210 209 208 207 206 205 204 203 202 201 200 199 221 220 219 218 217 216 215 214 230 229 228 227 226 225 224 223 222 240 239 238 237 236 235 234 233 232 231 251 250 249 248 247 246 245 244 243 242 241 263 262 261 260 259 258 257 256 255 254 253 252 276 275 274 273 272 271 270 269 268 267 266 265 264 290 289 288 287 286 285 284 283 282 281 280 279 278 277 305 304 303 302 301 300 299 298 297 296 295 294 293 292 291 321 320 319 318 317 316 315 314 313 312 311 310 309 308 307 306 336 335 334 333 332 331 330 329 328 327 326 325 324 323 322 352 351 350 349 348 347 346 345 344 343 342 341 340 339 338 337 367 366 365 364 363 362 361 360 359 358 357 356 355 354 353 382 381 380 379 378 377 376 375 374 373 372 371 370 369 368 383 385 384 388 387 386 392 391 390 389 397 396 395 394 393 403 402 401 400 399 398 404 406 405 409 408 407 413 412 411 410 418 417 416 415 414 424 423 422 421 420 419 425 427 426 430 429 428 434 433 432 431 439 438 437 436 435 445 444 443 442 441 440 446 448 447 451 450 449 455 454 453 452 460 459 458 457 456 466 465 464 463 462 461 467 469 468 472 471 470 476 475 474 473 481 480 479 478 477 487 486 485 484 483 482 488 490 489 493 492 491 497 496 495 494 502 501 500 499 498 508 507 506 505 504 503 509 511 510 514 513 512 518 517 516 515 523 522 521 520 519 529 528 527 526 525 524 530 532 531 535 534 533 539 538 537 536 544 543 542 541 540 550 549 548 547 546 545 551 553 552 556 555 554 560 559 558 557 565 564 563 562 561 571 570 569 568 567 566 572 574 573 577 576 575 581 580 579 578 586 585 584 583 582 592 591 590 589 588 587 593 595 594 598 597 596 602 601 600 599 607 606 605 604 603 613 612 611 610 609 608 614 616 615 619 618 617 623 622 621 620 628 627 626 625 624 634 633 632 631 630 629 635 637 636 640 639 638 644 643 642 641 649 648 647 646 645 655 654 653 652 651 650 656 658 657 661 660 659 665 664 663 662 670 669 668 667 666 676 675 674 673 672 671 677 679 678 682 681 680 686 685 684 683 691 690 689 688 687 697 696 695 694 693 692 698 700 699 703 702 701 707 706 705 704 712 711 710 709 708 718 717 716 715 714 713 719 721 720 724 723 722 728 727 726 725 733 732 731 730 729 739 738 737 736 735 734 740 742 741 745 744 743 749 748 747 746 754 753 752 751 750 760 759 758 757 756 755 761 763 762 766 765 764 770 769 768 767 775 774 773 772 771 781 780 779 778 777 776 782 784 783 787 786 785 791 790 789 788 796 795 794 793 792 802 801 800 799 798 797 803 805 804 808 807 806 812 811 810 809 817 816 815 814 813 823 822 821 820 819 818 824 826 825 829 828 827 833 832 831 830 838 837 836 835 834 844 843 842 841 840 839 845 847 846 850 849 848 854 853 852 851 859 858 857 856 855 865 864 863 862 861 860 866 868 867 871 870 869 875 874 873 872 880 879 878 877 876 886 885 884 883 882 881 887 889 888 892 891 890 896 895 894 893 901 900 899 898 897 907 906 905 904 903 902 908 910 909 913 912 911 917 916 915 914 922 921 920 919 918 928 927 926 925 924 923

C: reduced dof-dof matrix
-------------------------------------------------------------------------------------------------------------------------------------------------------------------------------------------------
 x                                                                                                                                                                                               |
 xx                                                                                                                                                                                              |
 xxx                                                                                                                                                                                             |
 xxxx                                                                                                                                                                                            |
 xxxxx                                                                                                                                                                                           |
 xxxxxx                                                                                                                                                                                          |
 xxxxxxx                                                                                                                                                                                         |
 xxxxxxxx                                                                                                                                                                                        |
 xxxxxxxxx                                                                                                                                                                                       |
 xxxxxxx  x                                                                                                                                                                                      |
 xxxxxxx  xx                                                                                                                                                                                     |
 xxxxxxx  xxx                                                                                                                                                                                    |
 xxxxxxx  xxxx                                                                                                                                                                                   |
 xxxxxxx  xxxxx                                                                                                                                                                                  |
 xxxxxxx  xxxxxx                                                                                                                                                                                 |
 xxxxxxx  xxxxxxx                                                                                                                                                                                |
 xxxxxxx  xxxxxxxx                                                                                                                                                                               |
 xxxxxxx  xxxxxxxxx                                                                                                                                                                              |
 xxxxxxx  xxxxxxx  x                                                                                                                                                                             |
 xxxxxxx  xxxxxxx  xx                                                                                                                                                                            |
 xxxxxxx  xxxxxxx    x                                                                                                                                                                           |
 xxxxxxx  xxxxxxx     x                                                                                                                                                                          |
 xxxxxxx               x                                                                                                                                                                         |
 xxxxxxx               xx                                                                                                                                                                        |
 xxxxxxx               xxx                                                                                                                                                                       |
 xxxxxxx               xxxx                                                                                                                                                                      |
 xxxxxxx               xxxxx                                                                                                                                                                     |
 xxxxxxx               xxxxxx                                                                                                                                                                    |
 xxxxxxx               xxxxxxx                                                                                                                                                                   |
 xxxxxxx               xxxxxxxx                                                                                                                                                                  |
 xxxxxxx               xxxxxxxxx                                                                                                                                                                 |
 xxxxxxx               xxxxxxx  x                                                                                                                                                                |
 xxxxxxx               xxxxxxx  xx                                                                                                                                                               |
 xxxxxxx               xxxxxxx    x                                                                                                                                                              |
 xxxxxxx               xxxxxxx     x                                                                                                                                                             |
                                    x                                                                                                                                                            |
                                     x                                                                                                                                                           |
                                      x                                                                                                                                                          |
                                       x                                                                                                                                                         |
                                        x                                                                                                                                                        |
                                         x                                                                                                                                                       |
                                          x                                                                                                                                                      |
                                           x                                                                                                                                                     |
                                            x                                                                                                                                                    |
                                             x                                                                                                                                                   |
                                              x                                                                                                                                                  |
                                               x                                                                                                                                                 |
                                                x                                                                                                                                                |
                                                 x                                                                                                                                               |
                                                  x                                                                                                                                              |
                                                   x                                                                                                                                             |
                                                    x                                                                                                                                            |
                                                     x                                                                                                                                           |
                                                      x                                                                                                                                          |
                                                       x                                                                                                                                         |
                                                        x                                                                                                                                        |
                                                         x                                                                                                                                       |
                                                          x                                                                                                                                      |
                                                           x                                                                                                                                     |
                                                            x                                                                                                                                    |
                                                             x                                                                                                                                   |
                                                              x                                                                                                                                  |
                                                               x                                                                                                                                 |
                                                                x                                                                                                                                |
                                                                 x                                                                                                                               |
                                                                  x                                                                                                                              |
                                                                   x                                                                                                                             |
                                                                    x                                                                                                                            |
                                                                     x                                                                                                                           |
                                                                      x                                                                                                                          |
                                                                       x                                                                                                                         |
                                                                        x                                                                                                                        |
                                                                         x                                                                                                                       |
                                                                          x                                                                                                                      |
                                                                           x                                                                                                                     |
                                                                            x                                                                                                                    |
                                                                             x                                                                                                                   |
                                                                              x                                                                                                                  |
                                                                               x                                                                                                                 |
                                                                                x                                                                                                                |
                                                                                 x                                                                                                               |
                                                                                  x                                                                                                              |
                                                                                   x                                                                                                             |
                                                                                    x                                                                                                            |
                                                                                     x                                                                                                           |
                                                                                      x                                                                                                          |
                                                                                       x                                                                                                         |
                                                                                        x                                                                                                        |
                                                                                         x                                                                                                       |
                                                                                          x                                                                                                      |
                                                                                           x                                                                                                     |
                                                                                            x                                                                                                    |
                                                                                             x                                                                                                   |
                                                                                              x                                                                                                  |
                                                                                               x                                                                                                 |
                                                                                                x                                                                                                |
                                                                                                 x                                                                                               |
                                                                                                  x                                                                                              |
                                                                                                   x                                                                                             |
                                                                                                    x                                                                                            |
                                                                                                     x                                                                                           |
                                                                                                      x                                                                                          |
                                                                                                       x                                                                                         |
                                                                                                        x                                                                                        |
                                                                                                         x                                                                                       |
                                                                                                          x                                                                                      |
                                                                                                           x                                                                                     |
                                                                                                            x                                                                                    |
                                                                                                             x                                                                                   |
                                                                                                              x                                                                                  |
                                                                                                               x                                                                                 |
                                                                                                                x                                                                                |
                                                                                                                 x                                                                               |
                                                                                                                  x                                                                              |
                                                                                                                   x                                                                             |
                                                                                                                    x                                                                            |
                                                                                                                     x                                                                           |
                                                                                                                      x                                                                          |
                                                                                                                       x                                                                         |
                                                                                                                        x                                                                        |
                                                                                                                         x                                                                       |
                                                                                                                          x                                                                      |
                                                                                                                           x                                                                     |
                                                                                                                            x                                                                    |
                                                                                                                             x                                                                   |
                                                                                                                              x                                                                  |
                                                                                                                               x                                                                 |
                                                                                                                                x                                                                |
                                                                                                                                 x                                                               |
                                                                                                                                  x                                                              |
                                                                                                                                   x                                                             |
                                                                                                                                    x                                                            |
                                                                                                                                     x                                                           |
                                                                                                                                      x                                                          |
                                                                                                                                       x                                                         |
                                                                                                                                        x                                                        |
                                                                                                                                         x                                                       |
                                                                                                                                          x                                                      |
                                                                                                                                           x                                                     |
                                                                                                                                            x                                                    |
                                                                                                                                             x                                                   |
                                                                                                                                              x                                                  |
                                                                                                                                               x                                                 |
                                                                                                                                                x                                                |
                                                                                                                                                 x                                               |
                                                                                                                                                  x                                              |
                                                                                                                                                   x                                             |
                                                                                                                                                    x                                            |
                                                                                                                                                     x                                           |
                                                                                                                                                      x                                          |
                                                                                                                                                       x                                         |
                                                                                                                                                        x                                        |
                                                                                                                                                         x                                       |
                                                                                                                                                          x                                      |
                                                                                                                                                           x                                     |
                                                                                                                                                            x                                    |
                                                                                                                                                             x                                   |
                                                                                                                                                              x                                  |
                                                                                                                                                               x                                 |
                                                                                                                                                                x                                |
                                                                                                                                                                 x                               |
                                                                                                                                                                  x                              |
                                                                                                                                                                   x                             |
                                                                                                                                                                    x                            |
                                                                                                                                                                     x                           |
                                                                                                                                                                      x                          |
                                                                                                                                                                       x                         |
                                                                                                                                                                        x                        |
                                                                                                                                                                         x                       |
                                                                                                                                                                          x                      |
                                                                                                                                                                           x                     |
                                                                                                                                                                            x                    |
                                                                                                                                                                             x                   |
                                                                                                                                                                              x                  |
                                                                                                                                                                               x                 |
                                                                                                                                                                                x                |
                                                                                                                                                                                 x               |
                                                                                                                                                                                  x              |
                                                                                                                                                                                   x             |
                                                                                                                                                                                    x            |
                                                                                                                                                                                     x           |
                                                                                                                                                                                      x          |
                                                                                                                                                                                       x         |
                                                                                                                                                                                        x        |
                                                                                                                                                                                         x       |
                                                                                                                                                                                          x      |
                                                                                                                                                                                           x     |
                                                                                                                                                                                            x    |
                                                                                                                                                                                             x   |
                                                                                                                                                                                              x  |
                                                                                                                                                                                               x |
-------------------------------------------------------------------------------------------------------------------------------------------------------------------------------------------------

C_rownnz              1 2 3 4 5 6 7 8 9 8 9 10 11 12 13 14 15 16 15 16 15 15 8 9 10 11 12 13 14 15 16 15 16 15 15 1 1 1 1 1 1 1 1 1 1 1 1 1 1 1 1 1 1 1 1 1 1 1 1 1 1 1 1 1 1 1 1 1 1 1 1 1 1 1 1 1 1 1 1 1 1 1 1 1 1 1 1 1 1 1 1 1 1 1 1 1 1 1 1 1 1 1 1 1 1 1 1 1 1 1 1 1 1 1 1 1 1 1 1 1 1 1 1 1 1 1 1 1 1 1 1 1 1 1 1 1 1 1 1 1 1 1 1 1 1 1 1 1 1 1 1 1 1 1 1 1 1 1 1 1 1 1 1 1 1 1 1 1 1 1 1 1 1 1 1 1 1 1 1 1 1 1 1 1 1 1 1 1 1 1 1

C_rowadr              0 1 3 6 10 15 21 28 36 45 53 62 72 83 95 108 122 137 153 168 184 199 214 222 231 241 252 264 277 291 306 322 337 353 368 383 384 385 386 387 388 389 390 391 392 393 394 395 396 397 398 399 400 401 402 403 404 405 406 407 408 409 410 411 412 413 414 415 416 417 418 419 420 421 422 423 424 425 426 427 428 429 430 431 432 433 434 435 436 437 438 439 440 441 442 443 444 445 446 447 448 449 450 451 452 453 454 455 456 457 458 459 460 461 462 463 464 465 466 467 468 469 470 471 472 473 474 475 476 477 478 479 480 481 482 483 484 485 486 487 488 489 490 491 492 493 494 495 496 497 498 499 500 501 502 503 504 505 506 507 508 509 510 511 512 513 514 515 516 517 518 519 520 521 522 523 524 525 526 527 528 529 530 531 532 533 534 535 536 537 538

C_colind              0 0 1 0 1 2 0 1 2 3 0 1 2 3 4 0 1 2 3 4 5 0 1 2 3 4 5 6 0 1 2 3 4 5 6 7 0 1 2 3 4 5 6 7 8 0 1 2 3 4 5 6 9 0 1 2 3 4 5 6 9 10 0 1 2 3 4 5 6 9 10 11 0 1 2 3 4 5 6 9 10 11 12 0 1 2 3 4 5 6 9 10 11 12 13 0 1 2 3 4 5 6 9 10 11 12 13 14 0 1 2 3 4 5 6 9 10 11 12 13 14 15 0 1 2 3 4 5 6 9 10 11 12 13 14 15 16 0 1 2 3 4 5 6 9 10 11 12 13 14 15 16 17 0 1 2 3 4 5 6 9 10 11 12 13 14 15 18 0 1 2 3 4 5 6 9 10 11 12 13 14 15 18 19 0 1 2 3 4 5 6 9 10 11 12 13 14 15 20 0 1 2 3 4 5 6 9 10 11 12 13 14 15 21 0 1 2 3 4 5 6 22 0 1 2 3 4 5 6 22 23 0 1 2 3 4 5 6 22 23 24 0 1 2 3 4 5 6 22 23 24 25 0 1 2 3 4 5 6 22 23 24 25 26 0 1 2 3 4 5 6 22 23 24 25 26 27 0 1 2 3 4 5 6 22 23 24 25 26 27 28 0 1 2 3 4 5 6 22 23 24 25 26 27 28 29 0 1 2 3 4 5 6 22 23 24 25 26 27 28 29 30 0 1 2 3 4 5 6 22 23 24 25 26 27 28 31 0 1 2 3 4 5 6 22 23 24 25 26 27 28 31 32 0 1 2 3 4 5 6 22 23 24 25 26 27 28 33 0 1 2 3 4 5 6 22 23 24 25 26 27 28 34 35 36 37 38 39 40 41 42 43 44 45 46 47 48 49 50 51 52 53 54 55 56 57 58 59 60 61 62 63 64 65 66 67 68 69 70 71 72 73 74 75 76 77 78 79 80 81 82 83 84 85 86 87 88 89 90 91 92 93 94 95 96 97 98 99 100 101 102 103 104 105 106 107 108 109 110 111 112 113 114 115 116 117 118 119 120 121 122 123 124 125 126 127 128 129 130 131 132 133 134 135 136 137 138 139 140 141 142 143 144 145 146 147 148 149 150 151 152 153 154 155 156 157 158 159 160 161 162 163 164 165 166 167 168 169 170 171 172 173 174 175 176 177 178 179 180 181 182 183 184 185 186 187 188 189 190

mapM2C                0 2 1 5 4 3 9 8 7 6 14 13 12 11 10 20 19 18 17 16 15 27 26 25 24 23 22 21 35 34 33 32 31 30 29 28 44 43 42 41 40 39 38 37 36 52 51 50 49 48 47 46 45 61 60 59 58 57 56 55 54 53 71 70 69 68 67 66 65 64 63 62 82 81 80 79 78 77 76 75 74 73 72 94 93 92 91 90 89 88 87 86 85 84 83 107 106 105 104 103 102 101 100 99 98 97 96 95 121 120 119 118 117 116 115 114 113 112 111 110 109 108 136 135 134 133 132 131 130 129 128 127 126 125 124 123 122 152 151 150 149 148 147 146 145 144 143 142 141 140 139 138 137 167 166 165 164 163 162 161 160 159 158 157 156 155 154 153 183 182 181 180 179 178 177 176 175 174 173 172 171 170 169 168 198 197 196 195 194 193 192 191 190 189 188 187 186 185 184 213 212 211 210 209 208 207 206 205 204 203 202 201 200 199 221 220 219 218 217 216 215 214 230 229 228 227 226 225 224 223 222 240 239 238 237 236 235 234 233 232 231 251 250 249 248 247 246 245 244 243 242 241 263 262 261 260 259 258 257 256 255 254 253 252 276 275 274 273 272 271 270 269 268 267 266 265 264 290 289 288 287 286 285 284 283 282 281 280 279 278 277 305 304 303 302 301 300 299 298 297 296 295 294 293 292 291 321 320 319 318 317 316 315 314 313 312 311 310 309 308 307 306 336 335 334 333 332 331 330 329 328 327 326 325 324 323 322 352 351 350 349 348 347 346 345 344 343 342 341 340 339 338 337 367 366 365 364 363 362 361 360 359 358 357 356 355 354 353 382 381 380 379 378 377 376 375 374 373 372 371 370 369 368 383 384 386 389 393 398 404 405 407 410 414 419 425 426 428 431 435 440 446 447 449 452 456 461 467 468 470 473 477 482 488 489 491 494 498 503 509 510 512 515 519 524 530 531 533 536 540 545 551 552 554 557 561 566 572 573 575 578 582 587 593 594 596 599 603 608 614 615 617 620 624 629 635 636 638 641 645 650 656 657 659 662 666 671 677 678 680 683 687 692 698 699 701 704 708 713 719 720 722 725 729 734 740 741 743 746 750 755 761 762 764 767 771 776 782 783 785 788 792 797 803 804 806 809 813 818 824 825 827 830 834 839 845 846 848 851 855 860 866 867 869 872 876 881 887 888 890 893 897 902 908 909 911 914 918 923

D: dof-dof matrix
-------------------------------------------------------------------------------------------------------------------------------------------------------------------------------------------------
 Dxxxxxxxxxxxxxxxxxxxxxxxxxxxxxxxxxx                                                                                                                                                             |
 xDxxxxxxxxxxxxxxxxxxxxxxxxxxxxxxxxx                                                                                                                                                             |
 xxDxxxxxxxxxxxxxxxxxxxxxxxxxxxxxxxx                                                                                                                                                             |
 xxxDxxxxxxxxxxxxxxxxxxxxxxxxxxxxxxx                                                                                                                                                             |
 xxxxDxxxxxxxxxxxxxxxxxxxxxxxxxxxxxx                                                                                                                                                             |
 xxxxxDxxxxxxxxxxxxxxxxxxxxxxxxxxxxx                                                                                                                                                             |
 xxxxxxDxxxxxxxxxxxxxxxxxxxxxxxxxxxx                                                                                                                                                             |
 xxxxxxxDx                                                                                                                                                                                       |
 xxxxxxxxD                                                                                                                                                                                       |
 xxxxxxx  Dxxxxxxxxxxxx                                                                                                                                                                          |
 xxxxxxx  xDxxxxxxxxxxx                                                                                                                                                                          |
 xxxxxxx  xxDxxxxxxxxxx                                                                                                                                                                          |
 xxxxxxx  xxxDxxxxxxxxx                                                                                                                                                                          |
 xxxxxxx  xxxxDxxxxxxxx                                                                                                                                                                          |
 xxxxxxx  xxxxxDxxxxxxx                                                                                                                                                                          |
 xxxxxxx  xxxxxxDxxxxxx                                                                                                                                                                          |
 xxxxxxx  xxxxxxxDx                                                                                                                                                                              |
 xxxxxxx  xxxxxxxxD                                                                                                                                                                              |
 xxxxxxx  xxxxxxx  Dx                                                                                                                                                                            |
 xxxxxxx  xxxxxxx  xD                                                                                                                                                                            |
 xxxxxxx  xxxxxxx    D                                                                                                                                                                           |
 xxxxxxx  xxxxxxx     D                                                                                                                                                                          |
 xxxxxxx               Dxxxxxxxxxxxx                                                                                                                                                             |
 xxxxxxx               xDxxxxxxxxxxx                                                                                                                                                             |
 xxxxxxx               xxDxxxxxxxxxx                                                                                                                                                             |
 xxxxxxx               xxxDxxxxxxxxx                                                                                                                                                             |
 xxxxxxx               xxxxDxxxxxxxx                                                                                                                                                             |
 xxxxxxx               xxxxxDxxxxxxx                                                                                                                                                             |
 xxxxxxx               xxxxxxDxxxxxx                                                                                                                                                             |
 xxxxxxx               xxxxxxxDx                                                                                                                                                                 |
 xxxxxxx               xxxxxxxxD                                                                                                                                                                 |
 xxxxxxx               xxxxxxx  Dx                                                                                                                                                               |
 xxxxxxx               xxxxxxx  xD                                                                                                                                                               |
 xxxxxxx               xxxxxxx    D                                                                                                                                                              |
 xxxxxxx               xxxxxxx     D                                                                                                                                                             |
                                    Dxxxxx                                                                                                                                                       |
                                    xDxxxx                                                                                                                                                       |
                                    xxDxxx                                                                                                                                                       |
                                    xxxDxx                                                                                                                                                       |
                                    xxxxDx                                                                                                                                                       |
                                    xxxxxD                                                                                                                                                       |
                                          Dxxxxx                                                                                                                                                 |
                                          xDxxxx                                                                                                                                                 |
                                          xxDxxx                                                                                                                                                 |
                                          xxxDxx                                                                                                                                                 |
                                          xxxxDx                                                                                                                                                 |
                                          xxxxxD                                                                                                                                                 |
                                                Dxxxxx                                                                                                                                           |
                                                xDxxxx                                                                                                                                           |
                                                xxDxxx                                                                                                                                           |
                                                xxxDxx                                                                                                                                           |
                                                xxxxDx                                                                                                                                           |
                                                xxxxxD                                                                                                                                           |
                                                      Dxxxxx                                                                                                                                     |
                                                      xDxxxx                                                                                                                                     |
                                                      xxDxxx                                                                                                                                     |
                                                      xxxDxx                                                                                                                                     |
                                                      xxxxDx                                                                                                                                     |
                                                      xxxxxD                                                                                                                                     |
                                                            Dxxxxx                                                                                                                               |
                                                            xDxxxx                                                                                                                               |
                                                            xxDxxx                                                                                                                               |
                                                            xxxDxx                                                                                                                               |
                                                            xxxxDx                                                                                                                               |
                                                            xxxxxD                                                                                                                               |
                                                                  Dxxxxx                                                                                                                         |
                                                                  xDxxxx                                                                                                                         |
                                                                  xxDxxx                                                                                                                         |
                                                                  xxxDxx                                                                                                                         |
                                                                  xxxxDx                                                                                                                         |
                                                                  xxxxxD                                                                                                                         |
                                                                        Dxxxxx                                                                                                                   |
                                                                        xDxxxx                                                                                                                   |
                                                                        xxDxxx                                                                                                                   |
                                                                        xxxDxx                                                                                                                   |
                                                                        xxxxDx                                                                                                                   |
                                                                        xxxxxD                                                                                                                   |
                                                                              Dxxxxx                                                                                                             |
                                                                              xDxxxx                                                                                                             |
                                                                              xxDxxx                                                                                                             |
                                                                              xxxDxx                                                                                                             |
                                                                              xxxxDx                                                                                                             |
                                                                              xxxxxD                                                                                                             |
                                                                                    Dxxxxx                                                                                                       |
                                                                                    xDxxxx                                                                                                       |
                                                                                    xxDxxx                                                                                                       |
                                                                                    xxxDxx                                                                                                       |
                                                                                    xxxxDx                                                                                                       |
                                                                                    xxxxxD                                                                                                       |
                                                                                          Dxxxxx                                                                                                 |
                                                                                          xDxxxx                                                                                                 |
                                                                                          xxDxxx                                                                                                 |
                                                                                          xxxDxx                                                                                                 |
                                                                                          xxxxDx                                                                                                 |
                                                                                          xxxxxD                                                                                                 |
                                                                                                Dxxxxx                                                                                           |
                                                                                                xDxxxx                                                                                           |
                                                                                                xxDxxx                                                                                           |
                                                                                                xxxDxx                                                                                           |
                                                                                                xxxxDx                                                                                           |
                                                                                                xxxxxD                                                                                           |
                                                                                                      Dxxxxx                                                                                     |
                                                                                                      xDxxxx                                                                                     |
                                                                                                      xxDxxx                                                                                     |
                                                                                                      xxxDxx                                                                                     |
                                                                                                      xxxxDx                                                                                     |
                                                                                                      xxxxxD                                                                                     |
                                                                                                            Dxxxxx                                                                               |
                                                                                                            xDxxxx                                                                               |
                                                                                                            xxDxxx                                                                               |
                                                                                                            xxxDxx                                                                               |
                                                                                                            xxxxDx                                                                               |
                                                                                                            xxxxxD                                                                               |
                                                                                                                  Dxxxxx                                                                         |
                                                                                                                  xDxxxx                                                                         |
                                                                                                                  xxDxxx                                                                         |
                                                                                                                  xxxDxx                                                                         |
                                                                                                                  xxxxDx                                                                         |
                                                                                                                  xxxxxD                                                                         |
                                                                                                                        Dxxxxx                                                                   |
                                                                                                                        xDxxxx                                                                   |
                                                                                                                        xxDxxx                                                                   |
                                                                                                                        xxxDxx                                                                   |
                                                                                                                        xxxxDx                                                                   |
                                                                                                                        xxxxxD                                                                   |
                                                                                                                              Dxxxxx                                                             |
                                                                                                                              xDxxxx                                                             |
                                                                                                                              xxDxxx                                                             |
                                                                                                                              xxxDxx                                                             |
                                                                                                                              xxxxDx                                                             |
                                                                                                                              xxxxxD                                                             |
                                                                                                                                    Dxxxxx                                                       |
                                                                                                                                    xDxxxx                                                       |
                                                                                                                                    xxDxxx                                                       |
                                                                                                                                    xxxDxx                                                       |
                                                                                                                                    xxxxDx                                                       |
                                                                                                                                    xxxxxD                                                       |
                                                                                                                                          Dxxxxx                                                 |
                                                                                                                                          xDxxxx                                                 |
                                                                                                                                          xxDxxx                                                 |
                                                                                                                                          xxxDxx                                                 |
                                                                                                                                          xxxxDx                                                 |
                                                                                                                                          xxxxxD                                                 |
                                                                                                                                                Dxxxxx                                           |
                                                                                                                                                xDxxxx                                           |
                                                                                                                                                xxDxxx                                           |
                                                                                                                                                xxxDxx                                           |
                                                                                                                                                xxxxDx                                           |
                                                                                                                                                xxxxxD                                           |
                                                                                                                                                      Dxxxxx                                     |
                                                                                                                                                      xDxxxx                                     |
                                                                                                                                                      xxDxxx                                     |
                                                                                                                                                      xxxDxx                                     |
                                                                                                                                                      xxxxDx                                     |
                                                                                                                                                      xxxxxD                                     |
                                                                                                                                                            Dxxxxx                               |
                                                                                                                                                            xDxxxx                               |
                                                                                                                                                            xxDxxx                               |
                                                                                                                                                            xxxDxx                               |
                                                                                                                                                            xxxxDx                               |
                                                                                                                                                            xxxxxD                               |
                                                                                                                                                                  Dxxxxx                         |
                                                                                                                                                                  xDxxxx                         |
                                                                                                                                                                  xxDxxx                         |
                                                                                                                                                                  xxxDxx                         |
                                                                                                                                                                  xxxxDx                         |
                                                                                                                                                                  xxxxxD                         |
                                                                                                                                                                        Dxxxxx                   |
                                                                                                                                                                        xDxxxx                   |
                                                                                                                                                                        xxDxxx                   |
                                                                                                                                                                        xxxDxx                   |
                                                                                                                                                                        xxxxDx                   |
                                                                                                                                                                        xxxxxD                   |
                                                                                                                                                                              Dxxxxx             |
                                                                                                                                                                              xDxxxx             |
                                                                                                                                                                              xxDxxx             |
                                                                                                                                                                              xxxDxx             |
                                                                                                                                                                              xxxxDx             |
                                                                                                                                                                              xxxxxD             |
                                                                                                                                                                                    Dxxxxx       |
                                                                                                                                                                                    xDxxxx       |
                                                                                                                                                                                    xxDxxx       |
                                                                                                                                                                                    xxxDxx       |
                                                                                                                                                                                    xxxxDx       |
                                                                                                                                                                                    xxxxxD       |
                                                                                                                                                                                          Dxxxxx |
                                                                                                                                                                                          xDxxxx |
                                                                                                                                                                                          xxDxxx |
                                                                                                                                                                                          xxxDxx |
                                                                                                                                                                                          xxxxDx |
                                                                                                                                                                                          xxxxxD |
-------------------------------------------------------------------------------------------------------------------------------------------------------------------------------------------------

D_rownnz              35 35 35 35 35 35 35 9 9 20 20 20 20 20 20 20 16 16 16 16 15 15 20 20 20 20 20 20 20 16 16 16 16 15 15 6 6 6 6 6 6 6 6 6 6 6 6 6 6 6 6 6 6 6 6 6 6 6 6 6 6 6 6 6 6 6 6 6 6 6 6 6 6 6 6 6 6 6 6 6 6 6 6 6 6 6 6 6 6 6 6 6 6 6 6 6 6 6 6 6 6 6 6 6 6 6 6 6 6 6 6 6 6 6 6 6 6 6 6 6 6 6 6 6 6 6 6 6 6 6 6 6 6 6 6 6 6 6 6 6 6 6 6 6 6 6 6 6 6 6 6 6 6 6 6 6 6 6 6 6 6 6 6 6 6 6 6 6 6 6 6 6 6 6 6 6 6 6 6 6 6 6 6 6 6 6 6 6 6 6 6

D_rowadr              0 35 70 105 140 175 210 245 254 263 283 303 323 343 363 383 403 419 435 451 467 482 497 517 537 557 577 597 617 637 653 669 685 701 716 731 737 743 749 755 761 767 773 779 785 791 797 803 809 815 821 827 833 839 845 851 857 863 869 875 881 887 893 899 905 911 917 923 929 935 941 947 953 959 965 971 977 983 989 995 1001 1007 1013 1019 1025 1031 1037 1043 1049 1055 1061 1067 1073 1079 1085 1091 1097 1103 1109 1115 1121 1127 1133 1139 1145 1151 1157 1163 1169 1175 1181 1187 1193 1199 1205 1211 1217 1223 1229 1235 1241 1247 1253 1259 1265 1271 1277 1283 1289 1295 1301 1307 1313 1319 1325 1331 1337 1343 1349 1355 1361 1367 1373 1379 1385 1391 1397 1403 1409 1415 1421 1427 1433 1439 1445 1451 1457 1463 1469 1475 1481 1487 1493 1499 1505 1511 1517 1523 1529 1535 1541 1547 1553 1559 1565 1571 1577 1583 1589 1595 1601 1607 1613 1619 1625 1631 1637 1643 1649 1655 1661

D_colind              0 1 2 3 4 5 6 7 8 9 10 11 12 13 14 15 16 17 18 19 20 21 22 23 24 25 26 27 28 29 30 31 32 33 34 0 1 2 3 4 5 6 7 8 9 10 11 12 13 14 15 16 17 18 19 20 21 22 23 24 25 26 27 28 29 30 31 32 33 34 0 1 2 3 4 5 6 7 8 9 10 11 12 13 14 15 16 17 18 19 20 21 22 23 24 25 26 27 28 29 30 31 32 33 34 0 1 2 3 4 5 6 7 8 9 10 11 12 13 14 15 16 17 18 19 20 21 22 23 24 25 26 27 28 29 30 31 32 33 34 0 1 2 3 4 5 6 7 8 9 10 11 12 13 14 15 16 17 18 19 20 21 22 23 24 25 26 27 28 29 30 31 32 33 34 0 1 2 3 4 5 6 7 8 9 10 11 12 13 14 15 16 17 18 19 20 21 22 23 24 25 26 27 28 29 30 31 32 33 34 0 1 2 3 4 5 6 7 8 9 10 11 12 13 14 15 16 17 18 19 20 21 22 23 24 25 26 27 28 29 30 31 32 33 34 0 1 2 3 4 5 6 7 8 0 1 2 3 4 5 6 7 8 0 1 2 3 4 5 6 9 10 11 12 13 14 15 16 17 18 19 20 21 0 1 2 3 4 5 6 9 10 11 12 13 14 15 16 17 18 19 20 21 0 1 2 3 4 5 6 9 10 11 12 13 14 15 16 17 18 19 20 21 0 1 2 3 4 5 6 9 10 11 12 13 14 15 16 17 18 19 20 21 0 1 2 3 4 5 6 9 10 11 12 13 14 15 16 17 18 19 20 21 0 1 2 3 4 5 6 9 10 11 12 13 14 15 16 17 18 19 20 21 0 1 2 3 4 5 6 9 10 11 12 13 14 15 16 17 18 19 20 21 0 1 2 3 4 5 6 9 10 11 12 13 14 15 16 17 0 1 2 3 4 5 6 9 10 11 12 13 14 15 16 17 0 1 2 3 4 5 6 9 10 11 12 13 14 15 18 19 0 1 2 3 4 5 6 9 10 11 12 13 14 15 18 19 0 1 2 3 4 5 6 9 10 11 12 13 14 15 20 0 1 2 3 4 5 6 9 10 11 12 13 14 15 21 0 1 2 3 4 5 6 22 23 24 25 26 27 28 29 30 31 32 33 34 0 1 2 3 4 5 6 22 23 24 25 26 27 28 29 30 31 32 33 34 0 1 2 3 4 5 6 22 23 24 25 26 27 28 29 30 31 32 33 34 0 1 2 3 4 5 6 22 23 24 25 26 27 28 29 30 31 32 33 34 0 1 2 3 4 5 6 22 23 24 25 26 27 28 29 30 31 32 33 34 0 1 2 3 4 5 6 22 23 24 25 26 27 28 29 30 31 32 33 34 0 1 2 3 4 5 6 22 23 24 25 26 27 28 29 30 31 32 33 34 0 1 2 3 4 5 6 22 23 24 25 26 27 28 29 30 0 1 2 3 4 5 6 22 23 24 25 26 27 28 29 30 0 1 2 3 4 5 6 22 23 24 25 26 27 28 31 32 0 1 2 3 4 5 6 22 23 24 25 26 27 28 31 32 0 1 2 3 4 5 6 22 23 24 25 26 27 28 33 0 1 2 3 4 5 6 22 23 24 25 26 27 28 34 35 36 37 38 39 40 35 36 37 38 39 40 35 36 37 38 39 40 35 36 37 38 39 40 35 36 37 38 39 40 35 36 37 38 39 40 41 42 43 44 45 46 41 42 43 44 45 46 41 42 43 44 45 46 41 42 43 44 45 46 41 42 43 44 45 46 41 42 43 44 45 46 47 48 49 50 51 52 47 48 49 50 51 52 47 48 49 50 51 52 47 48 49 50 51 52 47 48 49 50 51 52 47 48 49 50 51 52 53 54 55 56 57 58 53 54 55 56 57 58 53 54 55 56 57 58 53 54 55 56 57 58 53 54 55 56 57 58 53 54 55 56 57 58 59 60 61 62 63 64 59 60 61 62 63 64 59 60 61 62 63 64 59 60 61 62 63 64 59 60 61 62 63 64 59 60 61 62 63 64 65 66 67 68 69 70 65 66 67 68 69 70 65 66 67 68 69 70 65 66 67 68 69 70 65 66 67 68 69 70 65 66 67 68 69 70 71 72 73 74 75 76 71 72 73 74 75 76 71 72 73 74 75 76 71 72 73 74 75 76 71 72 73 74 75 76 71 72 73 74 75 76 77 78 79 80 81 82 77 78 79 80 81 82 77 78 79 80 81 82 77 78 79 80 81 82 77 78 79 80 81 82 77 78 79 80 81 82 83 84 85 86 87 88 83 84 85 86 87 88 83 84 85 86 87 88 83 84 85 86 87 88 83 84 85 86 87 88 83 84 85 86 87 88 89 90 91 92 93 94 89 90 91 92 93 94 89 90 91 92 93 94 89 90 91 92 93 94 89 90 91 92 93 94 89 90 91 92 93 94 95 96 97 98 99 100 95 96 97 98 99 100 95 96 97 98 99 100 95 96 97 98 99 100 95 96 97 98 99 100 95 96 97 98 99 100 101 102 103 104 105 106 101 102 103 104 105 106 101 102 103 104 105 106 101 102 103 104 105 106 101 102 103 104 105 106 101 102 103 104 105 106 107 108 109 110 111 112 107 108 109 110 111 112 107 108 109 110 111 112 107 108 109 110 111 112 107 108 109 110 111 112 107 108 109 110 111 112 113 114 115 116 117 118 113 114 115 116 117 118 113 114 115 116 117 118 113 114 115 116 117 118 113 114 115 116 117 118 113 114 115 116 117 118 119 120 121 122 123 124 119 120 121 122 123 124 119 120 121 122 123 124 119 120 121 122 123 124 119 120 121 122 123 124 119 120 121 122 123 124 125 126 127 128 129 130 125 126 127 128 129 130 125 126 127 128 129 130 125 126 127 128 129 130 125 126 127 128 129 130 125 126 127 128 129 130 131 132 133 134 135 136 131 132 133 134 135 136 131 132 133 134 135 136 131 132 133 134 135 136 131 132 133 134 135 136 131 132 133 134 135 136 137 138 139 140 141 142 137 138 139 140 141 142 137 138 139 140 141 142 137 138 139 140 141 142 137 138 139 140 141 142 137 138 139 140 141 142 143 144 145 146 147 148 143 144 145 146 147 148 143 144 145 146 147 148 143 144 145 146 147 148 143 144 145 146 147 148 143 144 145 146 147 148 149 150 151 152 153 154 149 150 151 152 153 154 149 150 151 152 153 154 149 150 151 152 153 154 149 150 151 152 153 154 149 150 151 152 153 154 155 156 157 158 159 160 155 156 157 158 159 160 155 156 157 158 159 160 155 156 157 158 159 160 155 156 157 158 159 160 155 156 157 158 159 160 161 162 163 164 165 166 161 162 163 164 165 166 161 162 163 164 165 166 161 162 163 164 165 166 161 162 163 164 165 166 161 162 163 164 165 166 167 168 169 170 171 172 167 168 169 170 171 172 167 168 169 170 171 172 167 168 169 170 171 172 167 168 169 170 171 172 167 168 169 170 171 172 173 174 175 176 177 178 173 174 175 176 177 178 173 174 175 176 177 178 173 174 175 176 177 178 173 174 175 176 177 178 173 174 175 176 177 178 179 180 181 182 183 184 179 180 181 182 183 184 179 180 181 182 183 184 179 180 181 182 183 184 179 180 181 182 183 184 179 180 181 182 183 184 185 186 187 188 189 190 185 186 187 188 189 190 185 186 187 188 189 190 185 186 187 188 189 190 185 186 187 188 189 190 185 186 187 188 189 190

mapM2D                0 2 5 9 14 20 27 35 44 52 61 71 82 94 107 121 136 152 167 183 198 213 221 230 240 251 263 276 290 305 321 336 352 367 382 2 1 4 8 13 19 26 34 43 51 60 70 81 93 106 120 135 151 166 182 197 212 220 229 239 250 262 275 289 304 320 335 351 366 381 5 4 3 7 12 18 25 33 42 50 59 69 80 92 105 119 134 150 165 181 196 211 219 228 238 249 261 274 288 303 319 334 350 365 380 9 8 7 6 11 17 24 32 41 49 58 68 79 91 104 118 133 149 164 180 195 210 218 227 237 248 260 273 287 302 318 333 349 364 379 14 13 12 11 10 16 23 31 40 48 57 67 78 90 103 117 132 148 163 179 194 209 217 226 236 247 259 272 286 301 317 332 348 363 378 20 19 18 17 16 15 22 30 39 47 56 66 77 89 102 116 131 147 162 178 193 208 216 225 235 246 258 271 285 300 316 331 347 362 377 27 26 25 24 23 22 21 29 38 46 55 65 76 88 101 115 130 146 161 177 192 207 215 224 234 245 257 270 284 299 315 330 346 361 376 35 34 33 32 31 30 29 28 37 44 43 42 41 40 39 38 37 36 52 51 50 49 48 47 46 45 54 64 75 87 100 114 129 145 160 176 191 206 61 60 59 58 57 56 55 54 53 63 74 86 99 113 128 144 159 175 190 205 71 70 69 68 67 66 65 64 63 62 73 85 98 112 127 143 158 174 189 204 82 81 80 79 78 77 76 75 74 73 72 84 97 111 126 142 157 173 188 203 94 93 92 91 90 89 88 87 86 85 84 83 96 110 125 141 156 172 187 202 107 106 105 104 103 102 101 100 99 98 97 96 95 109 124 140 155 171 186 201 121 120 119 118 117 116 115 114 113 112 111 110 109 108 123 139 154 170 185 200 136 135 134 133 132 131 130 129 128 127 126 125 124 123 122 138 152 151 150 149 148 147 146 145 144 143 142 141 140 139 138 137 167 166 165 164 163 162 161 160 159 158 157 156 155 154 153 169 183 182 181 180 179 178 177 176 175 174 173 172 171 170 169 168 198 197 196 195 194 193 192 191 190 189 188 187 186 185 184 213 212 211 210 209 208 207 206 205 204 203 202 201 200 199 221 220 219 218 217 216 215 214 223 233 244 256 269 283 298 314 329 345 360 375 230 229 228 227 226 225 224 223 222 232 243 255 268 282 297 313 328 344 359 374 240 239 238 237 236 235 234 233 232 231 242 254 267 281 296 312 327 343 358 373 251 250 249 248 247 246 245 244 243 242 241 253 266 280 295 311 326 342 357 372 263 262 261 260 259 258 257 256 255 254 253 252 265 279 294 310 325 341 356 371 276 275 274 273 272 271 270 269 268 267 266 265 264 278 293 309 324 340 355 370 290 289 288 287 286 285 284 283 282 281 280 279 278 277 292 308 323 339 354 369 305 304 303 302 301 300 299 298 297 296 295 294 293 292 291 307 321 320 319 318 317 316 315 314 313 312 311 310 309 308 307 306 336 335 334 333 332 331 330 329 328 327 326 325 324 323 322 338 352 351 350 349 348 347 346 345 344 343 342 341 340 339 338 337 367 366 365 364 363 362 361 360 359 358 357 356 355 354 353 382 381 380 379 378 377 376 375 374 373 372 371 370 369 368 383 385 388 392 397 403 385 384 387 391 396 402 388 387 386 390 395 401 392 391 390 389 394 400 397 396 395 394 393 399 403 402 401 400 399 398 404 406 409 413 418 424 406 405 408 412 417 423 409 408 407 411 416 422 413 412 411 410 415 421 418 417 416 415 414 420 424 423 422 421 420 419 425 427 430 434 439 445 427 426 429 433 438 444 430 429 428 432 437 443 434 433 432 431 436 442 439 438 437 436 435 441 445 444 443 442 441 440 446 448 451 455 460 466 448 447 450 454 459 465 451 450 449 453 458 464 455 454 453 452 457 463 460 459 458 457 456 462 466 465 464 463 462 461 467 469 472 476 481 487 469 468 471 475 480 486 472 471 470 474 479 485 476 475 474 473 478 484 481 480 479 478 477 483 487 486 485 484 483 482 488 490 493 497 502 508 490 489 492 496 501 507 493 492 491 495 500 506 497 496 495 494 499 505 502 501 500 499 498 504 508 507 506 505 504 503 509 511 514 518 523 529 511 510 513 517 522 528 514 513 512 516 521 527 518 517 516 515 520 526 523 522 521 520 519 525 529 528 527 526 525 524 530 532 535 539 544 550 532 531 534 538 543 549 535 534 533 537 542 548 539 538 537 536 541 547 544 543 542 541 540 546 550 549 548 547 546 545 551 553 556 560 565 571 553 552 555 559 564 570 556 555 554 558 563 569 560 559 558 557 562 568 565 564 563 562 561 567 571 570 569 568 567 566 572 574 577 581 586 592 574 573 576 580 585 591 577 576 575 579 584 590 581 580 579 578 583 589 586 585 584 583 582 588 592 591 590 589 588 587 593 595 598 602 607 613 595 594 597 601 606 612 598 597 596 600 605 611 602 601 600 599 604 610 607 606 605 604 603 609 613 612 611 610 609 608 614 616 619 623 628 634 616 615 618 622 627 633 619 618 617 621 626 632 623 622 621 620 625 631 628 627 626 625 624 630 634 633 632 631 630 629 635 637 640 644 649 655 637 636 639 643 648 654 640 639 638 642 647 653 644 643 642 641 646 652 649 648 647 646 645 651 655 654 653 652 651 650 656 658 661 665 670 676 658 657 660 664 669 675 661 660 659 663 668 674 665 664 663 662 667 673 670 669 668 667 666 672 676 675 674 673 672 671 677 679 682 686 691 697 679 678 681 685 690 696 682 681 680 684 689 695 686 685 684 683 688 694 691 690 689 688 687 693 697 696 695 694 693 692 698 700 703 707 712 718 700 699 702 706 711 717 703 702 701 705 710 716 707 706 705 704 709 715 712 711 710 709 708 714 718 717 716 715 714 713 719 721 724 728 733 739 721 720 723 727 732 738 724 723 722 726 731 737 728 727 726 725 730 736 733 732 731 730 729 735 739 738 737 736 735 734 740 742 745 749 754 760 742 741 744 748 753 759 745 744 743 747 752 758 749 748 747 746 751 757 754 753 752 751 750 756 760 759 758 757 756 755 761 763 766 770 775 781 763 762 765 769 774 780 766 765 764 768 773 779 770 769 768 767 772 778 775 774 773 772 771 777 781 780 779 778 777 776 782 784 787 791 796 802 784 783 786 790 795 801 787 786 785 789 794 800 791 790 789 788 793 799 796 795 794 793 792 798 802 801 800 799 798 797 803 805 808 812 817 823 805 804 807 811 816 822 808 807 806 810 815 821 812 811 810 809 814 820 817 816 815 814 813 819 823 822 821 820 819 818 824 826 829 833 838 844 826 825 828 832 837 843 829 828 827 831 836 842 833 832 831 830 835 841 838 837 836 835 834 840 844 843 842 841 840 839 845 847 850 854 859 865 847 846 849 853 858 864 850 849 848 852 857 863 854 853 852 851 856 862 859 858 857 856 855 861 865 864 863 862 861 860 866 868 871 875 880 886 868 867 870 874 879 885 871 870 869 873 878 884 875 874 873 872 877 883 880 879 878 877 876 882 886 885 884 883 882 881 887 889 892 896 901 907 889 888 891 895 900 906 892 891 890 894 899 905 896 895 894 893 898 904 901 900 899 898 897 903 907 906 905 904 903 902 908 910 913 917 922 928 910 909 912 916 921 927 913 912 911 915 920 926 917 916 915 914 919 925 922 921 920 919 918 924 928 927 926 925 924 923

mapD2M                0 36 35 72 71 70 108 107 106 105 144 143 142 141 140 180 179 178 177 176 175 216 215 214 213 212 211 210 252 251 250 249 248 247 246 245 262 261 260 259 258 257 256 255 254 270 269 268 267 266 265 264 263 291 290 289 288 287 286 285 284 283 312 311 310 309 308 307 306 305 304 303 333 332 331 330 329 328 327 326 325 324 323 354 353 352 351 350 349 348 347 346 345 344 343 375 374 373 372 371 370 369 368 367 366 365 364 363 396 395 394 393 392 391 390 389 388 387 386 385 384 383 417 416 415 414 413 412 411 410 409 408 407 406 405 404 403 434 433 432 431 430 429 428 427 426 425 424 423 422 421 420 419 449 448 447 446 445 444 443 442 441 440 439 438 437 436 435 466 465 464 463 462 461 460 459 458 457 456 455 454 453 452 451 481 480 479 478 477 476 475 474 473 472 471 470 469 468 467 496 495 494 493 492 491 490 489 488 487 486 485 484 483 482 504 503 502 501 500 499 498 497 525 524 523 522 521 520 519 518 517 546 545 544 543 542 541 540 539 538 537 567 566 565 564 563 562 561 560 559 558 557 588 587 586 585 584 583 582 581 580 579 578 577 609 608 607 606 605 604 603 602 601 600 599 598 597 630 629 628 627 626 625 624 623 622 621 620 619 618 617 651 650 649 648 647 646 645 644 643 642 641 640 639 638 637 668 667 666 665 664 663 662 661 660 659 658 657 656 655 654 653 683 682 681 680 679 678 677 676 675 674 673 672 671 670 669 700 699 698 697 696 695 694 693 692 691 690 689 688 687 686 685 715 714 713 712 711 710 709 708 707 706 705 704 703 702 701 730 729 728 727 726 725 724 723 722 721 720 719 718 717 716 731 738 737 745 744 743 752 751 750 749 759 758 757 756 755 766 765 764 763 762 761 767 774 773 781 780 779 788 787 786 785 795 794 793 792 791 802 801 800 799 798 797 803 810 809 817 816 815 824 823 822 821 831 830 829 828 827 838 837 836 835 834 833 839 846 845 853 852 851 860 859 858 857 867 866 865 864 863 874 873 872 871 870 869 875 882 881 889 888 887 896 895 894 893 903 902 901 900 899 910 909 908 907 906 905 911 918 917 925 924 923 932 931 930 929 939 938 937 936 935 946 945 944 943 942 941 947 954 953 961 960 959 968 967 966 965 975 974 973 972 971 982 981 980 979 978 977 983 990 989 997 996 995 1004 1003 1002 1001 1011 1010 1009 1008 1007 1018 1017 1016 1015 1014 1013 1019 1026 1025 1033 1032 1031 1040 1039 1038 1037 1047 1046 1045 1044 1043 1054 1053 1052 1051 1050 1049 1055 1062 1061 1069 1068 1067 1076 1075 1074 1073 1083 1082 1081 1080 1079 1090 1089 1088 1087 1086 1085 1091 1098 1097 1105 1104 1103 1112 1111 1110 1109 1119 1118 1117 1116 1115 1126 1125 1124 1123 1122 1121 1127 1134 1133 1141 1140 1139 1148 1147 1146 1145 1155 1154 1153 1152 1151 1162 1161 1160 1159 1158 1157 1163 1170 1169 1177 1176 1175 1184 1183 1182 1181 1191 1190 1189 1188 1187 1198 1197 1196 1195 1194 1193 1199 1206 1205 1213 1212 1211 1220 1219 1218 1217 1227 1226 1225 1224 1223 1234 1233 1232 1231 1230 1229 1235 1242 1241 1249 1248 1247 1256 1255 1254 1253 1263 1262 1261 1260 1259 1270 1269 1268 1267 1266 1265 1271 1278 1277 1285 1284 1283 1292 1291 1290 1289 1299 1298 1297 1296 1295 1306 1305 1304 1303 1302 1301 1307 1314 1313 1321 1320 1319 1328 1327 1326 1325 1335 1334 1333 1332 1331 1342 1341 1340 1339 1338 1337 1343 1350 1349 1357 1356 1355 1364 1363 1362 1361 1371 1370 1369 1368 1367 1378 1377 1376 1375 1374 1373 1379 1386 1385 1393 1392 1391 1400 1399 1398 1397 1407 1406 1405 1404 1403 1414 1413 1412 1411 1410 1409 1415 1422 1421 1429 1428 1427 1436 1435 1434 1433 1443 1442 1441 1440 1439 1450 1449 1448 1447 1446 1445 1451 1458 1457 1465 1464 1463 1472 1471 1470 1469 1479 1478 1477 1476 1475 1486 1485 1484 1483 1482 1481 1487 1494 1493 1501 1500 1499 1508 1507 1506 1505 1515 1514 1513 1512 1511 1522 1521 1520 1519 1518 1517 1523 1530 1529 1537 1536 1535 1544 1543 1542 1541 1551 1550 1549 1548 1547 1558 1557 1556 1555 1554 1553 1559 1566 1565 1573 1572 1571 1580 1579 1578 1577 1587 1586 1585 1584 1583 1594 1593 1592 1591 1590 1589 1595 1602 1601 1609 1608 1607 1616 1615 1614 1613 1623 1622 1621 1620 1619 1630 1629 1628 1627 1626 1625 1631 1638 1637 1645 1644 1643 1652 1651 1650 1649 1659 1658 1657 1656 1655 1666 1665 1664 1663 1662 1661

QDERIV
     0: -5          1: -7.1e-20    2: -2.4e-06    3: -0.0038     4:  0.0027     5: -0.0027     6:  1.5e-07    7:  5.6e-08    8: -1.3e-06    9:  6.3e-05   10: -0.0013    11:  6.3e-05   12:  2.8e-07   13:  6.9e-05   14: -8.1e-08   15:  0.0002    16: -4.7e-07   17: -1e-07     18: -4.7e-07   19: -1e-07     20: -1.8e-07   21: -1.8e-07   22: -6.3e-05   23:  0.0013    24: -6.3e-05   25: -2.2e-07   26: -6.9e-05   27:  5.3e-08   28: -0.0002    29:  4.7e-07   30:  1e-07     31:  4.7e-07   32:  1e-07     33:  1.8e-07   34:  1.8e-07 
     0: -7.1e-20    1: -5          2: -0.00073    3: -2.6e-17    4:  1.9e-17    5: -1.8e-17    6:  9.9e-06    7: -1.1e-06    8:  7.4e-15    9: -2.8e-14   10: -4.2e-06   11:  1.7e-10   12:  6.3e-05   13:  3e-08     14: -6.7e-05   15:  3.9e-06   16: -4.3e-07   17:  9e-08     18:  4.3e-07   19: -9e-08     20: -1.5e-07   21:  1.5e-07   22:  2.8e-14   23:  3.5e-06   24:  1.5e-10   25:  6.3e-05   26: -2.9e-08   27: -6.7e-05   28: -3.9e-06   29:  4.3e-07   30: -9e-08     31: -4.3e-07   32:  9e-08     33:  1.5e-07   34: -1.5e-07 
     0: -2.4e-06    1: -0.00073    2: -5          3: -1.5e-07    4: -8.8e-08    5:  8.8e-08    6: -0.015      7: -0.00092    8:  2.1e-09    9:  7.4e-05   10: -0.0041    11:  7.4e-05   12:  8.1e-06   13:  0.0001    14: -8.4e-06   15:  0.003     16: -6e-07     17: -1e-07     18: -5.1e-07   19: -1.2e-07   20: -2.2e-07   21: -1.9e-07   22:  7.4e-05   23: -0.0041    24:  7.4e-05   25:  7.8e-06   26:  0.0001    27: -8e-06     28:  0.003     29: -5.1e-07   30: -1.2e-07   31: -6e-07     32: -1e-07     33: -1.9e-07   34: -2.2e-07 
     0: -0.0038     1: -2.6e-17    2: -1.5e-07    3: -2e+03      4:  0.013      5: -0.013      6:  1.2e-07    7:  4.4e-08    8: -0.00092    9:  0.0028    10: -0.0008    11:  0.0028    12:  1.9e-05   13:  0.0028    14: -5.2e-06   15:  0.00011   16: -2.6e-07   17: -5.7e-08   18: -2.6e-07   19: -5.7e-08   20: -1e-07     21: -9.9e-08   22: -0.0028    23:  0.0008    24: -0.0028    25: -2.2e-05   26: -0.0028    27:  5.9e-06   28: -0.00011   29:  2.6e-07   30:  5.7e-08   31:  2.6e-07   32:  5.7e-08   33:  1e-07     34:  9.9e-08 
     0:  0.0027     1:  1.9e-17    2: -8.8e-08    3:  0.013      4: -2e+03      5:  0.012      6: -9.2e-08    7: -3.5e-08    8:  0.00093    9: -0.0028    10:  0.00058   11: -0.0028    12:  0.0003    13: -0.0028    14: -8e-05     15: -7.2e-05   16:  1.8e-07   17:  4e-08     18:  1.8e-07   19:  4e-08     20:  6.9e-08   21:  7e-08     22:  0.0028    23: -0.00058   24:  0.0028    25: -0.00029   26:  0.0028    27:  7.9e-05   28:  7.2e-05   29: -1.8e-07   30: -4e-08     31: -1.8e-07   32: -4e-08     33: -7e-08     34: -6.9e-08 
     0: -0.0027     1: -1.8e-17    2:  8.8e-08    3: -0.013      4:  0.012      5: -2e+03      6:  9.2e-08    7:  3.5e-08    8: -0.00092    9:  0.0028    10: -0.00058   11:  0.0028    12: -1.7e-06   13:  0.0028    14:  3.4e-07   15:  7.2e-05   16: -1.8e-07   17: -4e-08     18: -1.8e-07   19: -4e-08     20: -7e-08     21: -6.9e-08   22: -0.0028    23:  0.00058   24: -0.0028    25: -1.7e-06   26: -0.0028    27:  3.4e-07   28: -7.2e-05   29:  1.8e-07   30:  4e-08     31:  1.8e-07   32:  4e-08     33:  7e-08     34:  6.9e-08 
     0:  1.5e-07    1:  9.9e-06    2: -0.015      3:  1.2e-07    4: -9.2e-08    5:  9.2e-08    6: -2e+03      7: -0.00092    8:  2.1e-09    9:  7.4e-05   10: -0.0041    11:  7.4e-05   12:  5.2e-07   13:  0.0001    14: -5.3e-07   15:  0.003     16: -5.5e-07   17: -1.1e-07   18: -5.5e-07   19: -1.1e-07   20: -2e-07     21: -2e-07     22:  7.4e-05   23: -0.0041    24:  7.4e-05   25:  2.5e-07   26:  0.0001    27: -1.2e-07   28:  0.003     29: -5.5e-07   30: -1.1e-07   31: -5.5e-07   32: -1.1e-07   33: -2e-07     34: -2e-07   
     0:  5.6e-08    1: -1.1e-06    2: -0.00092    3:  4.4e-08    4: -3.5e-08    5:  3.5e-08    6: -0.00092    7: -1e+02      8:  2.1e-09 
     0: -1.3e-06    1:  7.4e-15    2:  2.1e-09    3: -0.00092    4:  0.00093    5: -0.00092    6:  2.1e-09    7:  2.1e-09    8: -1e+02   
     0:  6.3e-05    1: -2.8e-14    2:  7.4e-05    3:  0.0028     4: -0.0028     5:  0.0028     6:  7.4e-05    9: -5e+02     10:  6.1e-05   11: -0.0028    12:  1.8e-06   13: -0.0028    14: -3.5e-07   15:  8.1e-06   16: -2.7e-09   17: -5.2e-10   18: -2.3e-09   19: -4.4e-10   20: -8.2e-10   21: -8.3e-10 
     0: -0.0013     1: -4.2e-06    2: -0.0041     3: -0.0008     4:  0.00058    5: -0.00058    6: -0.0041     9:  6.1e-05   10: -5e+02     11:  6.1e-05   12:  3.4e-07   13:  8.7e-05   14: -3.8e-07   15:  0.003     16: -4.6e-07   17: -9.1e-08   18: -4.6e-07   19: -9.1e-08   20: -1.7e-07   21: -1.7e-07 
     0:  6.3e-05    1:  1.7e-10    2:  7.4e-05    3:  0.0028     4: -0.0028     5:  0.0028     6:  7.4e-05    9: -0.0028    10:  6.1e-05   11: -3e+02     12:  1.8e-06   13: -0.0028    14: -3.4e-07   15:  8.1e-06   16: -2.7e-09   17: -5.2e-10   18: -2.3e-09   19: -4.4e-10   20: -8.2e-10   21: -8.3e-10 
     0:  2.8e-07    1:  6.3e-05    2:  8.1e-06    3:  1.9e-05    4:  0.0003     5: -1.7e-06    6:  5.2e-07    9:  1.8e-06   10:  3.4e-07   11:  1.8e-06   12: -3e+02     13:  1.7e-06   14:  0.0029    15:  7.9e-08   16: -1.5e-10   17:  3.9e-11   18: -1.7e-10   19:  3.5e-11   20:  7.3e-11   21: -6.4e-11 
     0:  6.9e-05    1:  3e-08      2:  0.0001     3:  0.0028     4: -0.0028     5:  0.0028     6:  0.0001     9: -0.0028    10:  8.7e-05   11: -0.0028    12:  1.7e-06   13: -3e+02     14: -3.4e-07   15: -1.4e-05   16: -5e-10     17: -1e-10     18: -1e-10     19: -1.3e-11   20: -1.3e-11   21: -3.1e-11 
     0: -8.1e-08    1: -6.7e-05    2: -8.4e-06    3: -5.2e-06    4: -8e-05      5:  3.4e-07    6: -5.3e-07    9: -3.5e-07   10: -3.8e-07   11: -3.4e-07   12:  0.0029    13: -3.4e-07   14: -3e+02     15: -3.5e-10   16:  2.9e-10   17: -7.2e-11   18:  1.6e-11   19: -4.5e-12   20: -2.3e-11   21:  7.7e-12 
     0:  0.0002     1:  3.9e-06    2:  0.003      3:  0.00011    4: -7.2e-05    5:  7.2e-05    6:  0.003      9:  8.1e-06   10:  0.003     11:  8.1e-06   12:  7.9e-08   13: -1.4e-05   14: -3.5e-10   15: -3e+02     16:  1.2e-07   17:  1.8e-08   18:  1.2e-07   19:  1.8e-08   20:  4.1e-08   21:  4e-08   
     0: -4.7e-07    1: -4.3e-07    2: -6e-07      3: -2.6e-07    4:  1.8e-07    5: -1.8e-07    6: -5.5e-07    9: -2.7e-09   10: -4.6e-07   11: -2.7e-09   12: -1.5e-10   13: -5e-10     14:  2.9e-10   15:  1.2e-07   16: -0.1       17: -6.3e-09 
     0: -1e-07      1:  9e-08      2: -1e-07      3: -5.7e-08    4:  4e-08      5: -4e-08      6: -1.1e-07    9: -5.2e-10   10: -9.1e-08   11: -5.2e-10   12:  3.9e-11   13: -1e-10     14: -7.2e-11   15:  1.8e-08   16: -6.3e-09   17: -0.1     
     0: -4.7e-07    1:  4.3e-07    2: -5.1e-07    3: -2.6e-07    4:  1.8e-07    5: -1.8e-07    6: -5.5e-07    9: -2.3e-09   10: -4.6e-07   11: -2.3e-09   12: -1.7e-10   13: -1e-10     14:  1.6e-11   15:  1.2e-07   18: -0.3       19: -6.3e-09 
     0: -1e-07      1: -9e-08      2: -1.2e-07    3: -5.7e-08    4:  4e-08      5: -4e-08      6: -1.1e-07    9: -4.4e-10   10: -9.1e-08   11: -4.4e-10   12:  3.5e-11   13: -1.3e-11   14: -4.5e-12   15:  1.8e-08   18: -6.3e-09   19: -0.1     
     0: -1.8e-07    1: -1.5e-07    2: -2.2e-07    3: -1e-07      4:  6.9e-08    5: -7e-08      6: -2e-07      9: -8.2e-10   10: -1.7e-07   11: -8.2e-10   12:  7.3e-11   13: -1.3e-11   14: -2.3e-11   15:  4.1e-08   20: -0.1     
     0: -1.8e-07    1:  1.5e-07    2: -1.9e-07    3: -9.9e-08    4:  7e-08      5: -6.9e-08    6: -2e-07      9: -8.3e-10   10: -1.7e-07   11: -8.3e-10   12: -6.4e-11   13: -3.1e-11   14:  7.7e-12   15:  4e-08     21: -0.1     
     0: -6.3e-05    1:  2.8e-14    2:  7.4e-05    3: -0.0028     4:  0.0028     5: -0.0028     6:  7.4e-05   22: -5e+02     23:  6.1e-05   24: -0.0028    25: -1.7e-06   26: -0.0028    27:  3.4e-07   28:  8.1e-06   29: -2.7e-09   30: -5.2e-10   31: -2.3e-09   32: -4.4e-10   33: -8.2e-10   34: -8.3e-10 
     0:  0.0013     1:  3.5e-06    2: -0.0041     3:  0.0008     4: -0.00058    5:  0.00058    6: -0.0041    22:  6.1e-05   23: -5e+02     24:  6.1e-05   25:  1.7e-07   26:  8.7e-05   27: -5.7e-08   28:  0.003     29: -4.6e-07   30: -9.1e-08   31: -4.6e-07   32: -9.1e-08   33: -1.7e-07   34: -1.7e-07 
     0: -6.3e-05    1:  1.5e-10    2:  7.4e-05    3: -0.0028     4:  0.0028     5: -0.0028     6:  7.4e-05   22: -0.0028    23:  6.1e-05   24: -3e+02     25: -1.7e-06   26: -0.0028    27:  3.4e-07   28:  8.1e-06   29: -2.7e-09   30: -5.2e-10   31: -2.3e-09   32: -4.4e-10   33: -8.2e-10   34: -8.3e-10 
     0: -2.2e-07    1:  6.3e-05    2:  7.8e-06    3: -2.2e-05    4: -0.00029    5: -1.7e-06    6:  2.5e-07   22: -1.7e-06   23:  1.7e-07   24: -1.7e-06   25: -3e+02     26: -1.7e-06   27:  0.0029    28: -7.9e-08   29:  1.5e-10   30: -3.9e-11   31:  1.7e-10   32: -3.5e-11   33: -7.3e-11   34:  6.4e-11 
     0: -6.9e-05    1: -2.9e-08    2:  0.0001     3: -0.0028     4:  0.0028     5: -0.0028     6:  0.0001    22: -0.0028    23:  8.7e-05   24: -0.0028    25: -1.7e-06   26: -3e+02     27:  3.4e-07   28: -1.4e-05   29: -5e-10     30: -1e-10     31: -1e-10     32: -1.3e-11   33: -1.3e-11   34: -3.1e-11 
     0:  5.3e-08    1: -6.7e-05    2: -8e-06      3:  5.9e-06    4:  7.9e-05    5:  3.4e-07    6: -1.2e-07   22:  3.4e-07   23: -5.7e-08   24:  3.4e-07   25:  0.0029    26:  3.4e-07   27: -3e+02     28:  3.6e-10   29: -2.9e-10   30:  7.2e-11   31: -1.6e-11   32:  4.5e-12   33:  2.3e-11   34: -7.7e-12 
     0: -0.0002     1: -3.9e-06    2:  0.003      3: -0.00011    4:  7.2e-05    5: -7.2e-05    6:  0.003     22:  8.1e-06   23:  0.003     24:  8.1e-06   25: -7.9e-08   26: -1.4e-05   27:  3.6e-10   28: -3e+02     29:  1.2e-07   30:  1.8e-08   31:  1.2e-07   32:  1.8e-08   33:  4.1e-08   34:  4e-08   
     0:  4.7e-07    1:  4.3e-07    2: -5.1e-07    3:  2.6e-07    4: -1.8e-07    5:  1.8e-07    6: -5.5e-07   22: -2.7e-09   23: -4.6e-07   24: -2.7e-09   25:  1.5e-10   26: -5e-10     27: -2.9e-10   28:  1.2e-07   29: -0.1       30: -6.3e-09 
     0:  1e-07      1: -9e-08      2: -1.2e-07    3:  5.7e-08    4: -4e-08      5:  4e-08      6: -1.1e-07   22: -5.2e-10   23: -9.1e-08   24: -5.2e-10   25: -3.9e-11   26: -1e-10     27:  7.2e-11   28:  1.8e-08   29: -6.3e-09   30: -0.1     
     0:  4.7e-07    1: -4.3e-07    2: -6e-07      3:  2.6e-07    4: -1.8e-07    5:  1.8e-07    6: -5.5e-07   22: -2.3e-09   23: -4.6e-07   24: -2.3e-09   25:  1.7e-10   26: -1e-10     27: -1.6e-11   28:  1.2e-07   31: -0.3       32: -6.3e-09 
     0:  1e-07      1:  9e-08      2: -1e-07      3:  5.7e-08    4: -4e-08      5:  4e-08      6: -1.1e-07   22: -4.4e-10   23: -9.1e-08   24: -4.4e-10   25: -3.5e-11   26: -1.3e-11   27:  4.5e-12   28:  1.8e-08   31: -6.3e-09   32: -0.1     
     0:  1.8e-07    1:  1.5e-07    2: -1.9e-07    3:  1e-07      4: -7e-08      5:  7e-08      6: -2e-07     22: -8.2e-10   23: -1.7e-07   24: -8.2e-10   25: -7.3e-11   26: -1.3e-11   27:  2.3e-11   28:  4.1e-08   33: -0.1     
     0:  1.8e-07    1: -1.5e-07    2: -2.2e-07    3:  9.9e-08    4: -6.9e-08    5:  6.9e-08    6: -2e-07     22: -8.3e-10   23: -1.7e-07   24: -8.3e-10   25:  6.4e-11   26: -3.1e-11   27: -7.7e-12   28:  4e-08     34: -0.1     
    35: -0.00011   36: -3.5e-50   37:  0         38:  0         39:  0         40:  0       
    35: -3.5e-50   36: -0.00011   37:  0         38:  0         39:  0         40:  0       
    35:  0         36:  0         37: -0.00011   38:  0         39:  0         40:  0       
    35:  0         36:  0         37:  0         38: -1.4e-05   39: -9.5e-51   40:  0       
    35:  0         36:  0         37:  0         38: -9.5e-51   39: -1.4e-05   40:  0       
    35:  0         36:  0         37:  0         38:  0         39:  0         40: -1.4e-05 
    41: -0.00011   42: -3.5e-50   43:  0         44:  0         45:  0         46:  0       
    41: -3.5e-50   42: -0.00011   43:  0         44:  0         45:  0         46:  0       
    41:  0         42:  0         43: -0.00011   44:  0         45:  0         46:  0       
    41:  0         42:  0         43:  0         44: -1.4e-05   45: -9.5e-51   46:  0       
    41:  0         42:  0         43:  0         44: -9.5e-51   45: -1.4e-05   46:  0       
    41:  0         42:  0         43:  0         44:  0         45:  0         46: -1.4e-05 
    47: -0.00011   48: -1.5e-49   49:  0         50:  0         51:  0         52:  0       
    47: -1.5e-49   48: -0.00011   49:  0         50:  0         51:  0         52:  0       
    47:  0         48:  0         49: -0.00011   50:  0         51:  0         52:  0       
    47:  0         48:  0         49:  0         50: -1.4e-05   51: -3.2e-50   52:  0       
    47:  0         48:  0         49:  0         50: -3.2e-50   51: -1.4e-05   52:  0       
    47:  0         48:  0         49:  0         50:  0         51:  0         52: -1.4e-05 
    53: -0.00011   54: -4.7e-50   55:  0         56:  0         57:  0         58:  0       
    53: -4.7e-50   54: -0.00011   55:  0         56:  0         57:  0         58:  0       
    53:  0         54:  0         55: -0.00011   56:  0         57:  0         58:  0       
    53:  0         54:  0         55:  0         56: -1.4e-05   57: -1.8e-50   58:  0       
    53:  0         54:  0         55:  0         56: -1.8e-50   57: -1.4e-05   58:  0       
    53:  0         54:  0         55:  0         56:  0         57:  0         58: -1.4e-05 
    59: -0.00011   60: -1.1e-50   61:  0         62:  0         63:  0         64:  0       
    59: -1.1e-50   60: -0.00011   61:  0         62:  0         63:  0         64:  0       
    59:  0         60:  0         61: -0.00011   62:  0         63:  0         64:  0       
    59:  0         60:  0         61:  0         62: -1.4e-05   63: -1.4e-51   64:  0       
    59:  0         60:  0         61:  0         62: -1.4e-51   63: -1.4e-05   64:  0       
    59:  0         60:  0         61:  0         62:  0         63:  0         64: -1.4e-05 
    65: -0.00011   66:  1.8e-49   67:  0         68:  0         69:  0         70:  0       
    65:  1.8e-49   66: -0.00011   67:  0         68:  0         69:  0         70:  0       
    65:  0         66:  0         67: -0.00011   68:  0         69:  0         70:  0       
    65:  0         66:  0         67:  0         68: -1.4e-05   69:  3e-50     70:  0       
    65:  0         66:  0         67:  0         68:  3e-50     69: -1.4e-05   70:  0       
    65:  0         66:  0         67:  0         68:  0         69:  0         70: -1.4e-05 
    71: -0.00011   72:  3.8e-49   73:  0         74:  0         75:  0         76:  0       
    71:  3.8e-49   72: -0.00011   73:  0         74:  0         75:  0         76:  0       
    71:  0         72:  0         73: -0.00011   74:  0         75:  0         76:  0       
    71:  0         72:  0         73:  0         74: -1.4e-05   75:  2e-50     76:  0       
    71:  0         72:  0         73:  0         74:  2e-50     75: -1.4e-05   76:  0       
    71:  0         72:  0         73:  0         74:  0         75:  0         76: -1.4e-05 
    77: -0.00011   78:  3.1e-50   79:  0         80:  0         81:  0         82:  0       
    77:  3.1e-50   78: -0.00011   79:  0         80:  0         81:  0         82:  0       
    77:  0         78:  0         79: -0.00011   80:  0         81:  0         82:  0       
    77:  0         78:  0         79:  0         80: -1.4e-05   81:  4.2e-51   82:  0       
    77:  0         78:  0         79:  0         80:  4.2e-51   81: -1.4e-05   82:  0       
    77:  0         78:  0         79:  0         80:  0         81:  0         82: -1.4e-05 
    83: -0.00011   84:  1.8e-49   85:  0         86:  0         87:  0         88:  0       
    83:  1.8e-49   84: -0.00011   85:  0         86:  0         87:  0         88:  0       
    83:  0         84:  0         85: -0.00011   86:  0         87:  0         88:  0       
    83:  0         84:  0         85:  0         86: -1.4e-05   87:  3e-50     88:  0       
    83:  0         84:  0         85:  0         86:  3e-50     87: -1.4e-05   88:  0       
    83:  0         84:  0         85:  0         86:  0         87:  0         88: -1.4e-05 
    89: -0.00011   90:  2.2e-49   91:  0         92:  0         93:  0         94:  0       
    89:  2.2e-49   90: -0.00011   91:  0         92:  0         93:  0         94:  0       
    89:  0         90:  0         91: -0.00011   92:  0         93:  0         94:  0       
    89:  0         90:  0         91:  0         92: -1.4e-05   93:  3.4e-50   94:  0       
    89:  0         90:  0         91:  0         92:  3.4e-50   93: -1.4e-05   94:  0       
    89:  0         90:  0         91:  0         92:  0         93:  0         94: -1.4e-05 
    95: -0.00011   96: -1.1e-49   97:  0         98:  0         99:  0         100:  0       
    95: -1.1e-49   96: -0.00011   97:  0         98:  0         99:  0         100:  0       
    95:  0         96:  0         97: -0.00011   98:  0         99:  0         100:  0       
    95:  0         96:  0         97:  0         98: -1.4e-05   99: -1.9e-50   100:  0       
    95:  0         96:  0         97:  0         98: -1.9e-50   99: -1.4e-05   100:  0       
    95:  0         96:  0         97:  0         98:  0         99:  0         100: -1.4e-05 
    101: -0.00011   102: -1.1e-49   103:  0         104:  0         105:  0         106:  0       
    101: -1.1e-49   102: -0.00011   103:  0         104:  0         105:  0         106:  0       
    101:  0         102:  0         103: -0.00011   104:  0         105:  0         106:  0       
    101:  0         102:  0         103:  0         104: -1.4e-05   105: -1.9e-50   106:  0       
    101:  0         102:  0         103:  0         104: -1.9e-50   105: -1.4e-05   106:  0       
    101:  0         102:  0         103:  0         104:  0         105:  0         106: -1.4e-05 
    107: -0.00011   108: -1.1e-49   109:  0         110:  0         111:  0         112:  0       
    107: -1.1e-49   108: -0.00011   109:  0         110:  0         111:  0         112:  0       
    107:  0         108:  0         109: -0.00011   110:  0         111:  0         112:  0       
    107:  0         108:  0         109:  0         110: -1.4e-05   111: -1.9e-50   112:  0       
    107:  0         108:  0         109:  0         110: -1.9e-50   111: -1.4e-05   112:  0       
    107:  0         108:  0         109:  0         110:  0         111:  0         112: -1.4e-05 
    113: -0.00011   114: -1.1e-49   115:  0         116:  0         117:  0         118:  0       
    113: -1.1e-49   114: -0.00011   115:  0         116:  0         117:  0         118:  0       
    113:  0         114:  0         115: -0.00011   116:  0         117:  0         118:  0       
    113:  0         114:  0         115:  0         116: -1.4e-05   117: -1.9e-50   118:  0       
    113:  0         114:  0         115:  0         116: -1.9e-50   117: -1.4e-05   118:  0       
    113:  0         114:  0         115:  0         116:  0         117:  0         118: -1.4e-05 
    119: -0.00011   120:  1.8e-49   121:  0         122:  0         123:  0         124:  0       
    119:  1.8e-49   120: -0.00011   121:  0         122:  0         123:  0         124:  0       
    119:  0         120:  0         121: -0.00011   122:  0         123:  0         124:  0       
    119:  0         120:  0         121:  0         122: -1.4e-05   123:  3e-50     124:  0       
    119:  0         120:  0         121:  0         122:  3e-50     123: -1.4e-05   124:  0       
    119:  0         120:  0         121:  0         122:  0         123:  0         124: -1.4e-05 
    125: -0.00011   126: -1.1e-49   127:  0         128:  0         129:  0         130:  0       
    125: -1.1e-49   126: -0.00011   127:  0         128:  0         129:  0         130:  0       
    125:  0         126:  0         127: -0.00011   128:  0         129:  0         130:  0       
    125:  0         126:  0         127:  0         128: -1.4e-05   129: -1.9e-50   130:  0       
    125:  0         126:  0         127:  0         128: -1.9e-50   129: -1.4e-05   130:  0       
    125:  0         126:  0         127:  0         128:  0         129:  0         130: -1.4e-05 
    131: -0.00011   132: -1.1e-49   133:  0         134:  0         135:  0         136:  0       
    131: -1.1e-49   132: -0.00011   133:  0         134:  0         135:  0         136:  0       
    131:  0         132:  0         133: -0.00011   134:  0         135:  0         136:  0       
    131:  0         132:  0         133:  0         134: -1.4e-05   135: -1.9e-50   136:  0       
    131:  0         132:  0         133:  0         134: -1.9e-50   135: -1.4e-05   136:  0       
    131:  0         132:  0         133:  0         134:  0         135:  0         136: -1.4e-05 
    137: -0.00011   138: -1.1e-49   139:  0         140:  0         141:  0         142:  0       
    137: -1.1e-49   138: -0.00011   139:  0         140:  0         141:  0         142:  0       
    137:  0         138:  0         139: -0.00011   140:  0         141:  0         142:  0       
    137:  0         138:  0         139:  0         140: -1.4e-05   141: -1.9e-50   142:  0       
    137:  0         138:  0         139:  0         140: -1.9e-50   141: -1.4e-05   142:  0       
    137:  0         138:  0         139:  0         140:  0         141:  0         142: -1.4e-05 
    143: -0.00011   144: -1.1e-49   145:  0         146:  0         147:  0         148:  0       
    143: -1.1e-49   144: -0.00011   145:  0         146:  0         147:  0         148:  0       
    143:  0         144:  0         145: -0.00011   146:  0         147:  0         148:  0       
    143:  0         144:  0         145:  0         146: -1.4e-05   147: -1.9e-50   148:  0       
    143:  0         144:  0         145:  0         146: -1.9e-50   147: -1.4e-05   148:  0       
    143:  0         144:  0         145:  0         146:  0         147:  0         148: -1.4e-05 
    149: -0.00011   150:  3.1e-50   151:  0         152:  0         153:  0         154:  0       
    149:  3.1e-50   150: -0.00011   151:  0         152:  0         153:  0         154:  0       
    149:  0         150:  0         151: -0.00011   152:  0         153:  0         154:  0       
    149:  0         150:  0         151:  0         152: -1.4e-05   153:  4.2e-51   154:  0       
    149:  0         150:  0         151:  0         152:  4.2e-51   153: -1.4e-05   154:  0       
    149:  0         150:  0         151:  0         152:  0         153:  0         154: -1.4e-05 
    155: -0.00011   156:  5.2e-50   157:  0         158:  0         159:  0         160:  0       
    155:  5.2e-50   156: -0.00011   157:  0         158:  0         159:  0         160:  0       
    155:  0         156:  0         157: -0.00011   158:  0         159:  0         160:  0       
    155:  0         156:  0         157:  0         158: -1.4e-05   159:  9e-51     160:  0       
    155:  0         156:  0         157:  0         158:  9e-51     159: -1.4e-05   160:  0       
    155:  0         156:  0         157:  0         158:  0         159:  0         160: -1.4e-05 
    161: -0.00011   162:  5.2e-50   163:  0         164:  0         165:  0         166:  0       
    161:  5.2e-50   162: -0.00011   163:  0         164:  0         165:  0         166:  0       
    161:  0         162:  0         163: -0.00011   164:  0         165:  0         166:  0       
    161:  0         162:  0         163:  0         164: -1.4e-05   165:  9e-51     166:  0       
    161:  0         162:  0         163:  0         164:  9e-51     165: -1.4e-05   166:  0       
    161:  0         162:  0         163:  0         164:  0         165:  0         166: -1.4e-05 
    167: -0.00011   168:  9.6e-51   169:  0         170:  0         171:  0         172:  0       
    167:  9.6e-51   168: -0.00011   169:  0         170:  0         171:  0         172:  0       
    167:  0         168:  0         169: -0.00011   170:  0         171:  0         172:  0       
    167:  0         168:  0         169:  0         170: -1.4e-05   171: -4.1e-51   172:  0       
    167:  0         168:  0         169:  0         170: -4.1e-51   171: -1.4e-05   172:  0       
    167:  0         168:  0         169:  0         170:  0         171:  0         172: -1.4e-05 
    173: -0.00011   174:  1.9e-50   175:  0         176:  0         177:  0         178:  0       
    173:  1.9e-50   174: -0.00011   175:  0         176:  0         177:  0         178:  0       
    173:  0         174:  0         175: -0.00011   176:  0         177:  0         178:  0       
    173:  0         174:  0         175:  0         176: -1.4e-05   177:  2.3e-51   178:  0       
    173:  0         174:  0         175:  0         176:  2.3e-51   177: -1.4e-05   178:  0       
    173:  0         174:  0         175:  0         176:  0         177:  0         178: -1.4e-05 
    179: -0.00011   180: -2e-49     181:  0         182:  0         183:  0         184:  0       
    179: -2e-49     180: -0.00011   181:  0         182:  0         183:  0         184:  0       
    179:  0         180:  0         181: -0.00011   182:  0         183:  0         184:  0       
    179:  0         180:  0         181:  0         182: -1.4e-05   183: -2.9e-50   184:  0       
    179:  0         180:  0         181:  0         182: -2.9e-50   183: -1.4e-05   184:  0       
    179:  0         180:  0         181:  0         182:  0         183:  0         184: -1.4e-05 
    185: -0.00011   186:  1.7e-50   187:  0         188:  0         189:  0         190:  0       
    185:  1.7e-50   186: -0.00011   187:  0         188:  0         189:  0         190:  0       
    185:  0         186:  0         187: -0.00011   188:  0         189:  0         190:  0       
    185:  0         186:  0         187:  0         188: -1.4e-05   189: -1.4e-50   190:  0       
    185:  0         186:  0         187:  0         188: -1.4e-50   189: -1.4e-05   190:  0       
    185:  0         186:  0         187:  0         188:  0         189:  0         190: -1.4e-05 

CONTACT
  0:
     dim           3
     geoms         ground_col : obstacle_0_g0
     exclude       0
     efc_address   47
     solref         0.011     1       
     solimp         0.95      0.97      0.001     0.5       2       
     dist          -7.3e-06 
     includemargin  0       
     pos           -0.3       3.7      -0.001   
     frame          0         0         1         0         1         0        -1         0         0       
     friction       1         1         0.005     0.0001    0.0001  
     mu             0.22    
  1:
     dim           3
     geoms         ground_col : obstacle_0_g0
     exclude       0
     efc_address   50
     solref         0.011     1       
     solimp         0.95      0.97      0.001     0.5       2       
     dist          -7.3e-06 
     includemargin  0       
     pos            0.3       3.7      -0.001   
     frame          0         0         1         0         1         0        -1         0         0       
     friction       1         1         0.005     0.0001    0.0001  
     mu             0.22    
  2:
     dim           3
     geoms         ground_col : obstacle_0_g0
     exclude       0
     efc_address   53
     solref         0.011     1       
     solimp         0.95      0.97      0.001     0.5       2       
     dist          -7.3e-06 
     includemargin  0       
     pos           -0.3       4.3      -0.001   
     frame          0         0         1         0         1         0        -1         0         0       
     friction       1         1         0.005     0.0001    0.0001  
     mu             0.22    
  3:
     dim           3
     geoms         ground_col : obstacle_0_g0
     exclude       0
     efc_address   56
     solref         0.011     1       
     solimp         0.95      0.97      0.001     0.5       2       
     dist          -7.3e-06 
     includemargin  0       
     pos            0.3       4.3      -0.001   
     frame          0         0         1         0         1         0        -1         0         0       
     friction       1         1         0.005     0.0001    0.0001  
     mu             0.22    
  4:
     dim           3
     geoms         ground_vis : obstacle_0_g0
     exclude       0
     efc_address   59
     solref         0.011     1       
     solimp         0.95      0.97      0.001     0.5       2       
     dist          -7.3e-06 
     includemargin  0       
     pos           -0.3       3.7      -0.001   
     frame          0         0         1         0         1         0        -1         0         0       
     friction       1         1         0.005     0.0001    0.0001  
     mu             0.22    
  5:
     dim           3
     geoms         ground_vis : obstacle_0_g0
     exclude       0
     efc_address   62
     solref         0.011     1       
     solimp         0.95      0.97      0.001     0.5       2       
     dist          -7.3e-06 
     includemargin  0       
     pos            0.3       3.7      -0.001   
     frame          0         0         1         0         1         0        -1         0         0       
     friction       1         1         0.005     0.0001    0.0001  
     mu             0.22    
  6:
     dim           3
     geoms         ground_vis : obstacle_0_g0
     exclude       0
     efc_address   65
     solref         0.011     1       
     solimp         0.95      0.97      0.001     0.5       2       
     dist          -7.3e-06 
     includemargin  0       
     pos           -0.3       4.3      -0.001   
     frame          0         0         1         0         1         0        -1         0         0       
     friction       1         1         0.005     0.0001    0.0001  
     mu             0.22    
  7:
     dim           3
     geoms         ground_vis : obstacle_0_g0
     exclude       0
     efc_address   68
     solref         0.011     1       
     solimp         0.95      0.97      0.001     0.5       2       
     dist          -7.3e-06 
     includemargin  0       
     pos            0.3       4.3      -0.001   
     frame          0         0         1         0         1         0        -1         0         0       
     friction       1         1         0.005     0.0001    0.0001  
     mu             0.22    
  8:
     dim           3
     geoms         ground_col : obstacle_1_g0
     exclude       0
     efc_address   71
     solref         0.011     1       
     solimp         0.95      0.97      0.001     0.5       2       
     dist          -7.3e-06 
     includemargin  0       
     pos           -0.3       5.7      -0.001   
     frame          0         0         1         0         1         0        -1         0         0       
     friction       1         1         0.005     0.0001    0.0001  
     mu             0.22    
  9:
     dim           3
     geoms         ground_col : obstacle_1_g0
     exclude       0
     efc_address   74
     solref         0.011     1       
     solimp         0.95      0.97      0.001     0.5       2       
     dist          -7.3e-06 
     includemargin  0       
     pos            0.3       5.7      -0.001   
     frame          0         0         1         0         1         0        -1         0         0       
     friction       1         1         0.005     0.0001    0.0001  
     mu             0.22    
  10:
     dim           3
     geoms         ground_col : obstacle_1_g0
     exclude       0
     efc_address   77
     solref         0.011     1       
     solimp         0.95      0.97      0.001     0.5       2       
     dist          -7.3e-06 
     includemargin  0       
     pos           -0.3       6.3      -0.001   
     frame          0         0         1         0         1         0        -1         0         0       
     friction       1         1         0.005     0.0001    0.0001  
     mu             0.22    
  11:
     dim           3
     geoms         ground_col : obstacle_1_g0
     exclude       0
     efc_address   80
     solref         0.011     1       
     solimp         0.95      0.97      0.001     0.5       2       
     dist          -7.3e-06 
     includemargin  0       
     pos            0.3       6.3      -0.001   
     frame          0         0         1         0         1         0        -1         0         0       
     friction       1         1         0.005     0.0001    0.0001  
     mu             0.22    
  12:
     dim           3
     geoms         ground_vis : obstacle_1_g0
     exclude       0
     efc_address   83
     solref         0.011     1       
     solimp         0.95      0.97      0.001     0.5       2       
     dist          -7.3e-06 
     includemargin  0       
     pos           -0.3       5.7      -0.001   
     frame          0         0         1         0         1         0        -1         0         0       
     friction       1         1         0.005     0.0001    0.0001  
     mu             0.22    
  13:
     dim           3
     geoms         ground_vis : obstacle_1_g0
     exclude       0
     efc_address   86
     solref         0.011     1       
     solimp         0.95      0.97      0.001     0.5       2       
     dist          -7.3e-06 
     includemargin  0       
     pos            0.3       5.7      -0.001   
     frame          0         0         1         0         1         0        -1         0         0       
     friction       1         1         0.005     0.0001    0.0001  
     mu             0.22    
  14:
     dim           3
     geoms         ground_vis : obstacle_1_g0
     exclude       0
     efc_address   89
     solref         0.011     1       
     solimp         0.95      0.97      0.001     0.5       2       
     dist          -7.3e-06 
     includemargin  0       
     pos           -0.3       6.3      -0.001   
     frame          0         0         1         0         1         0        -1         0         0       
     friction       1         1         0.005     0.0001    0.0001  
     mu             0.22    
  15:
     dim           3
     geoms         ground_vis : obstacle_1_g0
     exclude       0
     efc_address   92
     solref         0.011     1       
     solimp         0.95      0.97      0.001     0.5       2       
     dist          -7.3e-06 
     includemargin  0       
     pos            0.3       6.3      -0.001   
     frame          0         0         1         0         1         0        -1         0         0       
     friction       1         1         0.005     0.0001    0.0001  
     mu             0.22    
  16:
     dim           3
     geoms         ground_col : obstacle_2_g0
     exclude       0
     efc_address   95
     solref         0.011     1       
     solimp         0.95      0.97      0.001     0.5       2       
     dist          -7.3e-06 
     includemargin  0       
     pos           -0.3       8.7      -0.001   
     frame          0         0         1         0         1         0        -1         0         0       
     friction       1         1         0.005     0.0001    0.0001  
     mu             0.22    
  17:
     dim           3
     geoms         ground_col : obstacle_2_g0
     exclude       0
     efc_address   98
     solref         0.011     1       
     solimp         0.95      0.97      0.001     0.5       2       
     dist          -7.3e-06 
     includemargin  0       
     pos            0.3       8.7      -0.001   
     frame          0         0         1         0         1         0        -1         0         0       
     friction       1         1         0.005     0.0001    0.0001  
     mu             0.22    
  18:
     dim           3
     geoms         ground_col : obstacle_2_g0
     exclude       0
     efc_address   101
     solref         0.011     1       
     solimp         0.95      0.97      0.001     0.5       2       
     dist          -7.3e-06 
     includemargin  0       
     pos           -0.3       9.3      -0.001   
     frame          0         0         1         0         1         0        -1         0         0       
     friction       1         1         0.005     0.0001    0.0001  
     mu             0.22    
  19:
     dim           3
     geoms         ground_col : obstacle_2_g0
     exclude       0
     efc_address   104
     solref         0.011     1       
     solimp         0.95      0.97      0.001     0.5       2       
     dist          -7.3e-06 
     includemargin  0       
     pos            0.3       9.3      -0.001   
     frame          0         0         1         0         1         0        -1         0         0       
     friction       1         1         0.005     0.0001    0.0001  
     mu             0.22    
  20:
     dim           3
     geoms         ground_vis : obstacle_2_g0
     exclude       0
     efc_address   107
     solref         0.011     1       
     solimp         0.95      0.97      0.001     0.5       2       
     dist          -7.3e-06 
     includemargin  0       
     pos           -0.3       8.7      -0.001   
     frame          0         0         1         0         1         0        -1         0         0       
     friction       1         1         0.005     0.0001    0.0001  
     mu             0.22    
  21:
     dim           3
     geoms         ground_vis : obstacle_2_g0
     exclude       0
     efc_address   110
     solref         0.011     1       
     solimp         0.95      0.97      0.001     0.5       2       
     dist          -7.3e-06 
     includemargin  0       
     pos            0.3       8.7      -0.001   
     frame          0         0         1         0         1         0        -1         0         0       
     friction       1         1         0.005     0.0001    0.0001  
     mu             0.22    
  22:
     dim           3
     geoms         ground_vis : obstacle_2_g0
     exclude       0
     efc_address   113
     solref         0.011     1       
     solimp         0.95      0.97      0.001     0.5       2       
     dist          -7.3e-06 
     includemargin  0       
     pos           -0.3       9.3      -0.001   
     frame          0         0         1         0         1         0        -1         0         0       
     friction       1         1         0.005     0.0001    0.0001  
     mu             0.22    
  23:
     dim           3
     geoms         ground_vis : obstacle_2_g0
     exclude       0
     efc_address   116
     solref         0.011     1       
     solimp         0.95      0.97      0.001     0.5       2       
     dist          -7.3e-06 
     includemargin  0       
     pos            0.3       9.3      -0.001   
     frame          0         0         1         0         1         0        -1         0         0       
     friction       1         1         0.005     0.0001    0.0001  
     mu             0.22    
  24:
     dim           3
     geoms         ground_col : obstacle_3_g0
     exclude       0
     efc_address   119
     solref         0.011     1       
     solimp         0.95      0.97      0.001     0.5       2       
     dist          -7.3e-06 
     includemargin  0       
     pos            0.7       6.7      -0.001   
     frame          0         0         1         0         1         0        -1         0         0       
     friction       1         1         0.005     0.0001    0.0001  
     mu             0.22    
  25:
     dim           3
     geoms         ground_col : obstacle_3_g0
     exclude       0
     efc_address   122
     solref         0.011     1       
     solimp         0.95      0.97      0.001     0.5       2       
     dist          -7.3e-06 
     includemargin  0       
     pos            1.3       6.7      -0.001   
     frame          0         0         1         0         1         0        -1         0         0       
     friction       1         1         0.005     0.0001    0.0001  
     mu             0.22    
  26:
     dim           3
     geoms         ground_col : obstacle_3_g0
     exclude       0
     efc_address   125
     solref         0.011     1       
     solimp         0.95      0.97      0.001     0.5       2       
     dist          -7.3e-06 
     includemargin  0       
     pos            0.7       7.3      -0.001   
     frame          0         0         1         0         1         0        -1         0         0       
     friction       1         1         0.005     0.0001    0.0001  
     mu             0.22    
  27:
     dim           3
     geoms         ground_col : obstacle_3_g0
     exclude       0
     efc_address   128
     solref         0.011     1       
     solimp         0.95      0.97      0.001     0.5       2       
     dist          -7.3e-06 
     includemargin  0       
     pos            1.3       7.3      -0.001   
     frame          0         0         1         0         1         0        -1         0         0       
     friction       1         1         0.005     0.0001    0.0001  
     mu             0.22    
  28:
     dim           3
     geoms         ground_vis : obstacle_3_g0
     exclude       0
     efc_address   131
     solref         0.011     1       
     solimp         0.95      0.97      0.001     0.5       2       
     dist          -7.3e-06 
     includemargin  0       
     pos            0.7       6.7      -0.001   
     frame          0         0         1         0         1         0        -1         0         0       
     friction       1         1         0.005     0.0001    0.0001  
     mu             0.22    
  29:
     dim           3
     geoms         ground_vis : obstacle_3_g0
     exclude       0
     efc_address   134
     solref         0.011     1       
     solimp         0.95      0.97      0.001     0.5       2       
     dist          -7.3e-06 
     includemargin  0       
     pos            1.3       6.7      -0.001   
     frame          0         0         1         0         1         0        -1         0         0       
     friction       1         1         0.005     0.0001    0.0001  
     mu             0.22    
  30:
     dim           3
     geoms         ground_vis : obstacle_3_g0
     exclude       0
     efc_address   137
     solref         0.011     1       
     solimp         0.95      0.97      0.001     0.5       2       
     dist          -7.3e-06 
     includemargin  0       
     pos            0.7       7.3      -0.001   
     frame          0         0         1         0         1         0        -1         0         0       
     friction       1         1         0.005     0.0001    0.0001  
     mu             0.22    
  31:
     dim           3
     geoms         ground_vis : obstacle_3_g0
     exclude       0
     efc_address   140
     solref         0.011     1       
     solimp         0.95      0.97      0.001     0.5       2       
     dist          -7.3e-06 
     includemargin  0       
     pos            1.3       7.3      -0.001   
     frame          0         0         1         0         1         0        -1         0         0       
     friction       1         1         0.005     0.0001    0.0001  
     mu             0.22    
  32:
     dim           3
     geoms         ground_col : obstacle_4_g0
     exclude       0
     efc_address   143
     solref         0.011     1       
     solimp         0.95      0.97      0.001     0.5       2       
     dist          -7.3e-06 
     includemargin  0       
     pos            1.7       3.7      -0.001   
     frame          0         0         1         0         1         0        -1         0         0       
     friction       1         1         0.005     0.0001    0.0001  
     mu             0.22    
  33:
     dim           3
     geoms         ground_col : obstacle_4_g0
     exclude       0
     efc_address   146
     solref         0.011     1       
     solimp         0.95      0.97      0.001     0.5       2       
     dist          -7.3e-06 
     includemargin  0       
     pos            2.3       3.7      -0.001   
     frame          0         0         1         0         1         0        -1         0         0       
     friction       1         1         0.005     0.0001    0.0001  
     mu             0.22    
  34:
     dim           3
     geoms         ground_col : obstacle_4_g0
     exclude       0
     efc_address   149
     solref         0.011     1       
     solimp         0.95      0.97      0.001     0.5       2       
     dist          -7.3e-06 
     includemargin  0       
     pos            1.7       4.3      -0.001   
     frame          0         0         1         0         1         0        -1         0         0       
     friction       1         1         0.005     0.0001    0.0001  
     mu             0.22    
  35:
     dim           3
     geoms         ground_col : obstacle_4_g0
     exclude       0
     efc_address   152
     solref         0.011     1       
     solimp         0.95      0.97      0.001     0.5       2       
     dist          -7.3e-06 
     includemargin  0       
     pos            2.3       4.3      -0.001   
     frame          0         0         1         0         1         0        -1         0         0       
     friction       1         1         0.005     0.0001    0.0001  
     mu             0.22    
  36:
     dim           3
     geoms         ground_vis : obstacle_4_g0
     exclude       0
     efc_address   155
     solref         0.011     1       
     solimp         0.95      0.97      0.001     0.5       2       
     dist          -7.3e-06 
     includemargin  0       
     pos            1.7       3.7      -0.001   
     frame          0         0         1         0         1         0        -1         0         0       
     friction       1         1         0.005     0.0001    0.0001  
     mu             0.22    
  37:
     dim           3
     geoms         ground_vis : obstacle_4_g0
     exclude       0
     efc_address   158
     solref         0.011     1       
     solimp         0.95      0.97      0.001     0.5       2       
     dist          -7.3e-06 
     includemargin  0       
     pos            2.3       3.7      -0.001   
     frame          0         0         1         0         1         0        -1         0         0       
     friction       1         1         0.005     0.0001    0.0001  
     mu             0.22    
  38:
     dim           3
     geoms         ground_vis : obstacle_4_g0
     exclude       0
     efc_address   161
     solref         0.011     1       
     solimp         0.95      0.97      0.001     0.5       2       
     dist          -7.3e-06 
     includemargin  0       
     pos            1.7       4.3      -0.001   
     frame          0         0         1         0         1         0        -1         0         0       
     friction       1         1         0.005     0.0001    0.0001  
     mu             0.22    
  39:
     dim           3
     geoms         ground_vis : obstacle_4_g0
     exclude       0
     efc_address   164
     solref         0.011     1       
     solimp         0.95      0.97      0.001     0.5       2       
     dist          -7.3e-06 
     includemargin  0       
     pos            2.3       4.3      -0.001   
     frame          0         0         1         0         1         0        -1         0         0       
     friction       1         1         0.005     0.0001    0.0001  
     mu             0.22    
  40:
     dim           3
     geoms         ground_col : obstacle_5_g0
     exclude       0
     efc_address   167
     solref         0.011     1       
     solimp         0.95      0.97      0.001     0.5       2       
     dist          -7.3e-06 
     includemargin  0       
     pos            2.7      -0.3      -0.001   
     frame          0         0         1         0         1         0        -1         0         0       
     friction       1         1         0.005     0.0001    0.0001  
     mu             0.22    
  41:
     dim           3
     geoms         ground_col : obstacle_5_g0
     exclude       0
     efc_address   170
     solref         0.011     1       
     solimp         0.95      0.97      0.001     0.5       2       
     dist          -7.3e-06 
     includemargin  0       
     pos            3.3      -0.3      -0.001   
     frame          0         0         1         0         1         0        -1         0         0       
     friction       1         1         0.005     0.0001    0.0001  
     mu             0.22    
  42:
     dim           3
     geoms         ground_col : obstacle_5_g0
     exclude       0
     efc_address   173
     solref         0.011     1       
     solimp         0.95      0.97      0.001     0.5       2       
     dist          -7.3e-06 
     includemargin  0       
     pos            2.7       0.3      -0.001   
     frame          0         0         1         0         1         0        -1         0         0       
     friction       1         1         0.005     0.0001    0.0001  
     mu             0.22    
  43:
     dim           3
     geoms         ground_col : obstacle_5_g0
     exclude       0
     efc_address   176
     solref         0.011     1       
     solimp         0.95      0.97      0.001     0.5       2       
     dist          -7.3e-06 
     includemargin  0       
     pos            3.3       0.3      -0.001   
     frame          0         0         1         0         1         0        -1         0         0       
     friction       1         1         0.005     0.0001    0.0001  
     mu             0.22    
  44:
     dim           3
     geoms         ground_vis : obstacle_5_g0
     exclude       0
     efc_address   179
     solref         0.011     1       
     solimp         0.95      0.97      0.001     0.5       2       
     dist          -7.3e-06 
     includemargin  0       
     pos            2.7      -0.3      -0.001   
     frame          0         0         1         0         1         0        -1         0         0       
     friction       1         1         0.005     0.0001    0.0001  
     mu             0.22    
  45:
     dim           3
     geoms         ground_vis : obstacle_5_g0
     exclude       0
     efc_address   182
     solref         0.011     1       
     solimp         0.95      0.97      0.001     0.5       2       
     dist          -7.3e-06 
     includemargin  0       
     pos            3.3      -0.3      -0.001   
     frame          0         0         1         0         1         0        -1         0         0       
     friction       1         1         0.005     0.0001    0.0001  
     mu             0.22    
  46:
     dim           3
     geoms         ground_vis : obstacle_5_g0
     exclude       0
     efc_address   185
     solref         0.011     1       
     solimp         0.95      0.97      0.001     0.5       2       
     dist          -7.3e-06 
     includemargin  0       
     pos            2.7       0.3      -0.001   
     frame          0         0         1         0         1         0        -1         0         0       
     friction       1         1         0.005     0.0001    0.0001  
     mu             0.22    
  47:
     dim           3
     geoms         ground_vis : obstacle_5_g0
     exclude       0
     efc_address   188
     solref         0.011     1       
     solimp         0.95      0.97      0.001     0.5       2       
     dist          -7.3e-06 
     includemargin  0       
     pos            3.3       0.3      -0.001   
     frame          0         0         1         0         1         0        -1         0         0       
     friction       1         1         0.005     0.0001    0.0001  
     mu             0.22    
  48:
     dim           3
     geoms         ground_col : obstacle_6_g0
     exclude       0
     efc_address   191
     solref         0.011     1       
     solimp         0.95      0.97      0.001     0.5       2       
     dist          -7.3e-06 
     includemargin  0       
     pos            2.7       7.7      -0.001   
     frame          0         0         1         0         1         0        -1         0         0       
     friction       1         1         0.005     0.0001    0.0001  
     mu             0.22    
  49:
     dim           3
     geoms         ground_col : obstacle_6_g0
     exclude       0
     efc_address   194
     solref         0.011     1       
     solimp         0.95      0.97      0.001     0.5       2       
     dist          -7.3e-06 
     includemargin  0       
     pos            3.3       7.7      -0.001   
     frame          0         0         1         0         1         0        -1         0         0       
     friction       1         1         0.005     0.0001    0.0001  
     mu             0.22    
  50:
     dim           3
     geoms         ground_col : obstacle_6_g0
     exclude       0
     efc_address   197
     solref         0.011     1       
     solimp         0.95      0.97      0.001     0.5       2       
     dist          -7.3e-06 
     includemargin  0       
     pos            2.7       8.3      -0.001   
     frame          0         0         1         0         1         0        -1         0         0       
     friction       1         1         0.005     0.0001    0.0001  
     mu             0.22    
  51:
     dim           3
     geoms         ground_col : obstacle_6_g0
     exclude       0
     efc_address   200
     solref         0.011     1       
     solimp         0.95      0.97      0.001     0.5       2       
     dist          -7.3e-06 
     includemargin  0       
     pos            3.3       8.3      -0.001   
     frame          0         0         1         0         1         0        -1         0         0       
     friction       1         1         0.005     0.0001    0.0001  
     mu             0.22    
  52:
     dim           3
     geoms         ground_vis : obstacle_6_g0
     exclude       0
     efc_address   203
     solref         0.011     1       
     solimp         0.95      0.97      0.001     0.5       2       
     dist          -7.3e-06 
     includemargin  0       
     pos            2.7       7.7      -0.001   
     frame          0         0         1         0         1         0        -1         0         0       
     friction       1         1         0.005     0.0001    0.0001  
     mu             0.22    
  53:
     dim           3
     geoms         ground_vis : obstacle_6_g0
     exclude       0
     efc_address   206
     solref         0.011     1       
     solimp         0.95      0.97      0.001     0.5       2       
     dist          -7.3e-06 
     includemargin  0       
     pos            3.3       7.7      -0.001   
     frame          0         0         1         0         1         0        -1         0         0       
     friction       1         1         0.005     0.0001    0.0001  
     mu             0.22    
  54:
     dim           3
     geoms         ground_vis : obstacle_6_g0
     exclude       0
     efc_address   209
     solref         0.011     1       
     solimp         0.95      0.97      0.001     0.5       2       
     dist          -7.3e-06 
     includemargin  0       
     pos            2.7       8.3      -0.001   
     frame          0         0         1         0         1         0        -1         0         0       
     friction       1         1         0.005     0.0001    0.0001  
     mu             0.22    
  55:
     dim           3
     geoms         ground_vis : obstacle_6_g0
     exclude       0
     efc_address   212
     solref         0.011     1       
     solimp         0.95      0.97      0.001     0.5       2       
     dist          -7.3e-06 
     includemargin  0       
     pos            3.3       8.3      -0.001   
     frame          0         0         1         0         1         0        -1         0         0       
     friction       1         1         0.005     0.0001    0.0001  
     mu             0.22    
  56:
     dim           3
     geoms         ground_col : obstacle_7_g0
     exclude       0
     efc_address   215
     solref         0.011     1       
     solimp         0.95      0.97      0.001     0.5       2       
     dist          -7.3e-06 
     includemargin  0       
     pos            2.7       8.7      -0.001   
     frame          0         0         1         0         1         0        -1         0         0       
     friction       1         1         0.005     0.0001    0.0001  
     mu             0.22    
  57:
     dim           3
     geoms         ground_col : obstacle_7_g0
     exclude       0
     efc_address   218
     solref         0.011     1       
     solimp         0.95      0.97      0.001     0.5       2       
     dist          -7.3e-06 
     includemargin  0       
     pos            3.3       8.7      -0.001   
     frame          0         0         1         0         1         0        -1         0         0       
     friction       1         1         0.005     0.0001    0.0001  
     mu             0.22    
  58:
     dim           3
     geoms         ground_col : obstacle_7_g0
     exclude       0
     efc_address   221
     solref         0.011     1       
     solimp         0.95      0.97      0.001     0.5       2       
     dist          -7.3e-06 
     includemargin  0       
     pos            2.7       9.3      -0.001   
     frame          0         0         1         0         1         0        -1         0         0       
     friction       1         1         0.005     0.0001    0.0001  
     mu             0.22    
  59:
     dim           3
     geoms         ground_col : obstacle_7_g0
     exclude       0
     efc_address   224
     solref         0.011     1       
     solimp         0.95      0.97      0.001     0.5       2       
     dist          -7.3e-06 
     includemargin  0       
     pos            3.3       9.3      -0.001   
     frame          0         0         1         0         1         0        -1         0         0       
     friction       1         1         0.005     0.0001    0.0001  
     mu             0.22    
  60:
     dim           3
     geoms         ground_vis : obstacle_7_g0
     exclude       0
     efc_address   227
     solref         0.011     1       
     solimp         0.95      0.97      0.001     0.5       2       
     dist          -7.3e-06 
     includemargin  0       
     pos            2.7       8.7      -0.001   
     frame          0         0         1         0         1         0        -1         0         0       
     friction       1         1         0.005     0.0001    0.0001  
     mu             0.22    
  61:
     dim           3
     geoms         ground_vis : obstacle_7_g0
     exclude       0
     efc_address   230
     solref         0.011     1       
     solimp         0.95      0.97      0.001     0.5       2       
     dist          -7.3e-06 
     includemargin  0       
     pos            3.3       8.7      -0.001   
     frame          0         0         1         0         1         0        -1         0         0       
     friction       1         1         0.005     0.0001    0.0001  
     mu             0.22    
  62:
     dim           3
     geoms         ground_vis : obstacle_7_g0
     exclude       0
     efc_address   233
     solref         0.011     1       
     solimp         0.95      0.97      0.001     0.5       2       
     dist          -7.3e-06 
     includemargin  0       
     pos            2.7       9.3      -0.001   
     frame          0         0         1         0         1         0        -1         0         0       
     friction       1         1         0.005     0.0001    0.0001  
     mu             0.22    
  63:
     dim           3
     geoms         ground_vis : obstacle_7_g0
     exclude       0
     efc_address   236
     solref         0.011     1       
     solimp         0.95      0.97      0.001     0.5       2       
     dist          -7.3e-06 
     includemargin  0       
     pos            3.3       9.3      -0.001   
     frame          0         0         1         0         1         0        -1         0         0       
     friction       1         1         0.005     0.0001    0.0001  
     mu             0.22    
  64:
     dim           3
     geoms         ground_col : obstacle_8_g0
     exclude       0
     efc_address   239
     solref         0.011     1       
     solimp         0.95      0.97      0.001     0.5       2       
     dist          -7.3e-06 
     includemargin  0       
     pos            3.7      -0.3      -0.001   
     frame          0         0         1         0         1         0        -1         0         0       
     friction       1         1         0.005     0.0001    0.0001  
     mu             0.22    
  65:
     dim           3
     geoms         ground_col : obstacle_8_g0
     exclude       0
     efc_address   242
     solref         0.011     1       
     solimp         0.95      0.97      0.001     0.5       2       
     dist          -7.3e-06 
     includemargin  0       
     pos            4.3      -0.3      -0.001   
     frame          0         0         1         0         1         0        -1         0         0       
     friction       1         1         0.005     0.0001    0.0001  
     mu             0.22    
  66:
     dim           3
     geoms         ground_col : obstacle_8_g0
     exclude       0
     efc_address   245
     solref         0.011     1       
     solimp         0.95      0.97      0.001     0.5       2       
     dist          -7.3e-06 
     includemargin  0       
     pos            3.7       0.3      -0.001   
     frame          0         0         1         0         1         0        -1         0         0       
     friction       1         1         0.005     0.0001    0.0001  
     mu             0.22    
  67:
     dim           3
     geoms         ground_col : obstacle_8_g0
     exclude       0
     efc_address   248
     solref         0.011     1       
     solimp         0.95      0.97      0.001     0.5       2       
     dist          -7.3e-06 
     includemargin  0       
     pos            4.3       0.3      -0.001   
     frame          0         0         1         0         1         0        -1         0         0       
     friction       1         1         0.005     0.0001    0.0001  
     mu             0.22    
  68:
     dim           3
     geoms         ground_vis : obstacle_8_g0
     exclude       0
     efc_address   251
     solref         0.011     1       
     solimp         0.95      0.97      0.001     0.5       2       
     dist          -7.3e-06 
     includemargin  0       
     pos            3.7      -0.3      -0.001   
     frame          0         0         1         0         1         0        -1         0         0       
     friction       1         1         0.005     0.0001    0.0001  
     mu             0.22    
  69:
     dim           3
     geoms         ground_vis : obstacle_8_g0
     exclude       0
     efc_address   254
     solref         0.011     1       
     solimp         0.95      0.97      0.001     0.5       2       
     dist          -7.3e-06 
     includemargin  0       
     pos            4.3      -0.3      -0.001   
     frame          0         0         1         0         1         0        -1         0         0       
     friction       1         1         0.005     0.0001    0.0001  
     mu             0.22    
  70:
     dim           3
     geoms         ground_vis : obstacle_8_g0
     exclude       0
     efc_address   257
     solref         0.011     1       
     solimp         0.95      0.97      0.001     0.5       2       
     dist          -7.3e-06 
     includemargin  0       
     pos            3.7       0.3      -0.001   
     frame          0         0         1         0         1         0        -1         0         0       
     friction       1         1         0.005     0.0001    0.0001  
     mu             0.22    
  71:
     dim           3
     geoms         ground_vis : obstacle_8_g0
     exclude       0
     efc_address   260
     solref         0.011     1       
     solimp         0.95      0.97      0.001     0.5       2       
     dist          -7.3e-06 
     includemargin  0       
     pos            4.3       0.3      -0.001   
     frame          0         0         1         0         1         0        -1         0         0       
     friction       1         1         0.005     0.0001    0.0001  
     mu             0.22    
  72:
     dim           3
     geoms         ground_col : obstacle_9_g0
     exclude       0
     efc_address   263
     solref         0.011     1       
     solimp         0.95      0.97      0.001     0.5       2       
     dist          -7.3e-06 
     includemargin  0       
     pos            3.7       1.7      -0.001   
     frame          0         0         1         0         1         0        -1         0         0       
     friction       1         1         0.005     0.0001    0.0001  
     mu             0.22    
  73:
     dim           3
     geoms         ground_col : obstacle_9_g0
     exclude       0
     efc_address   266
     solref         0.011     1       
     solimp         0.95      0.97      0.001     0.5       2       
     dist          -7.3e-06 
     includemargin  0       
     pos            4.3       1.7      -0.001   
     frame          0         0         1         0         1         0        -1         0         0       
     friction       1         1         0.005     0.0001    0.0001  
     mu             0.22    
  74:
     dim           3
     geoms         ground_col : obstacle_9_g0
     exclude       0
     efc_address   269
     solref         0.011     1       
     solimp         0.95      0.97      0.001     0.5       2       
     dist          -7.3e-06 
     includemargin  0       
     pos            3.7       2.3      -0.001   
     frame          0         0         1         0         1         0        -1         0         0       
     friction       1         1         0.005     0.0001    0.0001  
     mu             0.22    
  75:
     dim           3
     geoms         ground_col : obstacle_9_g0
     exclude       0
     efc_address   272
     solref         0.011     1       
     solimp         0.95      0.97      0.001     0.5       2       
     dist          -7.3e-06 
     includemargin  0       
     pos            4.3       2.3      -0.001   
     frame          0         0         1         0         1         0        -1         0         0       
     friction       1         1         0.005     0.0001    0.0001  
     mu             0.22    
  76:
     dim           3
     geoms         ground_vis : obstacle_9_g0
     exclude       0
     efc_address   275
     solref         0.011     1       
     solimp         0.95      0.97      0.001     0.5       2       
     dist          -7.3e-06 
     includemargin  0       
     pos            3.7       1.7      -0.001   
     frame          0         0         1         0         1         0        -1         0         0       
     friction       1         1         0.005     0.0001    0.0001  
     mu             0.22    
  77:
     dim           3
     geoms         ground_vis : obstacle_9_g0
     exclude       0
     efc_address   278
     solref         0.011     1       
     solimp         0.95      0.97      0.001     0.5       2       
     dist          -7.3e-06 
     includemargin  0       
     pos            4.3       1.7      -0.001   
     frame          0         0         1         0         1         0        -1         0         0       
     friction       1         1         0.005     0.0001    0.0001  
     mu             0.22    
  78:
     dim           3
     geoms         ground_vis : obstacle_9_g0
     exclude       0
     efc_address   281
     solref         0.011     1       
     solimp         0.95      0.97      0.001     0.5       2       
     dist          -7.3e-06 
     includemargin  0       
     pos            3.7       2.3      -0.001   
     frame          0         0         1         0         1         0        -1         0         0       
     friction       1         1         0.005     0.0001    0.0001  
     mu             0.22    
  79:
     dim           3
     geoms         ground_vis : obstacle_9_g0
     exclude       0
     efc_address   284
     solref         0.011     1       
     solimp         0.95      0.97      0.001     0.5       2       
     dist          -7.3e-06 
     includemargin  0       
     pos            4.3       2.3      -0.001   
     frame          0         0         1         0         1         0        -1         0         0       
     friction       1         1         0.005     0.0001    0.0001  
     mu             0.22    
  80:
     dim           3
     geoms         ground_col : obstacle_10_g0
     exclude       0
     efc_address   287
     solref         0.011     1       
     solimp         0.95      0.97      0.001     0.5       2       
     dist          -7.3e-06 
     includemargin  0       
     pos            3.7       3.7      -0.001   
     frame          0         0         1         0         1         0        -1         0         0       
     friction       1         1         0.005     0.0001    0.0001  
     mu             0.22    
  81:
     dim           3
     geoms         ground_col : obstacle_10_g0
     exclude       0
     efc_address   290
     solref         0.011     1       
     solimp         0.95      0.97      0.001     0.5       2       
     dist          -7.3e-06 
     includemargin  0       
     pos            4.3       3.7      -0.001   
     frame          0         0         1         0         1         0        -1         0         0       
     friction       1         1         0.005     0.0001    0.0001  
     mu             0.22    
  82:
     dim           3
     geoms         ground_col : obstacle_10_g0
     exclude       0
     efc_address   293
     solref         0.011     1       
     solimp         0.95      0.97      0.001     0.5       2       
     dist          -7.3e-06 
     includemargin  0       
     pos            3.7       4.3      -0.001   
     frame          0         0         1         0         1         0        -1         0         0       
     friction       1         1         0.005     0.0001    0.0001  
     mu             0.22    
  83:
     dim           3
     geoms         ground_col : obstacle_10_g0
     exclude       0
     efc_address   296
     solref         0.011     1       
     solimp         0.95      0.97      0.001     0.5       2       
     dist          -7.3e-06 
     includemargin  0       
     pos            4.3       4.3      -0.001   
     frame          0         0         1         0         1         0        -1         0         0       
     friction       1         1         0.005     0.0001    0.0001  
     mu             0.22    
  84:
     dim           3
     geoms         ground_vis : obstacle_10_g0
     exclude       0
     efc_address   299
     solref         0.011     1       
     solimp         0.95      0.97      0.001     0.5       2       
     dist          -7.3e-06 
     includemargin  0       
     pos            3.7       3.7      -0.001   
     frame          0         0         1         0         1         0        -1         0         0       
     friction       1         1         0.005     0.0001    0.0001  
     mu             0.22    
  85:
     dim           3
     geoms         ground_vis : obstacle_10_g0
     exclude       0
     efc_address   302
     solref         0.011     1       
     solimp         0.95      0.97      0.001     0.5       2       
     dist          -7.3e-06 
     includemargin  0       
     pos            4.3       3.7      -0.001   
     frame          0         0         1         0         1         0        -1         0         0       
     friction       1         1         0.005     0.0001    0.0001  
     mu             0.22    
  86:
     dim           3
     geoms         ground_vis : obstacle_10_g0
     exclude       0
     efc_address   305
     solref         0.011     1       
     solimp         0.95      0.97      0.001     0.5       2       
     dist          -7.3e-06 
     includemargin  0       
     pos            3.7       4.3      -0.001   
     frame          0         0         1         0         1         0        -1         0         0       
     friction       1         1         0.005     0.0001    0.0001  
     mu             0.22    
  87:
     dim           3
     geoms         ground_vis : obstacle_10_g0
     exclude       0
     efc_address   308
     solref         0.011     1       
     solimp         0.95      0.97      0.001     0.5       2       
     dist          -7.3e-06 
     includemargin  0       
     pos            4.3       4.3      -0.001   
     frame          0         0         1         0         1         0        -1         0         0       
     friction       1         1         0.005     0.0001    0.0001  
     mu             0.22    
  88:
     dim           3
     geoms         ground_col : obstacle_11_g0
     exclude       0
     efc_address   311
     solref         0.011     1       
     solimp         0.95      0.97      0.001     0.5       2       
     dist          -7.3e-06 
     includemargin  0       
     pos            3.7       6.7      -0.001   
     frame          0         0         1         0         1         0        -1         0         0       
     friction       1         1         0.005     0.0001    0.0001  
     mu             0.22    
  89:
     dim           3
     geoms         ground_col : obstacle_11_g0
     exclude       0
     efc_address   314
     solref         0.011     1       
     solimp         0.95      0.97      0.001     0.5       2       
     dist          -7.3e-06 
     includemargin  0       
     pos            4.3       6.7      -0.001   
     frame          0         0         1         0         1         0        -1         0         0       
     friction       1         1         0.005     0.0001    0.0001  
     mu             0.22    
  90:
     dim           3
     geoms         ground_col : obstacle_11_g0
     exclude       0
     efc_address   317
     solref         0.011     1       
     solimp         0.95      0.97      0.001     0.5       2       
     dist          -7.3e-06 
     includemargin  0       
     pos            3.7       7.3      -0.001   
     frame          0         0         1         0         1         0        -1         0         0       
     friction       1         1         0.005     0.0001    0.0001  
     mu             0.22    
  91:
     dim           3
     geoms         ground_col : obstacle_11_g0
     exclude       0
     efc_address   320
     solref         0.011     1       
     solimp         0.95      0.97      0.001     0.5       2       
     dist          -7.3e-06 
     includemargin  0       
     pos            4.3       7.3      -0.001   
     frame          0         0         1         0         1         0        -1         0         0       
     friction       1         1         0.005     0.0001    0.0001  
     mu             0.22    
  92:
     dim           3
     geoms         ground_vis : obstacle_11_g0
     exclude       0
     efc_address   323
     solref         0.011     1       
     solimp         0.95      0.97      0.001     0.5       2       
     dist          -7.3e-06 
     includemargin  0       
     pos            3.7       6.7      -0.001   
     frame          0         0         1         0         1         0        -1         0         0       
     friction       1         1         0.005     0.0001    0.0001  
     mu             0.22    
  93:
     dim           3
     geoms         ground_vis : obstacle_11_g0
     exclude       0
     efc_address   326
     solref         0.011     1       
     solimp         0.95      0.97      0.001     0.5       2       
     dist          -7.3e-06 
     includemargin  0       
     pos            4.3       6.7      -0.001   
     frame          0         0         1         0         1         0        -1         0         0       
     friction       1         1         0.005     0.0001    0.0001  
     mu             0.22    
  94:
     dim           3
     geoms         ground_vis : obstacle_11_g0
     exclude       0
     efc_address   329
     solref         0.011     1       
     solimp         0.95      0.97      0.001     0.5       2       
     dist          -7.3e-06 
     includemargin  0       
     pos            3.7       7.3      -0.001   
     frame          0         0         1         0         1         0        -1         0         0       
     friction       1         1         0.005     0.0001    0.0001  
     mu             0.22    
  95:
     dim           3
     geoms         ground_vis : obstacle_11_g0
     exclude       0
     efc_address   332
     solref         0.011     1       
     solimp         0.95      0.97      0.001     0.5       2       
     dist          -7.3e-06 
     includemargin  0       
     pos            4.3       7.3      -0.001   
     frame          0         0         1         0         1         0        -1         0         0       
     friction       1         1         0.005     0.0001    0.0001  
     mu             0.22    
  96:
     dim           3
     geoms         ground_col : obstacle_12_g0
     exclude       0
     efc_address   335
     solref         0.011     1       
     solimp         0.95      0.97      0.001     0.5       2       
     dist          -7.3e-06 
     includemargin  0       
     pos            4.7       3.7      -0.001   
     frame          0         0         1         0         1         0        -1         0         0       
     friction       1         1         0.005     0.0001    0.0001  
     mu             0.22    
  97:
     dim           3
     geoms         ground_col : obstacle_12_g0
     exclude       0
     efc_address   338
     solref         0.011     1       
     solimp         0.95      0.97      0.001     0.5       2       
     dist          -7.3e-06 
     includemargin  0       
     pos            5.3       3.7      -0.001   
     frame          0         0         1         0         1         0        -1         0         0       
     friction       1         1         0.005     0.0001    0.0001  
     mu             0.22    
  98:
     dim           3
     geoms         ground_col : obstacle_12_g0
     exclude       0
     efc_address   341
     solref         0.011     1       
     solimp         0.95      0.97      0.001     0.5       2       
     dist          -7.3e-06 
     includemargin  0       
     pos            4.7       4.3      -0.001   
     frame          0         0         1         0         1         0        -1         0         0       
     friction       1         1         0.005     0.0001    0.0001  
     mu             0.22    
  99:
     dim           3
     geoms         ground_col : obstacle_12_g0
     exclude       0
     efc_address   344
     solref         0.011     1       
     solimp         0.95      0.97      0.001     0.5       2       
     dist          -7.3e-06 
     includemargin  0       
     pos            5.3       4.3      -0.001   
     frame          0         0         1         0         1         0        -1         0         0       
     friction       1         1         0.005     0.0001    0.0001  
     mu             0.22    
  100:
     dim           3
     geoms         ground_vis : obstacle_12_g0
     exclude       0
     efc_address   347
     solref         0.011     1       
     solimp         0.95      0.97      0.001     0.5       2       
     dist          -7.3e-06 
     includemargin  0       
     pos            4.7       3.7      -0.001   
     frame          0         0         1         0         1         0        -1         0         0       
     friction       1         1         0.005     0.0001    0.0001  
     mu             0.22    
  101:
     dim           3
     geoms         ground_vis : obstacle_12_g0
     exclude       0
     efc_address   350
     solref         0.011     1       
     solimp         0.95      0.97      0.001     0.5       2       
     dist          -7.3e-06 
     includemargin  0       
     pos            5.3       3.7      -0.001   
     frame          0         0         1         0         1         0        -1         0         0       
     friction       1         1         0.005     0.0001    0.0001  
     mu             0.22    
  102:
     dim           3
     geoms         ground_vis : obstacle_12_g0
     exclude       0
     efc_address   353
     solref         0.011     1       
     solimp         0.95      0.97      0.001     0.5       2       
     dist          -7.3e-06 
     includemargin  0       
     pos            4.7       4.3      -0.001   
     frame          0         0         1         0         1         0        -1         0         0       
     friction       1         1         0.005     0.0001    0.0001  
     mu             0.22    
  103:
     dim           3
     geoms         ground_vis : obstacle_12_g0
     exclude       0
     efc_address   356
     solref         0.011     1       
     solimp         0.95      0.97      0.001     0.5       2       
     dist          -7.3e-06 
     includemargin  0       
     pos            5.3       4.3      -0.001   
     frame          0         0         1         0         1         0        -1         0         0       
     friction       1         1         0.005     0.0001    0.0001  
     mu             0.22    
  104:
     dim           3
     geoms         ground_col : obstacle_13_g0
     exclude       0
     efc_address   359
     solref         0.011     1       
     solimp         0.95      0.97      0.001     0.5       2       
     dist          -7.3e-06 
     includemargin  0       
     pos            4.7       4.7      -0.001   
     frame          0         0         1         0         1         0        -1         0         0       
     friction       1         1         0.005     0.0001    0.0001  
     mu             0.22    
  105:
     dim           3
     geoms         ground_col : obstacle_13_g0
     exclude       0
     efc_address   362
     solref         0.011     1       
     solimp         0.95      0.97      0.001     0.5       2       
     dist          -7.3e-06 
     includemargin  0       
     pos            5.3       4.7      -0.001   
     frame          0         0         1         0         1         0        -1         0         0       
     friction       1         1         0.005     0.0001    0.0001  
     mu             0.22    
  106:
     dim           3
     geoms         ground_col : obstacle_13_g0
     exclude       0
     efc_address   365
     solref         0.011     1       
     solimp         0.95      0.97      0.001     0.5       2       
     dist          -7.3e-06 
     includemargin  0       
     pos            4.7       5.3      -0.001   
     frame          0         0         1         0         1         0        -1         0         0       
     friction       1         1         0.005     0.0001    0.0001  
     mu             0.22    
  107:
     dim           3
     geoms         ground_col : obstacle_13_g0
     exclude       0
     efc_address   368
     solref         0.011     1       
     solimp         0.95      0.97      0.001     0.5       2       
     dist          -7.3e-06 
     includemargin  0       
     pos            5.3       5.3      -0.001   
     frame          0         0         1         0         1         0        -1         0         0       
     friction       1         1         0.005     0.0001    0.0001  
     mu             0.22    
  108:
     dim           3
     geoms         ground_vis : obstacle_13_g0
     exclude       0
     efc_address   371
     solref         0.011     1       
     solimp         0.95      0.97      0.001     0.5       2       
     dist          -7.3e-06 
     includemargin  0       
     pos            4.7       4.7      -0.001   
     frame          0         0         1         0         1         0        -1         0         0       
     friction       1         1         0.005     0.0001    0.0001  
     mu             0.22    
  109:
     dim           3
     geoms         ground_vis : obstacle_13_g0
     exclude       0
     efc_address   374
     solref         0.011     1       
     solimp         0.95      0.97      0.001     0.5       2       
     dist          -7.3e-06 
     includemargin  0       
     pos            5.3       4.7      -0.001   
     frame          0         0         1         0         1         0        -1         0         0       
     friction       1         1         0.005     0.0001    0.0001  
     mu             0.22    
  110:
     dim           3
     geoms         ground_vis : obstacle_13_g0
     exclude       0
     efc_address   377
     solref         0.011     1       
     solimp         0.95      0.97      0.001     0.5       2       
     dist          -7.3e-06 
     includemargin  0       
     pos            4.7       5.3      -0.001   
     frame          0         0         1         0         1         0        -1         0         0       
     friction       1         1         0.005     0.0001    0.0001  
     mu             0.22    
  111:
     dim           3
     geoms         ground_vis : obstacle_13_g0
     exclude       0
     efc_address   380
     solref         0.011     1       
     solimp         0.95      0.97      0.001     0.5       2       
     dist          -7.3e-06 
     includemargin  0       
     pos            5.3       5.3      -0.001   
     frame          0         0         1         0         1         0        -1         0         0       
     friction       1         1         0.005     0.0001    0.0001  
     mu             0.22    
  112:
     dim           3
     geoms         ground_col : obstacle_14_g0
     exclude       0
     efc_address   383
     solref         0.011     1       
     solimp         0.95      0.97      0.001     0.5       2       
     dist          -7.3e-06 
     includemargin  0       
     pos            5.7      -0.3      -0.001   
     frame          0         0         1         0         1         0        -1         0         0       
     friction       1         1         0.005     0.0001    0.0001  
     mu             0.22    
  113:
     dim           3
     geoms         ground_col : obstacle_14_g0
     exclude       0
     efc_address   386
     solref         0.011     1       
     solimp         0.95      0.97      0.001     0.5       2       
     dist          -7.3e-06 
     includemargin  0       
     pos            6.3      -0.3      -0.001   
     frame          0         0         1         0         1         0        -1         0         0       
     friction       1         1         0.005     0.0001    0.0001  
     mu             0.22    
  114:
     dim           3
     geoms         ground_col : obstacle_14_g0
     exclude       0
     efc_address   389
     solref         0.011     1       
     solimp         0.95      0.97      0.001     0.5       2       
     dist          -7.3e-06 
     includemargin  0       
     pos            5.7       0.3      -0.001   
     frame          0         0         1         0         1         0        -1         0         0       
     friction       1         1         0.005     0.0001    0.0001  
     mu             0.22    
  115:
     dim           3
     geoms         ground_col : obstacle_14_g0
     exclude       0
     efc_address   392
     solref         0.011     1       
     solimp         0.95      0.97      0.001     0.5       2       
     dist          -7.3e-06 
     includemargin  0       
     pos            6.3       0.3      -0.001   
     frame          0         0         1         0         1         0        -1         0         0       
     friction       1         1         0.005     0.0001    0.0001  
     mu             0.22    
  116:
     dim           3
     geoms         ground_vis : obstacle_14_g0
     exclude       0
     efc_address   395
     solref         0.011     1       
     solimp         0.95      0.97      0.001     0.5       2       
     dist          -7.3e-06 
     includemargin  0       
     pos            5.7      -0.3      -0.001   
     frame          0         0         1         0         1         0        -1         0         0       
     friction       1         1         0.005     0.0001    0.0001  
     mu             0.22    
  117:
     dim           3
     geoms         ground_vis : obstacle_14_g0
     exclude       0
     efc_address   398
     solref         0.011     1       
     solimp         0.95      0.97      0.001     0.5       2       
     dist          -7.3e-06 
     includemargin  0       
     pos            6.3      -0.3      -0.001   
     frame          0         0         1         0         1         0        -1         0         0       
     friction       1         1         0.005     0.0001    0.0001  
     mu             0.22    
  118:
     dim           3
     geoms         ground_vis : obstacle_14_g0
     exclude       0
     efc_address   401
     solref         0.011     1       
     solimp         0.95      0.97      0.001     0.5       2       
     dist          -7.3e-06 
     includemargin  0       
     pos            5.7       0.3      -0.001   
     frame          0         0         1         0         1         0        -1         0         0       
     friction       1         1         0.005     0.0001    0.0001  
     mu             0.22    
  119:
     dim           3
     geoms         ground_vis : obstacle_14_g0
     exclude       0
     efc_address   404
     solref         0.011     1       
     solimp         0.95      0.97      0.001     0.5       2       
     dist          -7.3e-06 
     includemargin  0       
     pos            6.3       0.3      -0.001   
     frame          0         0         1         0         1         0        -1         0         0       
     friction       1         1         0.005     0.0001    0.0001  
     mu             0.22    
  120:
     dim           3
     geoms         ground_col : obstacle_15_g0
     exclude       0
     efc_address   407
     solref         0.011     1       
     solimp         0.95      0.97      0.001     0.5       2       
     dist          -7.3e-06 
     includemargin  0       
     pos            5.7       2.7      -0.001   
     frame          0         0         1         0         1         0        -1         0         0       
     friction       1         1         0.005     0.0001    0.0001  
     mu             0.22    
  121:
     dim           3
     geoms         ground_col : obstacle_15_g0
     exclude       0
     efc_address   410
     solref         0.011     1       
     solimp         0.95      0.97      0.001     0.5       2       
     dist          -7.3e-06 
     includemargin  0       
     pos            6.3       2.7      -0.001   
     frame          0         0         1         0         1         0        -1         0         0       
     friction       1         1         0.005     0.0001    0.0001  
     mu             0.22    
  122:
     dim           3
     geoms         ground_col : obstacle_15_g0
     exclude       0
     efc_address   413
     solref         0.011     1       
     solimp         0.95      0.97      0.001     0.5       2       
     dist          -7.3e-06 
     includemargin  0       
     pos            5.7       3.3      -0.001   
     frame          0         0         1         0         1         0        -1         0         0       
     friction       1         1         0.005     0.0001    0.0001  
     mu             0.22    
  123:
     dim           3
     geoms         ground_col : obstacle_15_g0
     exclude       0
     efc_address   416
     solref         0.011     1       
     solimp         0.95      0.97      0.001     0.5       2       
     dist          -7.3e-06 
     includemargin  0       
     pos            6.3       3.3      -0.001   
     frame          0         0         1         0         1         0        -1         0         0       
     friction       1         1         0.005     0.0001    0.0001  
     mu             0.22    
  124:
     dim           3
     geoms         ground_vis : obstacle_15_g0
     exclude       0
     efc_address   419
     solref         0.011     1       
     solimp         0.95      0.97      0.001     0.5       2       
     dist          -7.3e-06 
     includemargin  0       
     pos            5.7       2.7      -0.001   
     frame          0         0         1         0         1         0        -1         0         0       
     friction       1         1         0.005     0.0001    0.0001  
     mu             0.22    
  125:
     dim           3
     geoms         ground_vis : obstacle_15_g0
     exclude       0
     efc_address   422
     solref         0.011     1       
     solimp         0.95      0.97      0.001     0.5       2       
     dist          -7.3e-06 
     includemargin  0       
     pos            6.3       2.7      -0.001   
     frame          0         0         1         0         1         0        -1         0         0       
     friction       1         1         0.005     0.0001    0.0001  
     mu             0.22    
  126:
     dim           3
     geoms         ground_vis : obstacle_15_g0
     exclude       0
     efc_address   425
     solref         0.011     1       
     solimp         0.95      0.97      0.001     0.5       2       
     dist          -7.3e-06 
     includemargin  0       
     pos            5.7       3.3      -0.001   
     frame          0         0         1         0         1         0        -1         0         0       
     friction       1         1         0.005     0.0001    0.0001  
     mu             0.22    
  127:
     dim           3
     geoms         ground_vis : obstacle_15_g0
     exclude       0
     efc_address   428
     solref         0.011     1       
     solimp         0.95      0.97      0.001     0.5       2       
     dist          -7.3e-06 
     includemargin  0       
     pos            6.3       3.3      -0.001   
     frame          0         0         1         0         1         0        -1         0         0       
     friction       1         1         0.005     0.0001    0.0001  
     mu             0.22    
  128:
     dim           3
     geoms         ground_col : obstacle_16_g0
     exclude       0
     efc_address   431
     solref         0.011     1       
     solimp         0.95      0.97      0.001     0.5       2       
     dist          -7.3e-06 
     includemargin  0       
     pos            5.7       3.7      -0.001   
     frame          0         0         1         0         1         0        -1         0         0       
     friction       1         1         0.005     0.0001    0.0001  
     mu             0.22    
  129:
     dim           3
     geoms         ground_col : obstacle_16_g0
     exclude       0
     efc_address   434
     solref         0.011     1       
     solimp         0.95      0.97      0.001     0.5       2       
     dist          -7.3e-06 
     includemargin  0       
     pos            6.3       3.7      -0.001   
     frame          0         0         1         0         1         0        -1         0         0       
     friction       1         1         0.005     0.0001    0.0001  
     mu             0.22    
  130:
     dim           3
     geoms         ground_col : obstacle_16_g0
     exclude       0
     efc_address   437
     solref         0.011     1       
     solimp         0.95      0.97      0.001     0.5       2       
     dist          -7.3e-06 
     includemargin  0       
     pos            5.7       4.3      -0.001   
     frame          0         0         1         0         1         0        -1         0         0       
     friction       1         1         0.005     0.0001    0.0001  
     mu             0.22    
  131:
     dim           3
     geoms         ground_col : obstacle_16_g0
     exclude       0
     efc_address   440
     solref         0.011     1       
     solimp         0.95      0.97      0.001     0.5       2       
     dist          -7.3e-06 
     includemargin  0       
     pos            6.3       4.3      -0.001   
     frame          0         0         1         0         1         0        -1         0         0       
     friction       1         1         0.005     0.0001    0.0001  
     mu             0.22    
  132:
     dim           3
     geoms         ground_vis : obstacle_16_g0
     exclude       0
     efc_address   443
     solref         0.011     1       
     solimp         0.95      0.97      0.001     0.5       2       
     dist          -7.3e-06 
     includemargin  0       
     pos            5.7       3.7      -0.001   
     frame          0         0         1         0         1         0        -1         0         0       
     friction       1         1         0.005     0.0001    0.0001  
     mu             0.22    
  133:
     dim           3
     geoms         ground_vis : obstacle_16_g0
     exclude       0
     efc_address   446
     solref         0.011     1       
     solimp         0.95      0.97      0.001     0.5       2       
     dist          -7.3e-06 
     includemargin  0       
     pos            6.3       3.7      -0.001   
     frame          0         0         1         0         1         0        -1         0         0       
     friction       1         1         0.005     0.0001    0.0001  
     mu             0.22    
  134:
     dim           3
     geoms         ground_vis : obstacle_16_g0
     exclude       0
     efc_address   449
     solref         0.011     1       
     solimp         0.95      0.97      0.001     0.5       2       
     dist          -7.3e-06 
     includemargin  0       
     pos            5.7       4.3      -0.001   
     frame          0         0         1         0         1         0        -1         0         0       
     friction       1         1         0.005     0.0001    0.0001  
     mu             0.22    
  135:
     dim           3
     geoms         ground_vis : obstacle_16_g0
     exclude       0
     efc_address   452
     solref         0.011     1       
     solimp         0.95      0.97      0.001     0.5       2       
     dist          -7.3e-06 
     includemargin  0       
     pos            6.3       4.3      -0.001   
     frame          0         0         1         0         1         0        -1         0         0       
     friction       1         1         0.005     0.0001    0.0001  
     mu             0.22    
  136:
     dim           3
     geoms         ground_col : obstacle_17_g0
     exclude       0
     efc_address   455
     solref         0.011     1       
     solimp         0.95      0.97      0.001     0.5       2       
     dist          -7.3e-06 
     includemargin  0       
     pos            6.7       5.7      -0.001   
     frame          0         0         1         0         1         0        -1         0         0       
     friction       1         1         0.005     0.0001    0.0001  
     mu             0.22    
  137:
     dim           3
     geoms         ground_col : obstacle_17_g0
     exclude       0
     efc_address   458
     solref         0.011     1       
     solimp         0.95      0.97      0.001     0.5       2       
     dist          -7.3e-06 
     includemargin  0       
     pos            7.3       5.7      -0.001   
     frame          0         0         1         0         1         0        -1         0         0       
     friction       1         1         0.005     0.0001    0.0001  
     mu             0.22    
  138:
     dim           3
     geoms         ground_col : obstacle_17_g0
     exclude       0
     efc_address   461
     solref         0.011     1       
     solimp         0.95      0.97      0.001     0.5       2       
     dist          -7.3e-06 
     includemargin  0       
     pos            6.7       6.3      -0.001   
     frame          0         0         1         0         1         0        -1         0         0       
     friction       1         1         0.005     0.0001    0.0001  
     mu             0.22    
  139:
     dim           3
     geoms         ground_col : obstacle_17_g0
     exclude       0
     efc_address   464
     solref         0.011     1       
     solimp         0.95      0.97      0.001     0.5       2       
     dist          -7.3e-06 
     includemargin  0       
     pos            7.3       6.3      -0.001   
     frame          0         0         1         0         1         0        -1         0         0       
     friction       1         1         0.005     0.0001    0.0001  
     mu             0.22    
  140:
     dim           3
     geoms         ground_vis : obstacle_17_g0
     exclude       0
     efc_address   467
     solref         0.011     1       
     solimp         0.95      0.97      0.001     0.5       2       
     dist          -7.3e-06 
     includemargin  0       
     pos            6.7       5.7      -0.001   
     frame          0         0         1         0         1         0        -1         0         0       
     friction       1         1         0.005     0.0001    0.0001  
     mu             0.22    
  141:
     dim           3
     geoms         ground_vis : obstacle_17_g0
     exclude       0
     efc_address   470
     solref         0.011     1       
     solimp         0.95      0.97      0.001     0.5       2       
     dist          -7.3e-06 
     includemargin  0       
     pos            7.3       5.7      -0.001   
     frame          0         0         1         0         1         0        -1         0         0       
     friction       1         1         0.005     0.0001    0.0001  
     mu             0.22    
  142:
     dim           3
     geoms         ground_vis : obstacle_17_g0
     exclude       0
     efc_address   473
     solref         0.011     1       
     solimp         0.95      0.97      0.001     0.5       2       
     dist          -7.3e-06 
     includemargin  0       
     pos            6.7       6.3      -0.001   
     frame          0         0         1         0         1         0        -1         0         0       
     friction       1         1         0.005     0.0001    0.0001  
     mu             0.22    
  143:
     dim           3
     geoms         ground_vis : obstacle_17_g0
     exclude       0
     efc_address   476
     solref         0.011     1       
     solimp         0.95      0.97      0.001     0.5       2       
     dist          -7.3e-06 
     includemargin  0       
     pos            7.3       6.3      -0.001   
     frame          0         0         1         0         1         0        -1         0         0       
     friction       1         1         0.005     0.0001    0.0001  
     mu             0.22    
  144:
     dim           3
     geoms         ground_col : obstacle_18_g0
     exclude       0
     efc_address   479
     solref         0.011     1       
     solimp         0.95      0.97      0.001     0.5       2       
     dist          -7.3e-06 
     includemargin  0       
     pos            6.7       6.7      -0.001   
     frame          0         0         1         0         1         0        -1         0         0       
     friction       1         1         0.005     0.0001    0.0001  
     mu             0.22    
  145:
     dim           3
     geoms         ground_col : obstacle_18_g0
     exclude       0
     efc_address   482
     solref         0.011     1       
     solimp         0.95      0.97      0.001     0.5       2       
     dist          -7.3e-06 
     includemargin  0       
     pos            7.3       6.7      -0.001   
     frame          0         0         1         0         1         0        -1         0         0       
     friction       1         1         0.005     0.0001    0.0001  
     mu             0.22    
  146:
     dim           3
     geoms         ground_col : obstacle_18_g0
     exclude       0
     efc_address   485
     solref         0.011     1       
     solimp         0.95      0.97      0.001     0.5       2       
     dist          -7.3e-06 
     includemargin  0       
     pos            6.7       7.3      -0.001   
     frame          0         0         1         0         1         0        -1         0         0       
     friction       1         1         0.005     0.0001    0.0001  
     mu             0.22    
  147:
     dim           3
     geoms         ground_col : obstacle_18_g0
     exclude       0
     efc_address   488
     solref         0.011     1       
     solimp         0.95      0.97      0.001     0.5       2       
     dist          -7.3e-06 
     includemargin  0       
     pos            7.3       7.3      -0.001   
     frame          0         0         1         0         1         0        -1         0         0       
     friction       1         1         0.005     0.0001    0.0001  
     mu             0.22    
  148:
     dim           3
     geoms         ground_vis : obstacle_18_g0
     exclude       0
     efc_address   491
     solref         0.011     1       
     solimp         0.95      0.97      0.001     0.5       2       
     dist          -7.3e-06 
     includemargin  0       
     pos            6.7       6.7      -0.001   
     frame          0         0         1         0         1         0        -1         0         0       
     friction       1         1         0.005     0.0001    0.0001  
     mu             0.22    
  149:
     dim           3
     geoms         ground_vis : obstacle_18_g0
     exclude       0
     efc_address   494
     solref         0.011     1       
     solimp         0.95      0.97      0.001     0.5       2       
     dist          -7.3e-06 
     includemargin  0       
     pos            7.3       6.7      -0.001   
     frame          0         0         1         0         1         0        -1         0         0       
     friction       1         1         0.005     0.0001    0.0001  
     mu             0.22    
  150:
     dim           3
     geoms         ground_vis : obstacle_18_g0
     exclude       0
     efc_address   497
     solref         0.011     1       
     solimp         0.95      0.97      0.001     0.5       2       
     dist          -7.3e-06 
     includemargin  0       
     pos            6.7       7.3      -0.001   
     frame          0         0         1         0         1         0        -1         0         0       
     friction       1         1         0.005     0.0001    0.0001  
     mu             0.22    
  151:
     dim           3
     geoms         ground_vis : obstacle_18_g0
     exclude       0
     efc_address   500
     solref         0.011     1       
     solimp         0.95      0.97      0.001     0.5       2       
     dist          -7.3e-06 
     includemargin  0       
     pos            7.3       7.3      -0.001   
     frame          0         0         1         0         1         0        -1         0         0       
     friction       1         1         0.005     0.0001    0.0001  
     mu             0.22    
  152:
     dim           3
     geoms         ground_col : obstacle_19_g0
     exclude       0
     efc_address   503
     solref         0.011     1       
     solimp         0.95      0.97      0.001     0.5       2       
     dist          -7.3e-06 
     includemargin  0       
     pos            6.7       8.7      -0.001   
     frame          0         0         1         0         1         0        -1         0         0       
     friction       1         1         0.005     0.0001    0.0001  
     mu             0.22    
  153:
     dim           3
     geoms         ground_col : obstacle_19_g0
     exclude       0
     efc_address   506
     solref         0.011     1       
     solimp         0.95      0.97      0.001     0.5       2       
     dist          -7.3e-06 
     includemargin  0       
     pos            7.3       8.7      -0.001   
     frame          0         0         1         0         1         0        -1         0         0       
     friction       1         1         0.005     0.0001    0.0001  
     mu             0.22    
  154:
     dim           3
     geoms         ground_col : obstacle_19_g0
     exclude       0
     efc_address   509
     solref         0.011     1       
     solimp         0.95      0.97      0.001     0.5       2       
     dist          -7.3e-06 
     includemargin  0       
     pos            6.7       9.3      -0.001   
     frame          0         0         1         0         1         0        -1         0         0       
     friction       1         1         0.005     0.0001    0.0001  
     mu             0.22    
  155:
     dim           3
     geoms         ground_col : obstacle_19_g0
     exclude       0
     efc_address   512
     solref         0.011     1       
     solimp         0.95      0.97      0.001     0.5       2       
     dist          -7.3e-06 
     includemargin  0       
     pos            7.3       9.3      -0.001   
     frame          0         0         1         0         1         0        -1         0         0       
     friction       1         1         0.005     0.0001    0.0001  
     mu             0.22    
  156:
     dim           3
     geoms         ground_vis : obstacle_19_g0
     exclude       0
     efc_address   515
     solref         0.011     1       
     solimp         0.95      0.97      0.001     0.5       2       
     dist          -7.3e-06 
     includemargin  0       
     pos            6.7       8.7      -0.001   
     frame          0         0         1         0         1         0        -1         0         0       
     friction       1         1         0.005     0.0001    0.0001  
     mu             0.22    
  157:
     dim           3
     geoms         ground_vis : obstacle_19_g0
     exclude       0
     efc_address   518
     solref         0.011     1       
     solimp         0.95      0.97      0.001     0.5       2       
     dist          -7.3e-06 
     includemargin  0       
     pos            7.3       8.7      -0.001   
     frame          0         0         1         0         1         0        -1         0         0       
     friction       1         1         0.005     0.0001    0.0001  
     mu             0.22    
  158:
     dim           3
     geoms         ground_vis : obstacle_19_g0
     exclude       0
     efc_address   521
     solref         0.011     1       
     solimp         0.95      0.97      0.001     0.5       2       
     dist          -7.3e-06 
     includemargin  0       
     pos            6.7       9.3      -0.001   
     frame          0         0         1         0         1         0        -1         0         0       
     friction       1         1         0.005     0.0001    0.0001  
     mu             0.22    
  159:
     dim           3
     geoms         ground_vis : obstacle_19_g0
     exclude       0
     efc_address   524
     solref         0.011     1       
     solimp         0.95      0.97      0.001     0.5       2       
     dist          -7.3e-06 
     includemargin  0       
     pos            7.3       9.3      -0.001   
     frame          0         0         1         0         1         0        -1         0         0       
     friction       1         1         0.005     0.0001    0.0001  
     mu             0.22    
  160:
     dim           3
     geoms         ground_col : obstacle_20_g0
     exclude       0
     efc_address   527
     solref         0.011     1       
     solimp         0.95      0.97      0.001     0.5       2       
     dist          -7.3e-06 
     includemargin  0       
     pos            7.7       3.7      -0.001   
     frame          0         0         1         0         1         0        -1         0         0       
     friction       1         1         0.005     0.0001    0.0001  
     mu             0.22    
  161:
     dim           3
     geoms         ground_col : obstacle_20_g0
     exclude       0
     efc_address   530
     solref         0.011     1       
     solimp         0.95      0.97      0.001     0.5       2       
     dist          -7.3e-06 
     includemargin  0       
     pos            8.3       3.7      -0.001   
     frame          0         0         1         0         1         0        -1         0         0       
     friction       1         1         0.005     0.0001    0.0001  
     mu             0.22    
  162:
     dim           3
     geoms         ground_col : obstacle_20_g0
     exclude       0
     efc_address   533
     solref         0.011     1       
     solimp         0.95      0.97      0.001     0.5       2       
     dist          -7.3e-06 
     includemargin  0       
     pos            7.7       4.3      -0.001   
     frame          0         0         1         0         1         0        -1         0         0       
     friction       1         1         0.005     0.0001    0.0001  
     mu             0.22    
  163:
     dim           3
     geoms         ground_col : obstacle_20_g0
     exclude       0
     efc_address   536
     solref         0.011     1       
     solimp         0.95      0.97      0.001     0.5       2       
     dist          -7.3e-06 
     includemargin  0       
     pos            8.3       4.3      -0.001   
     frame          0         0         1         0         1         0        -1         0         0       
     friction       1         1         0.005     0.0001    0.0001  
     mu             0.22    
  164:
     dim           3
     geoms         ground_vis : obstacle_20_g0
     exclude       0
     efc_address   539
     solref         0.011     1       
     solimp         0.95      0.97      0.001     0.5       2       
     dist          -7.3e-06 
     includemargin  0       
     pos            7.7       3.7      -0.001   
     frame          0         0         1         0         1         0        -1         0         0       
     friction       1         1         0.005     0.0001    0.0001  
     mu             0.22    
  165:
     dim           3
     geoms         ground_vis : obstacle_20_g0
     exclude       0
     efc_address   542
     solref         0.011     1       
     solimp         0.95      0.97      0.001     0.5       2       
     dist          -7.3e-06 
     includemargin  0       
     pos            8.3       3.7      -0.001   
     frame          0         0         1         0         1         0        -1         0         0       
     friction       1         1         0.005     0.0001    0.0001  
     mu             0.22    
  166:
     dim           3
     geoms         ground_vis : obstacle_20_g0
     exclude       0
     efc_address   545
     solref         0.011     1       
     solimp         0.95      0.97      0.001     0.5       2       
     dist          -7.3e-06 
     includemargin  0       
     pos            7.7       4.3      -0.001   
     frame          0         0         1         0         1         0        -1         0         0       
     friction       1         1         0.005     0.0001    0.0001  
     mu             0.22    
  167:
     dim           3
     geoms         ground_vis : obstacle_20_g0
     exclude       0
     efc_address   548
     solref         0.011     1       
     solimp         0.95      0.97      0.001     0.5       2       
     dist          -7.3e-06 
     includemargin  0       
     pos            8.3       4.3      -0.001   
     frame          0         0         1         0         1         0        -1         0         0       
     friction       1         1         0.005     0.0001    0.0001  
     mu             0.22    
  168:
     dim           3
     geoms         ground_col : obstacle_21_g0
     exclude       0
     efc_address   551
     solref         0.011     1       
     solimp         0.95      0.97      0.001     0.5       2       
     dist          -7.3e-06 
     includemargin  0       
     pos            7.7       6.7      -0.001   
     frame          0         0         1         0         1         0        -1         0         0       
     friction       1         1         0.005     0.0001    0.0001  
     mu             0.22    
  169:
     dim           3
     geoms         ground_col : obstacle_21_g0
     exclude       0
     efc_address   554
     solref         0.011     1       
     solimp         0.95      0.97      0.001     0.5       2       
     dist          -7.3e-06 
     includemargin  0       
     pos            8.3       6.7      -0.001   
     frame          0         0         1         0         1         0        -1         0         0       
     friction       1         1         0.005     0.0001    0.0001  
     mu             0.22    
  170:
     dim           3
     geoms         ground_col : obstacle_21_g0
     exclude       0
     efc_address   557
     solref         0.011     1       
     solimp         0.95      0.97      0.001     0.5       2       
     dist          -7.3e-06 
     includemargin  0       
     pos            7.7       7.3      -0.001   
     frame          0         0         1         0         1         0        -1         0         0       
     friction       1         1         0.005     0.0001    0.0001  
     mu             0.22    
  171:
     dim           3
     geoms         ground_col : obstacle_21_g0
     exclude       0
     efc_address   560
     solref         0.011     1       
     solimp         0.95      0.97      0.001     0.5       2       
     dist          -7.3e-06 
     includemargin  0       
     pos            8.3       7.3      -0.001   
     frame          0         0         1         0         1         0        -1         0         0       
     friction       1         1         0.005     0.0001    0.0001  
     mu             0.22    
  172:
     dim           3
     geoms         ground_vis : obstacle_21_g0
     exclude       0
     efc_address   563
     solref         0.011     1       
     solimp         0.95      0.97      0.001     0.5       2       
     dist          -7.3e-06 
     includemargin  0       
     pos            7.7       6.7      -0.001   
     frame          0         0         1         0         1         0        -1         0         0       
     friction       1         1         0.005     0.0001    0.0001  
     mu             0.22    
  173:
     dim           3
     geoms         ground_vis : obstacle_21_g0
     exclude       0
     efc_address   566
     solref         0.011     1       
     solimp         0.95      0.97      0.001     0.5       2       
     dist          -7.3e-06 
     includemargin  0       
     pos            8.3       6.7      -0.001   
     frame          0         0         1         0         1         0        -1         0         0       
     friction       1         1         0.005     0.0001    0.0001  
     mu             0.22    
  174:
     dim           3
     geoms         ground_vis : obstacle_21_g0
     exclude       0
     efc_address   569
     solref         0.011     1       
     solimp         0.95      0.97      0.001     0.5       2       
     dist          -7.3e-06 
     includemargin  0       
     pos            7.7       7.3      -0.001   
     frame          0         0         1         0         1         0        -1         0         0       
     friction       1         1         0.005     0.0001    0.0001  
     mu             0.22    
  175:
     dim           3
     geoms         ground_vis : obstacle_21_g0
     exclude       0
     efc_address   572
     solref         0.011     1       
     solimp         0.95      0.97      0.001     0.5       2       
     dist          -7.3e-06 
     includemargin  0       
     pos            8.3       7.3      -0.001   
     frame          0         0         1         0         1         0        -1         0         0       
     friction       1         1         0.005     0.0001    0.0001  
     mu             0.22    
  176:
     dim           3
     geoms         ground_col : obstacle_22_g0
     exclude       0
     efc_address   575
     solref         0.011     1       
     solimp         0.95      0.97      0.001     0.5       2       
     dist          -7.3e-06 
     includemargin  0       
     pos            7.7       7.7      -0.001   
     frame          0         0         1         0         1         0        -1         0         0       
     friction       1         1         0.005     0.0001    0.0001  
     mu             0.22    
  177:
     dim           3
     geoms         ground_col : obstacle_22_g0
     exclude       0
     efc_address   578
     solref         0.011     1       
     solimp         0.95      0.97      0.001     0.5       2       
     dist          -7.3e-06 
     includemargin  0       
     pos            8.3       7.7      -0.001   
     frame          0         0         1         0         1         0        -1         0         0       
     friction       1         1         0.005     0.0001    0.0001  
     mu             0.22    
  178:
     dim           3
     geoms         ground_col : obstacle_22_g0
     exclude       0
     efc_address   581
     solref         0.011     1       
     solimp         0.95      0.97      0.001     0.5       2       
     dist          -7.3e-06 
     includemargin  0       
     pos            7.7       8.3      -0.001   
     frame          0         0         1         0         1         0        -1         0         0       
     friction       1         1         0.005     0.0001    0.0001  
     mu             0.22    
  179:
     dim           3
     geoms         ground_col : obstacle_22_g0
     exclude       0
     efc_address   584
     solref         0.011     1       
     solimp         0.95      0.97      0.001     0.5       2       
     dist          -7.3e-06 
     includemargin  0       
     pos            8.3       8.3      -0.001   
     frame          0         0         1         0         1         0        -1         0         0       
     friction       1         1         0.005     0.0001    0.0001  
     mu             0.22    
  180:
     dim           3
     geoms         ground_vis : obstacle_22_g0
     exclude       0
     efc_address   587
     solref         0.011     1       
     solimp         0.95      0.97      0.001     0.5       2       
     dist          -7.3e-06 
     includemargin  0       
     pos            7.7       7.7      -0.001   
     frame          0         0         1         0         1         0        -1         0         0       
     friction       1         1         0.005     0.0001    0.0001  
     mu             0.22    
  181:
     dim           3
     geoms         ground_vis : obstacle_22_g0
     exclude       0
     efc_address   590
     solref         0.011     1       
     solimp         0.95      0.97      0.001     0.5       2       
     dist          -7.3e-06 
     includemargin  0       
     pos            8.3       7.7      -0.001   
     frame          0         0         1         0         1         0        -1         0         0       
     friction       1         1         0.005     0.0001    0.0001  
     mu             0.22    
  182:
     dim           3
     geoms         ground_vis : obstacle_22_g0
     exclude       0
     efc_address   593
     solref         0.011     1       
     solimp         0.95      0.97      0.001     0.5       2       
     dist          -7.3e-06 
     includemargin  0       
     pos            7.7       8.3      -0.001   
     frame          0         0         1         0         1         0        -1         0         0       
     friction       1         1         0.005     0.0001    0.0001  
     mu             0.22    
  183:
     dim           3
     geoms         ground_vis : obstacle_22_g0
     exclude       0
     efc_address   596
     solref         0.011     1       
     solimp         0.95      0.97      0.001     0.5       2       
     dist          -7.3e-06 
     includemargin  0       
     pos            8.3       8.3      -0.001   
     frame          0         0         1         0         1         0        -1         0         0       
     friction       1         1         0.005     0.0001    0.0001  
     mu             0.22    
  184:
     dim           3
     geoms         ground_col : obstacle_23_g0
     exclude       0
     efc_address   599
     solref         0.011     1       
     solimp         0.95      0.97      0.001     0.5       2       
     dist          -7.3e-06 
     includemargin  0       
     pos            8.7      -0.3      -0.001   
     frame          0         0         1         0         1         0        -1         0         0       
     friction       1         1         0.005     0.0001    0.0001  
     mu             0.22    
  185:
     dim           3
     geoms         ground_col : obstacle_23_g0
     exclude       0
     efc_address   602
     solref         0.011     1       
     solimp         0.95      0.97      0.001     0.5       2       
     dist          -7.3e-06 
     includemargin  0       
     pos            9.3      -0.3      -0.001   
     frame          0         0         1         0         1         0        -1         0         0       
     friction       1         1         0.005     0.0001    0.0001  
     mu             0.22    
  186:
     dim           3
     geoms         ground_col : obstacle_23_g0
     exclude       0
     efc_address   605
     solref         0.011     1       
     solimp         0.95      0.97      0.001     0.5       2       
     dist          -7.3e-06 
     includemargin  0       
     pos            8.7       0.3      -0.001   
     frame          0         0         1         0         1         0        -1         0         0       
     friction       1         1         0.005     0.0001    0.0001  
     mu             0.22    
  187:
     dim           3
     geoms         ground_col : obstacle_23_g0
     exclude       0
     efc_address   608
     solref         0.011     1       
     solimp         0.95      0.97      0.001     0.5       2       
     dist          -7.3e-06 
     includemargin  0       
     pos            9.3       0.3      -0.001   
     frame          0         0         1         0         1         0        -1         0         0       
     friction       1         1         0.005     0.0001    0.0001  
     mu             0.22    
  188:
     dim           3
     geoms         ground_vis : obstacle_23_g0
     exclude       0
     efc_address   611
     solref         0.011     1       
     solimp         0.95      0.97      0.001     0.5       2       
     dist          -7.3e-06 
     includemargin  0       
     pos            8.7      -0.3      -0.001   
     frame          0         0         1         0         1         0        -1         0         0       
     friction       1         1         0.005     0.0001    0.0001  
     mu             0.22    
  189:
     dim           3
     geoms         ground_vis : obstacle_23_g0
     exclude       0
     efc_address   614
     solref         0.011     1       
     solimp         0.95      0.97      0.001     0.5       2       
     dist          -7.3e-06 
     includemargin  0       
     pos            9.3      -0.3      -0.001   
     frame          0         0         1         0         1         0        -1         0         0       
     friction       1         1         0.005     0.0001    0.0001  
     mu             0.22    
  190:
     dim           3
     geoms         ground_vis : obstacle_23_g0
     exclude       0
     efc_address   617
     solref         0.011     1       
     solimp         0.95      0.97      0.001     0.5       2       
     dist          -7.3e-06 
     includemargin  0       
     pos            8.7       0.3      -0.001   
     frame          0         0         1         0         1         0        -1         0         0       
     friction       1         1         0.005     0.0001    0.0001  
     mu             0.22    
  191:
     dim           3
     geoms         ground_vis : obstacle_23_g0
     exclude       0
     efc_address   620
     solref         0.011     1       
     solimp         0.95      0.97      0.001     0.5       2       
     dist          -7.3e-06 
     includemargin  0       
     pos            9.3       0.3      -0.001   
     frame          0         0         1         0         1         0        -1         0         0       
     friction       1         1         0.005     0.0001    0.0001  
     mu             0.22    
  192:
     dim           3
     geoms         ground_col : obstacle_24_g0
     exclude       0
     efc_address   623
     solref         0.011     1       
     solimp         0.95      0.97      0.001     0.5       2       
     dist          -7.3e-06 
     includemargin  0       
     pos            8.7       0.7      -0.001   
     frame          0         0         1         0         1         0        -1         0         0       
     friction       1         1         0.005     0.0001    0.0001  
     mu             0.22    
  193:
     dim           3
     geoms         ground_col : obstacle_24_g0
     exclude       0
     efc_address   626
     solref         0.011     1       
     solimp         0.95      0.97      0.001     0.5       2       
     dist          -7.3e-06 
     includemargin  0       
     pos            9.3       0.7      -0.001   
     frame          0         0         1         0         1         0        -1         0         0       
     friction       1         1         0.005     0.0001    0.0001  
     mu             0.22    
  194:
     dim           3
     geoms         ground_col : obstacle_24_g0
     exclude       0
     efc_address   629
     solref         0.011     1       
     solimp         0.95      0.97      0.001     0.5       2       
     dist          -7.3e-06 
     includemargin  0       
     pos            8.7       1.3      -0.001   
     frame          0         0         1         0         1         0        -1         0         0       
     friction       1         1         0.005     0.0001    0.0001  
     mu             0.22    
  195:
     dim           3
     geoms         ground_col : obstacle_24_g0
     exclude       0
     efc_address   632
     solref         0.011     1       
     solimp         0.95      0.97      0.001     0.5       2       
     dist          -7.3e-06 
     includemargin  0       
     pos            9.3       1.3      -0.001   
     frame          0         0         1         0         1         0        -1         0         0       
     friction       1         1         0.005     0.0001    0.0001  
     mu             0.22    
  196:
     dim           3
     geoms         ground_vis : obstacle_24_g0
     exclude       0
     efc_address   635
     solref         0.011     1       
     solimp         0.95      0.97      0.001     0.5       2       
     dist          -7.3e-06 
     includemargin  0       
     pos            8.7       0.7      -0.001   
     frame          0         0         1         0         1         0        -1         0         0       
     friction       1         1         0.005     0.0001    0.0001  
     mu             0.22    
  197:
     dim           3
     geoms         ground_vis : obstacle_24_g0
     exclude       0
     efc_address   638
     solref         0.011     1       
     solimp         0.95      0.97      0.001     0.5       2       
     dist          -7.3e-06 
     includemargin  0       
     pos            9.3       0.7      -0.001   
     frame          0         0         1         0         1         0        -1         0         0       
     friction       1         1         0.005     0.0001    0.0001  
     mu             0.22    
  198:
     dim           3
     geoms         ground_vis : obstacle_24_g0
     exclude       0
     efc_address   641
     solref         0.011     1       
     solimp         0.95      0.97      0.001     0.5       2       
     dist          -7.3e-06 
     includemargin  0       
     pos            8.7       1.3      -0.001   
     frame          0         0         1         0         1         0        -1         0         0       
     friction       1         1         0.005     0.0001    0.0001  
     mu             0.22    
  199:
     dim           3
     geoms         ground_vis : obstacle_24_g0
     exclude       0
     efc_address   644
     solref         0.011     1       
     solimp         0.95      0.97      0.001     0.5       2       
     dist          -7.3e-06 
     includemargin  0       
     pos            9.3       1.3      -0.001   
     frame          0         0         1         0         1         0        -1         0         0       
     friction       1         1         0.005     0.0001    0.0001  
     mu             0.22    
  200:
     dim           3
     geoms         ground_col : obstacle_25_g0
     exclude       0
     efc_address   647
     solref         0.011     1       
     solimp         0.95      0.97      0.001     0.5       2       
     dist          -7.3e-06 
     includemargin  0       
     pos            8.7       1.7      -0.001   
     frame          0         0         1         0         1         0        -1         0         0       
     friction       1         1         0.005     0.0001    0.0001  
     mu             0.22    
  201:
     dim           3
     geoms         ground_col : obstacle_25_g0
     exclude       0
     efc_address   650
     solref         0.011     1       
     solimp         0.95      0.97      0.001     0.5       2       
     dist          -7.3e-06 
     includemargin  0       
     pos            9.3       1.7      -0.001   
     frame          0         0         1         0         1         0        -1         0         0       
     friction       1         1         0.005     0.0001    0.0001  
     mu             0.22    
  202:
     dim           3
     geoms         ground_col : obstacle_25_g0
     exclude       0
     efc_address   653
     solref         0.011     1       
     solimp         0.95      0.97      0.001     0.5       2       
     dist          -7.3e-06 
     includemargin  0       
     pos            8.7       2.3      -0.001   
     frame          0         0         1         0         1         0        -1         0         0       
     friction       1         1         0.005     0.0001    0.0001  
     mu             0.22    
  203:
     dim           3
     geoms         ground_col : obstacle_25_g0
     exclude       0
     efc_address   656
     solref         0.011     1       
     solimp         0.95      0.97      0.001     0.5       2       
     dist          -7.3e-06 
     includemargin  0       
     pos            9.3       2.3      -0.001   
     frame          0         0         1         0         1         0        -1         0         0       
     friction       1         1         0.005     0.0001    0.0001  
     mu             0.22    
  204:
     dim           3
     geoms         ground_vis : obstacle_25_g0
     exclude       0
     efc_address   659
     solref         0.011     1       
     solimp         0.95      0.97      0.001     0.5       2       
     dist          -7.3e-06 
     includemargin  0       
     pos            8.7       1.7      -0.001   
     frame          0         0         1         0         1         0        -1         0         0       
     friction       1         1         0.005     0.0001    0.0001  
     mu             0.22    
  205:
     dim           3
     geoms         ground_vis : obstacle_25_g0
     exclude       0
     efc_address   662
     solref         0.011     1       
     solimp         0.95      0.97      0.001     0.5       2       
     dist          -7.3e-06 
     includemargin  0       
     pos            9.3       1.7      -0.001   
     frame          0         0         1         0         1         0        -1         0         0       
     friction       1         1         0.005     0.0001    0.0001  
     mu             0.22    
  206:
     dim           3
     geoms         ground_vis : obstacle_25_g0
     exclude       0
     efc_address   665
     solref         0.011     1       
     solimp         0.95      0.97      0.001     0.5       2       
     dist          -7.3e-06 
     includemargin  0       
     pos            8.7       2.3      -0.001   
     frame          0         0         1         0         1         0        -1         0         0       
     friction       1         1         0.005     0.0001    0.0001  
     mu             0.22    
  207:
     dim           3
     geoms         ground_vis : obstacle_25_g0
     exclude       0
     efc_address   668
     solref         0.011     1       
     solimp         0.95      0.97      0.001     0.5       2       
     dist          -7.3e-06 
     includemargin  0       
     pos            9.3       2.3      -0.001   
     frame          0         0         1         0         1         0        -1         0         0       
     friction       1         1         0.005     0.0001    0.0001  
     mu             0.22    

EFC_TYPE
  0
  0
  0
  0
  0
  0
  0
  0
  0
  0
  1
  1
  1
  1
  1
  1
  1
  1
  1
  1
  1
  1
  1
  1
  1
  1
  1
  1
  1
  1
  1
  1
  1
  1
  1
  1
  1
  1
  1
  1
  1
  1
  1
  1
  1
  3
  3
  7
  7
  7
  7
  7
  7
  7
  7
  7
  7
  7
  7
  7
  7
  7
  7
  7
  7
  7
  7
  7
  7
  7
  7
  7
  7
  7
  7
  7
  7
  7
  7
  7
  7
  7
  7
  7
  7
  7
  7
  7
  7
  7
  7
  7
  7
  7
  7
  7
  7
  7
  7
  7
  7
  7
  7
  7
  7
  7
  7
  7
  7
  7
  7
  7
  7
  7
  7
  7
  7
  7
  7
  7
  7
  7
  7
  7
  7
  7
  7
  7
  7
  7
  7
  7
  7
  7
  7
  7
  7
  7
  7
  7
  7
  7
  7
  7
  7
  7
  7
  7
  7
  7
  7
  7
  7
  7
  7
  7
  7
  7
  7
  7
  7
  7
  7
  7
  7
  7
  7
  7
  7
  7
  7
  7
  7
  7
  7
  7
  7
  7
  7
  7
  7
  7
  7
  7
  7
  7
  7
  7
  7
  7
  7
  7
  7
  7
  7
  7
  7
  7
  7
  7
  7
  7
  7
  7
  7
  7
  7
  7
  7
  7
  7
  7
  7
  7
  7
  7
  7
  7
  7
  7
  7
  7
  7
  7
  7
  7
  7
  7
  7
  7
  7
  7
  7
  7
  7
  7
  7
  7
  7
  7
  7
  7
  7
  7
  7
  7
  7
  7
  7
  7
  7
  7
  7
  7
  7
  7
  7
  7
  7
  7
  7
  7
  7
  7
  7
  7
  7
  7
  7
  7
  7
  7
  7
  7
  7
  7
  7
  7
  7
  7
  7
  7
  7
  7
  7
  7
  7
  7
  7
  7
  7
  7
  7
  7
  7
  7
  7
  7
  7
  7
  7
  7
  7
  7
  7
  7
  7
  7
  7
  7
  7
  7
  7
  7
  7
  7
  7
  7
  7
  7
  7
  7
  7
  7
  7
  7
  7
  7
  7
  7
  7
  7
  7
  7
  7
  7
  7
  7
  7
  7
  7
  7
  7
  7
  7
  7
  7
  7
  7
  7
  7
  7
  7
  7
  7
  7
  7
  7
  7
  7
  7
  7
  7
  7
  7
  7
  7
  7
  7
  7
  7
  7
  7
  7
  7
  7
  7
  7
  7
  7
  7
  7
  7
  7
  7
  7
  7
  7
  7
  7
  7
  7
  7
  7
  7
  7
  7
  7
  7
  7
  7
  7
  7
  7
  7
  7
  7
  7
  7
  7
  7
  7
  7
  7
  7
  7
  7
  7
  7
  7
  7
  7
  7
  7
  7
  7
  7
  7
  7
  7
  7
  7
  7
  7
  7
  7
  7
  7
  7
  7
  7
  7
  7
  7
  7
  7
  7
  7
  7
  7
  7
  7
  7
  7
  7
  7
  7
  7
  7
  7
  7
  7
  7
  7
  7
  7
  7
  7
  7
  7
  7
  7
  7
  7
  7
  7
  7
  7
  7
  7
  7
  7
  7
  7
  7
  7
  7
  7
  7
  7
  7
  7
  7
  7
  7
  7
  7
  7
  7
  7
  7
  7
  7
  7
  7
  7
  7
  7
  7
  7
  7
  7
  7
  7
  7
  7
  7
  7
  7
  7
  7
  7
  7
  7
  7
  7
  7
  7
  7
  7
  7
  7
  7
  7
  7
  7
  7
  7
  7
  7
  7
  7
  7
  7
  7
  7
  7
  7
  7
  7
  7
  7
  7
  7
  7
  7
  7
  7
  7
  7
  7
  7
  7
  7
  7
  7
  7
  7
  7
  7
  7
  7
  7
  7
  7
  7
  7
  7
  7
  7
  7
  7
  7
  7
  7
  7
  7
  7
  7
  7
  7
  7
  7
  7
  7
  7
  7
  7
  7
  7
  7
  7
  7
  7
  7
  7
  7
  7
  7
  7
  7
  7
  7
  7
  7
  7
  7
  7
  7
  7
  7
  7
  7
  7
  7
  7
  7
  7
  7
  7
  7
  7
  7
  7
  7
  7
  7
  7
  7
  7
  7
  7
  7
  7
  7
  7
  7
  7
  7
  7
  7
  7
  7
  7
  7
  7
  7
  7
  7
  7
  7
  7
  7
  7
  7
  7
  7
  7
  7
  7
  7

EFC_ID
  0
  1
  2
  3
  4
  5
  6
  7
  8
  9
  0
  1
  2
  3
  4
  5
  6
  7
  8
  9
  10
  11
  12
  13
  14
  15
  16
  17
  18
  19
  20
  21
  22
  23
  24
  25
  26
  27
  28
  29
  30
  31
  32
  33
  34
  3
  4
  0
  0
  0
  1
  1
  1
  2
  2
  2
  3
  3
  3
  4
  4
  4
  5
  5
  5
  6
  6
  6
  7
  7
  7
  8
  8
  8
  9
  9
  9
  10
  10
  10
  11
  11
  11
  12
  12
  12
  13
  13
  13
  14
  14
  14
  15
  15
  15
  16
  16
  16
  17
  17
  17
  18
  18
  18
  19
  19
  19
  20
  20
  20
  21
  21
  21
  22
  22
  22
  23
  23
  23
  24
  24
  24
  25
  25
  25
  26
  26
  26
  27
  27
  27
  28
  28
  28
  29
  29
  29
  30
  30
  30
  31
  31
  31
  32
  32
  32
  33
  33
  33
  34
  34
  34
  35
  35
  35
  36
  36
  36
  37
  37
  37
  38
  38
  38
  39
  39
  39
  40
  40
  40
  41
  41
  41
  42
  42
  42
  43
  43
  43
  44
  44
  44
  45
  45
  45
  46
  46
  46
  47
  47
  47
  48
  48
  48
  49
  49
  49
  50
  50
  50
  51
  51
  51
  52
  52
  52
  53
  53
  53
  54
  54
  54
  55
  55
  55
  56
  56
  56
  57
  57
  57
  58
  58
  58
  59
  59
  59
  60
  60
  60
  61
  61
  61
  62
  62
  62
  63
  63
  63
  64
  64
  64
  65
  65
  65
  66
  66
  66
  67
  67
  67
  68
  68
  68
  69
  69
  69
  70
  70
  70
  71
  71
  71
  72
  72
  72
  73
  73
  73
  74
  74
  74
  75
  75
  75
  76
  76
  76
  77
  77
  77
  78
  78
  78
  79
  79
  79
  80
  80
  80
  81
  81
  81
  82
  82
  82
  83
  83
  83
  84
  84
  84
  85
  85
  85
  86
  86
  86
  87
  87
  87
  88
  88
  88
  89
  89
  89
  90
  90
  90
  91
  91
  91
  92
  92
  92
  93
  93
  93
  94
  94
  94
  95
  95
  95
  96
  96
  96
  97
  97
  97
  98
  98
  98
  99
  99
  99
  100
  100
  100
  101
  101
  101
  102
  102
  102
  103
  103
  103
  104
  104
  104
  105
  105
  105
  106
  106
  106
  107
  107
  107
  108
  108
  108
  109
  109
  109
  110
  110
  110
  111
  111
  111
  112
  112
  112
  113
  113
  113
  114
  114
  114
  115
  115
  115
  116
  116
  116
  117
  117
  117
  118
  118
  118
  119
  119
  119
  120
  120
  120
  121
  121
  121
  122
  122
  122
  123
  123
  123
  124
  124
  124
  125
  125
  125
  126
  126
  126
  127
  127
  127
  128
  128
  128
  129
  129
  129
  130
  130
  130
  131
  131
  131
  132
  132
  132
  133
  133
  133
  134
  134
  134
  135
  135
  135
  136
  136
  136
  137
  137
  137
  138
  138
  138
  139
  139
  139
  140
  140
  140
  141
  141
  141
  142
  142
  142
  143
  143
  143
  144
  144
  144
  145
  145
  145
  146
  146
  146
  147
  147
  147
  148
  148
  148
  149
  149
  149
  150
  150
  150
  151
  151
  151
  152
  152
  152
  153
  153
  153
  154
  154
  154
  155
  155
  155
  156
  156
  156
  157
  157
  157
  158
  158
  158
  159
  159
  159
  160
  160
  160
  161
  161
  161
  162
  162
  162
  163
  163
  163
  164
  164
  164
  165
  165
  165
  166
  166
  166
  167
  167
  167
  168
  168
  168
  169
  169
  169
  170
  170
  170
  171
  171
  171
  172
  172
  172
  173
  173
  173
  174
  174
  174
  175
  175
  175
  176
  176
  176
  177
  177
  177
  178
  178
  178
  179
  179
  179
  180
  180
  180
  181
  181
  181
  182
  182
  182
  183
  183
  183
  184
  184
  184
  185
  185
  185
  186
  186
  186
  187
  187
  187
  188
  188
  188
  189
  189
  189
  190
  190
  190
  191
  191
  191
  192
  192
  192
  193
  193
  193
  194
  194
  194
  195
  195
  195
  196
  196
  196
  197
  197
  197
  198
  198
  198
  199
  199
  199
  200
  200
  200
  201
  201
  201
  202
  202
  202
  203
  203
  203
  204
  204
  204
  205
  205
  205
  206
  206
  206
  207
  207
  207

J: constraint Jacobian
-------------------------------------------------------------------------------------------------------------------------------------------------------------------------------------------------
                              x x                                                                                                                                                                |
                                x x                                                                                                                                                              |
                                x  x                                                                                                                                                             |
                               xx                                                                                                                                                                |
                                xx                                                                                                                                                               |
                 x x                                                                                                                                                                             |
                   x x                                                                                                                                                                           |
                   x  x                                                                                                                                                                          |
                  xx                                                                                                                                                                             |
                   xx                                                                                                                                                                            |
 x                                                                                                                                                                                               |
  x                                                                                                                                                                                              |
   x                                                                                                                                                                                             |
    x                                                                                                                                                                                            |
     x                                                                                                                                                                                           |
      x                                                                                                                                                                                          |
       x                                                                                                                                                                                         |
        x                                                                                                                                                                                        |
         x                                                                                                                                                                                       |
          x                                                                                                                                                                                      |
           x                                                                                                                                                                                     |
            x                                                                                                                                                                                    |
             x                                                                                                                                                                                   |
              x                                                                                                                                                                                  |
               x                                                                                                                                                                                 |
                x                                                                                                                                                                                |
                 x                                                                                                                                                                               |
                  x                                                                                                                                                                              |
                   x                                                                                                                                                                             |
                    x                                                                                                                                                                            |
                     x                                                                                                                                                                           |
                      x                                                                                                                                                                          |
                       x                                                                                                                                                                         |
                        x                                                                                                                                                                        |
                         x                                                                                                                                                                       |
                          x                                                                                                                                                                      |
                           x                                                                                                                                                                     |
                            x                                                                                                                                                                    |
                             x                                                                                                                                                                   |
                              x                                                                                                                                                                  |
                               x                                                                                                                                                                 |
                                x                                                                                                                                                                |
                                 x                                                                                                                                                               |
                                  x                                                                                                                                                              |
                                   x                                                                                                                                                             |
    x                                                                                                                                                                                            |
     x                                                                                                                                                                                           |
                                    xxxxxx                                                                                                                                                       | 23
                                    xxxxxx                                                                                                                                                       | 22
                                    xxxxxx                                                                                                                                                       | 21
                                    xxxxxx                                                                                                                                                       | 20
                                    xxxxxx                                                                                                                                                       | 19
                                    xxxxxx                                                                                                                                                       | 18
                                    xxxxxx                                                                                                                                                       | 17
                                    xxxxxx                                                                                                                                                       | 16
                                    xxxxxx                                                                                                                                                       | 15
                                    xxxxxx                                                                                                                                                       | 14
                                    xxxxxx                                                                                                                                                       | 13
                                    xxxxxx                                                                                                                                                       | 12
                                    xxxxxx                                                                                                                                                       | 11
                                    xxxxxx                                                                                                                                                       | 10
                                    xxxxxx                                                                                                                                                       | 9
                                    xxxxxx                                                                                                                                                       | 8
                                    xxxxxx                                                                                                                                                       | 7
                                    xxxxxx                                                                                                                                                       | 6
                                    xxxxxx                                                                                                                                                       | 5
                                    xxxxxx                                                                                                                                                       | 4
                                    xxxxxx                                                                                                                                                       | 3
                                    xxxxxx                                                                                                                                                       | 2
                                    xxxxxx                                                                                                                                                       | 1
                                    xxxxxx                                                                                                                                                       |
                                          xxxxxx                                                                                                                                                 | 23
                                          xxxxxx                                                                                                                                                 | 22
                                          xxxxxx                                                                                                                                                 | 21
                                          xxxxxx                                                                                                                                                 | 20
                                          xxxxxx                                                                                                                                                 | 19
                                          xxxxxx                                                                                                                                                 | 18
                                          xxxxxx                                                                                                                                                 | 17
                                          xxxxxx                                                                                                                                                 | 16
                                          xxxxxx                                                                                                                                                 | 15
                                          xxxxxx                                                                                                                                                 | 14
                                          xxxxxx                                                                                                                                                 | 13
                                          xxxxxx                                                                                                                                                 | 12
                                          xxxxxx                                                                                                                                                 | 11
                                          xxxxxx                                                                                                                                                 | 10
                                          xxxxxx                                                                                                                                                 | 9
                                          xxxxxx                                                                                                                                                 | 8
                                          xxxxxx                                                                                                                                                 | 7
                                          xxxxxx                                                                                                                                                 | 6
                                          xxxxxx                                                                                                                                                 | 5
                                          xxxxxx                                                                                                                                                 | 4
                                          xxxxxx                                                                                                                                                 | 3
                                          xxxxxx                                                                                                                                                 | 2
                                          xxxxxx                                                                                                                                                 | 1
                                          xxxxxx                                                                                                                                                 |
                                                xxxxxx                                                                                                                                           | 23
                                                xxxxxx                                                                                                                                           | 22
                                                xxxxxx                                                                                                                                           | 21
                                                xxxxxx                                                                                                                                           | 20
                                                xxxxxx                                                                                                                                           | 19
                                                xxxxxx                                                                                                                                           | 18
                                                xxxxxx                                                                                                                                           | 17
                                                xxxxxx                                                                                                                                           | 16
                                                xxxxxx                                                                                                                                           | 15
                                                xxxxxx                                                                                                                                           | 14
                                                xxxxxx                                                                                                                                           | 13
                                                xxxxxx                                                                                                                                           | 12
                                                xxxxxx                                                                                                                                           | 11
                                                xxxxxx                                                                                                                                           | 10
                                                xxxxxx                                                                                                                                           | 9
                                                xxxxxx                                                                                                                                           | 8
                                                xxxxxx                                                                                                                                           | 7
                                                xxxxxx                                                                                                                                           | 6
                                                xxxxxx                                                                                                                                           | 5
                                                xxxxxx                                                                                                                                           | 4
                                                xxxxxx                                                                                                                                           | 3
                                                xxxxxx                                                                                                                                           | 2
                                                xxxxxx                                                                                                                                           | 1
                                                xxxxxx                                                                                                                                           |
                                                      xxxxxx                                                                                                                                     | 23
                                                      xxxxxx                                                                                                                                     | 22
                                                      xxxxxx                                                                                                                                     | 21
                                                      xxxxxx                                                                                                                                     | 20
                                                      xxxxxx                                                                                                                                     | 19
                                                      xxxxxx                                                                                                                                     | 18
                                                      xxxxxx                                                                                                                                     | 17
                                                      xxxxxx                                                                                                                                     | 16
                                                      xxxxxx                                                                                                                                     | 15
                                                      xxxxxx                                                                                                                                     | 14
                                                      xxxxxx                                                                                                                                     | 13
                                                      xxxxxx                                                                                                                                     | 12
                                                      xxxxxx                                                                                                                                     | 11
                                                      xxxxxx                                                                                                                                     | 10
                                                      xxxxxx                                                                                                                                     | 9
                                                      xxxxxx                                                                                                                                     | 8
                                                      xxxxxx                                                                                                                                     | 7
                                                      xxxxxx                                                                                                                                     | 6
                                                      xxxxxx                                                                                                                                     | 5
                                                      xxxxxx                                                                                                                                     | 4
                                                      xxxxxx                                                                                                                                     | 3
                                                      xxxxxx                                                                                                                                     | 2
                                                      xxxxxx                                                                                                                                     | 1
                                                      xxxxxx                                                                                                                                     |
                                                            xxxxxx                                                                                                                               | 23
                                                            xxxxxx                                                                                                                               | 22
                                                            xxxxxx                                                                                                                               | 21
                                                            xxxxxx                                                                                                                               | 20
                                                            xxxxxx                                                                                                                               | 19
                                                            xxxxxx                                                                                                                               | 18
                                                            xxxxxx                                                                                                                               | 17
                                                            xxxxxx                                                                                                                               | 16
                                                            xxxxxx                                                                                                                               | 15
                                                            xxxxxx                                                                                                                               | 14
                                                            xxxxxx                                                                                                                               | 13
                                                            xxxxxx                                                                                                                               | 12
                                                            xxxxxx                                                                                                                               | 11
                                                            xxxxxx                                                                                                                               | 10
                                                            xxxxxx                                                                                                                               | 9
                                                            xxxxxx                                                                                                                               | 8
                                                            xxxxxx                                                                                                                               | 7
                                                            xxxxxx                                                                                                                               | 6
                                                            xxxxxx                                                                                                                               | 5
                                                            xxxxxx                                                                                                                               | 4
                                                            xxxxxx                                                                                                                               | 3
                                                            xxxxxx                                                                                                                               | 2
                                                            xxxxxx                                                                                                                               | 1
                                                            xxxxxx                                                                                                                               |
                                                                  xxxxxx                                                                                                                         | 23
                                                                  xxxxxx                                                                                                                         | 22
                                                                  xxxxxx                                                                                                                         | 21
                                                                  xxxxxx                                                                                                                         | 20
                                                                  xxxxxx                                                                                                                         | 19
                                                                  xxxxxx                                                                                                                         | 18
                                                                  xxxxxx                                                                                                                         | 17
                                                                  xxxxxx                                                                                                                         | 16
                                                                  xxxxxx                                                                                                                         | 15
                                                                  xxxxxx                                                                                                                         | 14
                                                                  xxxxxx                                                                                                                         | 13
                                                                  xxxxxx                                                                                                                         | 12
                                                                  xxxxxx                                                                                                                         | 11
                                                                  xxxxxx                                                                                                                         | 10
                                                                  xxxxxx                                                                                                                         | 9
                                                                  xxxxxx                                                                                                                         | 8
                                                                  xxxxxx                                                                                                                         | 7
                                                                  xxxxxx                                                                                                                         | 6
                                                                  xxxxxx                                                                                                                         | 5
                                                                  xxxxxx                                                                                                                         | 4
                                                                  xxxxxx                                                                                                                         | 3
                                                                  xxxxxx                                                                                                                         | 2
                                                                  xxxxxx                                                                                                                         | 1
                                                                  xxxxxx                                                                                                                         |
                                                                        xxxxxx                                                                                                                   | 23
                                                                        xxxxxx                                                                                                                   | 22
                                                                        xxxxxx                                                                                                                   | 21
                                                                        xxxxxx                                                                                                                   | 20
                                                                        xxxxxx                                                                                                                   | 19
                                                                        xxxxxx                                                                                                                   | 18
                                                                        xxxxxx                                                                                                                   | 17
                                                                        xxxxxx                                                                                                                   | 16
                                                                        xxxxxx                                                                                                                   | 15
                                                                        xxxxxx                                                                                                                   | 14
                                                                        xxxxxx                                                                                                                   | 13
                                                                        xxxxxx                                                                                                                   | 12
                                                                        xxxxxx                                                                                                                   | 11
                                                                        xxxxxx                                                                                                                   | 10
                                                                        xxxxxx                                                                                                                   | 9
                                                                        xxxxxx                                                                                                                   | 8
                                                                        xxxxxx                                                                                                                   | 7
                                                                        xxxxxx                                                                                                                   | 6
                                                                        xxxxxx                                                                                                                   | 5
                                                                        xxxxxx                                                                                                                   | 4
                                                                        xxxxxx                                                                                                                   | 3
                                                                        xxxxxx                                                                                                                   | 2
                                                                        xxxxxx                                                                                                                   | 1
                                                                        xxxxxx                                                                                                                   |
                                                                              xxxxxx                                                                                                             | 23
                                                                              xxxxxx                                                                                                             | 22
                                                                              xxxxxx                                                                                                             | 21
                                                                              xxxxxx                                                                                                             | 20
                                                                              xxxxxx                                                                                                             | 19
                                                                              xxxxxx                                                                                                             | 18
                                                                              xxxxxx                                                                                                             | 17
                                                                              xxxxxx                                                                                                             | 16
                                                                              xxxxxx                                                                                                             | 15
                                                                              xxxxxx                                                                                                             | 14
                                                                              xxxxxx                                                                                                             | 13
                                                                              xxxxxx                                                                                                             | 12
                                                                              xxxxxx                                                                                                             | 11
                                                                              xxxxxx                                                                                                             | 10
                                                                              xxxxxx                                                                                                             | 9
                                                                              xxxxxx                                                                                                             | 8
                                                                              xxxxxx                                                                                                             | 7
                                                                              xxxxxx                                                                                                             | 6
                                                                              xxxxxx                                                                                                             | 5
                                                                              xxxxxx                                                                                                             | 4
                                                                              xxxxxx                                                                                                             | 3
                                                                              xxxxxx                                                                                                             | 2
                                                                              xxxxxx                                                                                                             | 1
                                                                              xxxxxx                                                                                                             |
                                                                                    xxxxxx                                                                                                       | 23
                                                                                    xxxxxx                                                                                                       | 22
                                                                                    xxxxxx                                                                                                       | 21
                                                                                    xxxxxx                                                                                                       | 20
                                                                                    xxxxxx                                                                                                       | 19
                                                                                    xxxxxx                                                                                                       | 18
                                                                                    xxxxxx                                                                                                       | 17
                                                                                    xxxxxx                                                                                                       | 16
                                                                                    xxxxxx                                                                                                       | 15
                                                                                    xxxxxx                                                                                                       | 14
                                                                                    xxxxxx                                                                                                       | 13
                                                                                    xxxxxx                                                                                                       | 12
                                                                                    xxxxxx                                                                                                       | 11
                                                                                    xxxxxx                                                                                                       | 10
                                                                                    xxxxxx                                                                                                       | 9
                                                                                    xxxxxx                                                                                                       | 8
                                                                                    xxxxxx                                                                                                       | 7
                                                                                    xxxxxx                                                                                                       | 6
                                                                                    xxxxxx                                                                                                       | 5
                                                                                    xxxxxx                                                                                                       | 4
                                                                                    xxxxxx                                                                                                       | 3
                                                                                    xxxxxx                                                                                                       | 2
                                                                                    xxxxxx                                                                                                       | 1
                                                                                    xxxxxx                                                                                                       |
                                                                                          xxxxxx                                                                                                 | 23
                                                                                          xxxxxx                                                                                                 | 22
                                                                                          xxxxxx                                                                                                 | 21
                                                                                          xxxxxx                                                                                                 | 20
                                                                                          xxxxxx                                                                                                 | 19
                                                                                          xxxxxx                                                                                                 | 18
                                                                                          xxxxxx                                                                                                 | 17
                                                                                          xxxxxx                                                                                                 | 16
                                                                                          xxxxxx                                                                                                 | 15
                                                                                          xxxxxx                                                                                                 | 14
                                                                                          xxxxxx                                                                                                 | 13
                                                                                          xxxxxx                                                                                                 | 12
                                                                                          xxxxxx                                                                                                 | 11
                                                                                          xxxxxx                                                                                                 | 10
                                                                                          xxxxxx                                                                                                 | 9
                                                                                          xxxxxx                                                                                                 | 8
                                                                                          xxxxxx                                                                                                 | 7
                                                                                          xxxxxx                                                                                                 | 6
                                                                                          xxxxxx                                                                                                 | 5
                                                                                          xxxxxx                                                                                                 | 4
                                                                                          xxxxxx                                                                                                 | 3
                                                                                          xxxxxx                                                                                                 | 2
                                                                                          xxxxxx                                                                                                 | 1
                                                                                          xxxxxx                                                                                                 |
                                                                                                xxxxxx                                                                                           | 23
                                                                                                xxxxxx                                                                                           | 22
                                                                                                xxxxxx                                                                                           | 21
                                                                                                xxxxxx                                                                                           | 20
                                                                                                xxxxxx                                                                                           | 19
                                                                                                xxxxxx                                                                                           | 18
                                                                                                xxxxxx                                                                                           | 17
                                                                                                xxxxxx                                                                                           | 16
                                                                                                xxxxxx                                                                                           | 15
                                                                                                xxxxxx                                                                                           | 14
                                                                                                xxxxxx                                                                                           | 13
                                                                                                xxxxxx                                                                                           | 12
                                                                                                xxxxxx                                                                                           | 11
                                                                                                xxxxxx                                                                                           | 10
                                                                                                xxxxxx                                                                                           | 9
                                                                                                xxxxxx                                                                                           | 8
                                                                                                xxxxxx                                                                                           | 7
                                                                                                xxxxxx                                                                                           | 6
                                                                                                xxxxxx                                                                                           | 5
                                                                                                xxxxxx                                                                                           | 4
                                                                                                xxxxxx                                                                                           | 3
                                                                                                xxxxxx                                                                                           | 2
                                                                                                xxxxxx                                                                                           | 1
                                                                                                xxxxxx                                                                                           |
                                                                                                      xxxxxx                                                                                     | 23
                                                                                                      xxxxxx                                                                                     | 22
                                                                                                      xxxxxx                                                                                     | 21
                                                                                                      xxxxxx                                                                                     | 20
                                                                                                      xxxxxx                                                                                     | 19
                                                                                                      xxxxxx                                                                                     | 18
                                                                                                      xxxxxx                                                                                     | 17
                                                                                                      xxxxxx                                                                                     | 16
                                                                                                      xxxxxx                                                                                     | 15
                                                                                                      xxxxxx                                                                                     | 14
                                                                                                      xxxxxx                                                                                     | 13
                                                                                                      xxxxxx                                                                                     | 12
                                                                                                      xxxxxx                                                                                     | 11
                                                                                                      xxxxxx                                                                                     | 10
                                                                                                      xxxxxx                                                                                     | 9
                                                                                                      xxxxxx                                                                                     | 8
                                                                                                      xxxxxx                                                                                     | 7
                                                                                                      xxxxxx                                                                                     | 6
                                                                                                      xxxxxx                                                                                     | 5
                                                                                                      xxxxxx                                                                                     | 4
                                                                                                      xxxxxx                                                                                     | 3
                                                                                                      xxxxxx                                                                                     | 2
                                                                                                      xxxxxx                                                                                     | 1
                                                                                                      xxxxxx                                                                                     |
                                                                                                            xxxxxx                                                                               | 23
                                                                                                            xxxxxx                                                                               | 22
                                                                                                            xxxxxx                                                                               | 21
                                                                                                            xxxxxx                                                                               | 20
                                                                                                            xxxxxx                                                                               | 19
                                                                                                            xxxxxx                                                                               | 18
                                                                                                            xxxxxx                                                                               | 17
                                                                                                            xxxxxx                                                                               | 16
                                                                                                            xxxxxx                                                                               | 15
                                                                                                            xxxxxx                                                                               | 14
                                                                                                            xxxxxx                                                                               | 13
                                                                                                            xxxxxx                                                                               | 12
                                                                                                            xxxxxx                                                                               | 11
                                                                                                            xxxxxx                                                                               | 10
                                                                                                            xxxxxx                                                                               | 9
                                                                                                            xxxxxx                                                                               | 8
                                                                                                            xxxxxx                                                                               | 7
                                                                                                            xxxxxx                                                                               | 6
                                                                                                            xxxxxx                                                                               | 5
                                                                                                            xxxxxx                                                                               | 4
                                                                                                            xxxxxx                                                                               | 3
                                                                                                            xxxxxx                                                                               | 2
                                                                                                            xxxxxx                                                                               | 1
                                                                                                            xxxxxx                                                                               |
                                                                                                                  xxxxxx                                                                         | 23
                                                                                                                  xxxxxx                                                                         | 22
                                                                                                                  xxxxxx                                                                         | 21
                                                                                                                  xxxxxx                                                                         | 20
                                                                                                                  xxxxxx                                                                         | 19
                                                                                                                  xxxxxx                                                                         | 18
                                                                                                                  xxxxxx                                                                         | 17
                                                                                                                  xxxxxx                                                                         | 16
                                                                                                                  xxxxxx                                                                         | 15
                                                                                                                  xxxxxx                                                                         | 14
                                                                                                                  xxxxxx                                                                         | 13
                                                                                                                  xxxxxx                                                                         | 12
                                                                                                                  xxxxxx                                                                         | 11
                                                                                                                  xxxxxx                                                                         | 10
                                                                                                                  xxxxxx                                                                         | 9
                                                                                                                  xxxxxx                                                                         | 8
                                                                                                                  xxxxxx                                                                         | 7
                                                                                                                  xxxxxx                                                                         | 6
                                                                                                                  xxxxxx                                                                         | 5
                                                                                                                  xxxxxx                                                                         | 4
                                                                                                                  xxxxxx                                                                         | 3
                                                                                                                  xxxxxx                                                                         | 2
                                                                                                                  xxxxxx                                                                         | 1
                                                                                                                  xxxxxx                                                                         |
                                                                                                                        xxxxxx                                                                   | 23
                                                                                                                        xxxxxx                                                                   | 22
                                                                                                                        xxxxxx                                                                   | 21
                                                                                                                        xxxxxx                                                                   | 20
                                                                                                                        xxxxxx                                                                   | 19
                                                                                                                        xxxxxx                                                                   | 18
                                                                                                                        xxxxxx                                                                   | 17
                                                                                                                        xxxxxx                                                                   | 16
                                                                                                                        xxxxxx                                                                   | 15
                                                                                                                        xxxxxx                                                                   | 14
                                                                                                                        xxxxxx                                                                   | 13
                                                                                                                        xxxxxx                                                                   | 12
                                                                                                                        xxxxxx                                                                   | 11
                                                                                                                        xxxxxx                                                                   | 10
                                                                                                                        xxxxxx                                                                   | 9
                                                                                                                        xxxxxx                                                                   | 8
                                                                                                                        xxxxxx                                                                   | 7
                                                                                                                        xxxxxx                                                                   | 6
                                                                                                                        xxxxxx                                                                   | 5
                                                                                                                        xxxxxx                                                                   | 4
                                                                                                                        xxxxxx                                                                   | 3
                                                                                                                        xxxxxx                                                                   | 2
                                                                                                                        xxxxxx                                                                   | 1
                                                                                                                        xxxxxx                                                                   |
                                                                                                                              xxxxxx                                                             | 23
                                                                                                                              xxxxxx                                                             | 22
                                                                                                                              xxxxxx                                                             | 21
                                                                                                                              xxxxxx                                                             | 20
                                                                                                                              xxxxxx                                                             | 19
                                                                                                                              xxxxxx                                                             | 18
                                                                                                                              xxxxxx                                                             | 17
                                                                                                                              xxxxxx                                                             | 16
                                                                                                                              xxxxxx                                                             | 15
                                                                                                                              xxxxxx                                                             | 14
                                                                                                                              xxxxxx                                                             | 13
                                                                                                                              xxxxxx                                                             | 12
                                                                                                                              xxxxxx                                                             | 11
                                                                                                                              xxxxxx                                                             | 10
                                                                                                                              xxxxxx                                                             | 9
                                                                                                                              xxxxxx                                                             | 8
                                                                                                                              xxxxxx                                                             | 7
                                                                                                                              xxxxxx                                                             | 6
                                                                                                                              xxxxxx                                                             | 5
                                                                                                                              xxxxxx                                                             | 4
                                                                                                                              xxxxxx                                                             | 3
                                                                                                                              xxxxxx                                                             | 2
                                                                                                                              xxxxxx                                                             | 1
                                                                                                                              xxxxxx                                                             |
                                                                                                                                    xxxxxx                                                       | 23
                                                                                                                                    xxxxxx                                                       | 22
                                                                                                                                    xxxxxx                                                       | 21
                                                                                                                                    xxxxxx                                                       | 20
                                                                                                                                    xxxxxx                                                       | 19
                                                                                                                                    xxxxxx                                                       | 18
                                                                                                                                    xxxxxx                                                       | 17
                                                                                                                                    xxxxxx                                                       | 16
                                                                                                                                    xxxxxx                                                       | 15
                                                                                                                                    xxxxxx                                                       | 14
                                                                                                                                    xxxxxx                                                       | 13
                                                                                                                                    xxxxxx                                                       | 12
                                                                                                                                    xxxxxx                                                       | 11
                                                                                                                                    xxxxxx                                                       | 10
                                                                                                                                    xxxxxx                                                       | 9
                                                                                                                                    xxxxxx                                                       | 8
                                                                                                                                    xxxxxx                                                       | 7
                                                                                                                                    xxxxxx                                                       | 6
                                                                                                                                    xxxxxx                                                       | 5
                                                                                                                                    xxxxxx                                                       | 4
                                                                                                                                    xxxxxx                                                       | 3
                                                                                                                                    xxxxxx                                                       | 2
                                                                                                                                    xxxxxx                                                       | 1
                                                                                                                                    xxxxxx                                                       |
                                                                                                                                          xxxxxx                                                 | 23
                                                                                                                                          xxxxxx                                                 | 22
                                                                                                                                          xxxxxx                                                 | 21
                                                                                                                                          xxxxxx                                                 | 20
                                                                                                                                          xxxxxx                                                 | 19
                                                                                                                                          xxxxxx                                                 | 18
                                                                                                                                          xxxxxx                                                 | 17
                                                                                                                                          xxxxxx                                                 | 16
                                                                                                                                          xxxxxx                                                 | 15
                                                                                                                                          xxxxxx                                                 | 14
                                                                                                                                          xxxxxx                                                 | 13
                                                                                                                                          xxxxxx                                                 | 12
                                                                                                                                          xxxxxx                                                 | 11
                                                                                                                                          xxxxxx                                                 | 10
                                                                                                                                          xxxxxx                                                 | 9
                                                                                                                                          xxxxxx                                                 | 8
                                                                                                                                          xxxxxx                                                 | 7
                                                                                                                                          xxxxxx                                                 | 6
                                                                                                                                          xxxxxx                                                 | 5
                                                                                                                                          xxxxxx                                                 | 4
                                                                                                                                          xxxxxx                                                 | 3
                                                                                                                                          xxxxxx                                                 | 2
                                                                                                                                          xxxxxx                                                 | 1
                                                                                                                                          xxxxxx                                                 |
                                                                                                                                                xxxxxx                                           | 23
                                                                                                                                                xxxxxx                                           | 22
                                                                                                                                                xxxxxx                                           | 21
                                                                                                                                                xxxxxx                                           | 20
                                                                                                                                                xxxxxx                                           | 19
                                                                                                                                                xxxxxx                                           | 18
                                                                                                                                                xxxxxx                                           | 17
                                                                                                                                                xxxxxx                                           | 16
                                                                                                                                                xxxxxx                                           | 15
                                                                                                                                                xxxxxx                                           | 14
                                                                                                                                                xxxxxx                                           | 13
                                                                                                                                                xxxxxx                                           | 12
                                                                                                                                                xxxxxx                                           | 11
                                                                                                                                                xxxxxx                                           | 10
                                                                                                                                                xxxxxx                                           | 9
                                                                                                                                                xxxxxx                                           | 8
                                                                                                                                                xxxxxx                                           | 7
                                                                                                                                                xxxxxx                                           | 6
                                                                                                                                                xxxxxx                                           | 5
                                                                                                                                                xxxxxx                                           | 4
                                                                                                                                                xxxxxx                                           | 3
                                                                                                                                                xxxxxx                                           | 2
                                                                                                                                                xxxxxx                                           | 1
                                                                                                                                                xxxxxx                                           |
                                                                                                                                                      xxxxxx                                     | 23
                                                                                                                                                      xxxxxx                                     | 22
                                                                                                                                                      xxxxxx                                     | 21
                                                                                                                                                      xxxxxx                                     | 20
                                                                                                                                                      xxxxxx                                     | 19
                                                                                                                                                      xxxxxx                                     | 18
                                                                                                                                                      xxxxxx                                     | 17
                                                                                                                                                      xxxxxx                                     | 16
                                                                                                                                                      xxxxxx                                     | 15
                                                                                                                                                      xxxxxx                                     | 14
                                                                                                                                                      xxxxxx                                     | 13
                                                                                                                                                      xxxxxx                                     | 12
                                                                                                                                                      xxxxxx                                     | 11
                                                                                                                                                      xxxxxx                                     | 10
                                                                                                                                                      xxxxxx                                     | 9
                                                                                                                                                      xxxxxx                                     | 8
                                                                                                                                                      xxxxxx                                     | 7
                                                                                                                                                      xxxxxx                                     | 6
                                                                                                                                                      xxxxxx                                     | 5
                                                                                                                                                      xxxxxx                                     | 4
                                                                                                                                                      xxxxxx                                     | 3
                                                                                                                                                      xxxxxx                                     | 2
                                                                                                                                                      xxxxxx                                     | 1
                                                                                                                                                      xxxxxx                                     |
                                                                                                                                                            xxxxxx                               | 23
                                                                                                                                                            xxxxxx                               | 22
                                                                                                                                                            xxxxxx                               | 21
                                                                                                                                                            xxxxxx                               | 20
                                                                                                                                                            xxxxxx                               | 19
                                                                                                                                                            xxxxxx                               | 18
                                                                                                                                                            xxxxxx                               | 17
                                                                                                                                                            xxxxxx                               | 16
                                                                                                                                                            xxxxxx                               | 15
                                                                                                                                                            xxxxxx                               | 14
                                                                                                                                                            xxxxxx                               | 13
                                                                                                                                                            xxxxxx                               | 12
                                                                                                                                                            xxxxxx                               | 11
                                                                                                                                                            xxxxxx                               | 10
                                                                                                                                                            xxxxxx                               | 9
                                                                                                                                                            xxxxxx                               | 8
                                                                                                                                                            xxxxxx                               | 7
                                                                                                                                                            xxxxxx                               | 6
                                                                                                                                                            xxxxxx                               | 5
                                                                                                                                                            xxxxxx                               | 4
                                                                                                                                                            xxxxxx                               | 3
                                                                                                                                                            xxxxxx                               | 2
                                                                                                                                                            xxxxxx                               | 1
                                                                                                                                                            xxxxxx                               |
                                                                                                                                                                  xxxxxx                         | 23
                                                                                                                                                                  xxxxxx                         | 22
                                                                                                                                                                  xxxxxx                         | 21
                                                                                                                                                                  xxxxxx                         | 20
                                                                                                                                                                  xxxxxx                         | 19
                                                                                                                                                                  xxxxxx                         | 18
                                                                                                                                                                  xxxxxx                         | 17
                                                                                                                                                                  xxxxxx                         | 16
                                                                                                                                                                  xxxxxx                         | 15
                                                                                                                                                                  xxxxxx                         | 14
                                                                                                                                                                  xxxxxx                         | 13
                                                                                                                                                                  xxxxxx                         | 12
                                                                                                                                                                  xxxxxx                         | 11
                                                                                                                                                                  xxxxxx                         | 10
                                                                                                                                                                  xxxxxx                         | 9
                                                                                                                                                                  xxxxxx                         | 8
                                                                                                                                                                  xxxxxx                         | 7
                                                                                                                                                                  xxxxxx                         | 6
                                                                                                                                                                  xxxxxx                         | 5
                                                                                                                                                                  xxxxxx                         | 4
                                                                                                                                                                  xxxxxx                         | 3
                                                                                                                                                                  xxxxxx                         | 2
                                                                                                                                                                  xxxxxx                         | 1
                                                                                                                                                                  xxxxxx                         |
                                                                                                                                                                        xxxxxx                   | 23
                                                                                                                                                                        xxxxxx                   | 22
                                                                                                                                                                        xxxxxx                   | 21
                                                                                                                                                                        xxxxxx                   | 20
                                                                                                                                                                        xxxxxx                   | 19
                                                                                                                                                                        xxxxxx                   | 18
                                                                                                                                                                        xxxxxx                   | 17
                                                                                                                                                                        xxxxxx                   | 16
                                                                                                                                                                        xxxxxx                   | 15
                                                                                                                                                                        xxxxxx                   | 14
                                                                                                                                                                        xxxxxx                   | 13
                                                                                                                                                                        xxxxxx                   | 12
                                                                                                                                                                        xxxxxx                   | 11
                                                                                                                                                                        xxxxxx                   | 10
                                                                                                                                                                        xxxxxx                   | 9
                                                                                                                                                                        xxxxxx                   | 8
                                                                                                                                                                        xxxxxx                   | 7
                                                                                                                                                                        xxxxxx                   | 6
                                                                                                                                                                        xxxxxx                   | 5
                                                                                                                                                                        xxxxxx                   | 4
                                                                                                                                                                        xxxxxx                   | 3
                                                                                                                                                                        xxxxxx                   | 2
                                                                                                                                                                        xxxxxx                   | 1
                                                                                                                                                                        xxxxxx                   |
                                                                                                                                                                              xxxxxx             | 23
                                                                                                                                                                              xxxxxx             | 22
                                                                                                                                                                              xxxxxx             | 21
                                                                                                                                                                              xxxxxx             | 20
                                                                                                                                                                              xxxxxx             | 19
                                                                                                                                                                              xxxxxx             | 18
                                                                                                                                                                              xxxxxx             | 17
                                                                                                                                                                              xxxxxx             | 16
                                                                                                                                                                              xxxxxx             | 15
                                                                                                                                                                              xxxxxx             | 14
                                                                                                                                                                              xxxxxx             | 13
                                                                                                                                                                              xxxxxx             | 12
                                                                                                                                                                              xxxxxx             | 11
                                                                                                                                                                              xxxxxx             | 10
                                                                                                                                                                              xxxxxx             | 9
                                                                                                                                                                              xxxxxx             | 8
                                                                                                                                                                              xxxxxx             | 7
                                                                                                                                                                              xxxxxx             | 6
                                                                                                                                                                              xxxxxx             | 5
                                                                                                                                                                              xxxxxx             | 4
                                                                                                                                                                              xxxxxx             | 3
                                                                                                                                                                              xxxxxx             | 2
                                                                                                                                                                              xxxxxx             | 1
                                                                                                                                                                              xxxxxx             |
                                                                                                                                                                                    xxxxxx       | 23
                                                                                                                                                                                    xxxxxx       | 22
                                                                                                                                                                                    xxxxxx       | 21
                                                                                                                                                                                    xxxxxx       | 20
                                                                                                                                                                                    xxxxxx       | 19
                                                                                                                                                                                    xxxxxx       | 18
                                                                                                                                                                                    xxxxxx       | 17
                                                                                                                                                                                    xxxxxx       | 16
                                                                                                                                                                                    xxxxxx       | 15
                                                                                                                                                                                    xxxxxx       | 14
                                                                                                                                                                                    xxxxxx       | 13
                                                                                                                                                                                    xxxxxx       | 12
                                                                                                                                                                                    xxxxxx       | 11
                                                                                                                                                                                    xxxxxx       | 10
                                                                                                                                                                                    xxxxxx       | 9
                                                                                                                                                                                    xxxxxx       | 8
                                                                                                                                                                                    xxxxxx       | 7
                                                                                                                                                                                    xxxxxx       | 6
                                                                                                                                                                                    xxxxxx       | 5
                                                                                                                                                                                    xxxxxx       | 4
                                                                                                                                                                                    xxxxxx       | 3
                                                                                                                                                                                    xxxxxx       | 2
                                                                                                                                                                                    xxxxxx       | 1
                                                                                                                                                                                    xxxxxx       |
                                                                                                                                                                                          xxxxxx | 23
                                                                                                                                                                                          xxxxxx | 22
                                                                                                                                                                                          xxxxxx | 21
                                                                                                                                                                                          xxxxxx | 20
                                                                                                                                                                                          xxxxxx | 19
                                                                                                                                                                                          xxxxxx | 18
                                                                                                                                                                                          xxxxxx | 17
                                                                                                                                                                                          xxxxxx | 16
                                                                                                                                                                                          xxxxxx | 15
                                                                                                                                                                                          xxxxxx | 14
                                                                                                                                                                                          xxxxxx | 13
                                                                                                                                                                                          xxxxxx | 12
                                                                                                                                                                                          xxxxxx | 11
                                                                                                                                                                                          xxxxxx | 10
                                                                                                                                                                                          xxxxxx | 9
                                                                                                                                                                                          xxxxxx | 8
                                                                                                                                                                                          xxxxxx | 7
                                                                                                                                                                                          xxxxxx | 6
                                                                                                                                                                                          xxxxxx | 5
                                                                                                                                                                                          xxxxxx | 4
                                                                                                                                                                                          xxxxxx | 3
                                                                                                                                                                                          xxxxxx | 2
                                                                                                                                                                                          xxxxxx | 1
                                                                                                                                                                                          xxxxxx |
-------------------------------------------------------------------------------------------------------------------------------------------------------------------------------------------------

EFC_J_ROWNNZ
  2
  2
  2
  2
  2
  2
  2
  2
  2
  2
  1
  1
  1
  1
  1
  1
  1
  1
  1
  1
  1
  1
  1
  1
  1
  1
  1
  1
  1
  1
  1
  1
  1
  1
  1
  1
  1
  1
  1
  1
  1
  1
  1
  1
  1
  1
  1
  6
  6
  6
  6
  6
  6
  6
  6
  6
  6
  6
  6
  6
  6
  6
  6
  6
  6
  6
  6
  6
  6
  6
  6
  6
  6
  6
  6
  6
  6
  6
  6
  6
  6
  6
  6
  6
  6
  6
  6
  6
  6
  6
  6
  6
  6
  6
  6
  6
  6
  6
  6
  6
  6
  6
  6
  6
  6
  6
  6
  6
  6
  6
  6
  6
  6
  6
  6
  6
  6
  6
  6
  6
  6
  6
  6
  6
  6
  6
  6
  6
  6
  6
  6
  6
  6
  6
  6
  6
  6
  6
  6
  6
  6
  6
  6
  6
  6
  6
  6
  6
  6
  6
  6
  6
  6
  6
  6
  6
  6
  6
  6
  6
  6
  6
  6
  6
  6
  6
  6
  6
  6
  6
  6
  6
  6
  6
  6
  6
  6
  6
  6
  6
  6
  6
  6
  6
  6
  6
  6
  6
  6
  6
  6
  6
  6
  6
  6
  6
  6
  6
  6
  6
  6
  6
  6
  6
  6
  6
  6
  6
  6
  6
  6
  6
  6
  6
  6
  6
  6
  6
  6
  6
  6
  6
  6
  6
  6
  6
  6
  6
  6
  6
  6
  6
  6
  6
  6
  6
  6
  6
  6
  6
  6
  6
  6
  6
  6
  6
  6
  6
  6
  6
  6
  6
  6
  6
  6
  6
  6
  6
  6
  6
  6
  6
  6
  6
  6
  6
  6
  6
  6
  6
  6
  6
  6
  6
  6
  6
  6
  6
  6
  6
  6
  6
  6
  6
  6
  6
  6
  6
  6
  6
  6
  6
  6
  6
  6
  6
  6
  6
  6
  6
  6
  6
  6
  6
  6
  6
  6
  6
  6
  6
  6
  6
  6
  6
  6
  6
  6
  6
  6
  6
  6
  6
  6
  6
  6
  6
  6
  6
  6
  6
  6
  6
  6
  6
  6
  6
  6
  6
  6
  6
  6
  6
  6
  6
  6
  6
  6
  6
  6
  6
  6
  6
  6
  6
  6
  6
  6
  6
  6
  6
  6
  6
  6
  6
  6
  6
  6
  6
  6
  6
  6
  6
  6
  6
  6
  6
  6
  6
  6
  6
  6
  6
  6
  6
  6
  6
  6
  6
  6
  6
  6
  6
  6
  6
  6
  6
  6
  6
  6
  6
  6
  6
  6
  6
  6
  6
  6
  6
  6
  6
  6
  6
  6
  6
  6
  6
  6
  6
  6
  6
  6
  6
  6
  6
  6
  6
  6
  6
  6
  6
  6
  6
  6
  6
  6
  6
  6
  6
  6
  6
  6
  6
  6
  6
  6
  6
  6
  6
  6
  6
  6
  6
  6
  6
  6
  6
  6
  6
  6
  6
  6
  6
  6
  6
  6
  6
  6
  6
  6
  6
  6
  6
  6
  6
  6
  6
  6
  6
  6
  6
  6
  6
  6
  6
  6
  6
  6
  6
  6
  6
  6
  6
  6
  6
  6
  6
  6
  6
  6
  6
  6
  6
  6
  6
  6
  6
  6
  6
  6
  6
  6
  6
  6
  6
  6
  6
  6
  6
  6
  6
  6
  6
  6
  6
  6
  6
  6
  6
  6
  6
  6
  6
  6
  6
  6
  6
  6
  6
  6
  6
  6
  6
  6
  6
  6
  6
  6
  6
  6
  6
  6
  6
  6
  6
  6
  6
  6
  6
  6
  6
  6
  6
  6
  6
  6
  6
  6
  6
  6
  6
  6
  6
  6
  6
  6
  6
  6
  6
  6
  6
  6
  6
  6
  6
  6
  6
  6
  6
  6
  6
  6
  6
  6
  6
  6
  6
  6
  6
  6
  6
  6
  6
  6
  6
  6
  6
  6
  6
  6
  6
  6
  6
  6
  6
  6
  6
  6
  6
  6
  6
  6
  6
  6
  6
  6
  6
  6
  6
  6
  6
  6
  6
  6
  6
  6
  6
  6
  6
  6
  6
  6
  6
  6
  6
  6
  6
  6
  6
  6
  6
  6
  6
  6
  6
  6
  6
  6
  6
  6
  6
  6
  6
  6
  6
  6
  6
  6
  6
  6
  6
  6

EFC_J_ROWADR
  0
  2
  4
  6
  8
  10
  12
  14
  16
  18
  20
  21
  22
  23
  24
  25
  26
  27
  28
  29
  30
  31
  32
  33
  34
  35
  36
  37
  38
  39
  40
  41
  42
  43
  44
  45
  46
  47
  48
  49
  50
  51
  52
  53
  54
  55
  56
  57
  63
  69
  75
  81
  87
  93
  99
  105
  111
  117
  123
  129
  135
  141
  147
  153
  159
  165
  171
  177
  183
  189
  195
  201
  207
  213
  219
  225
  231
  237
  243
  249
  255
  261
  267
  273
  279
  285
  291
  297
  303
  309
  315
  321
  327
  333
  339
  345
  351
  357
  363
  369
  375
  381
  387
  393
  399
  405
  411
  417
  423
  429
  435
  441
  447
  453
  459
  465
  471
  477
  483
  489
  495
  501
  507
  513
  519
  525
  531
  537
  543
  549
  555
  561
  567
  573
  579
  585
  591
  597
  603
  609
  615
  621
  627
  633
  639
  645
  651
  657
  663
  669
  675
  681
  687
  693
  699
  705
  711
  717
  723
  729
  735
  741
  747
  753
  759
  765
  771
  777
  783
  789
  795
  801
  807
  813
  819
  825
  831
  837
  843
  849
  855
  861
  867
  873
  879
  885
  891
  897
  903
  909
  915
  921
  927
  933
  939
  945
  951
  957
  963
  969
  975
  981
  987
  993
  999
  1005
  1011
  1017
  1023
  1029
  1035
  1041
  1047
  1053
  1059
  1065
  1071
  1077
  1083
  1089
  1095
  1101
  1107
  1113
  1119
  1125
  1131
  1137
  1143
  1149
  1155
  1161
  1167
  1173
  1179
  1185
  1191
  1197
  1203
  1209
  1215
  1221
  1227
  1233
  1239
  1245
  1251
  1257
  1263
  1269
  1275
  1281
  1287
  1293
  1299
  1305
  1311
  1317
  1323
  1329
  1335
  1341
  1347
  1353
  1359
  1365
  1371
  1377
  1383
  1389
  1395
  1401
  1407
  1413
  1419
  1425
  1431
  1437
  1443
  1449
  1455
  1461
  1467
  1473
  1479
  1485
  1491
  1497
  1503
  1509
  1515
  1521
  1527
  1533
  1539
  1545
  1551
  1557
  1563
  1569
  1575
  1581
  1587
  1593
  1599
  1605
  1611
  1617
  1623
  1629
  1635
  1641
  1647
  1653
  1659
  1665
  1671
  1677
  1683
  1689
  1695
  1701
  1707
  1713
  1719
  1725
  1731
  1737
  1743
  1749
  1755
  1761
  1767
  1773
  1779
  1785
  1791
  1797
  1803
  1809
  1815
  1821
  1827
  1833
  1839
  1845
  1851
  1857
  1863
  1869
  1875
  1881
  1887
  1893
  1899
  1905
  1911
  1917
  1923
  1929
  1935
  1941
  1947
  1953
  1959
  1965
  1971
  1977
  1983
  1989
  1995
  2001
  2007
  2013
  2019
  2025
  2031
  2037
  2043
  2049
  2055
  2061
  2067
  2073
  2079
  2085
  2091
  2097
  2103
  2109
  2115
  2121
  2127
  2133
  2139
  2145
  2151
  2157
  2163
  2169
  2175
  2181
  2187
  2193
  2199
  2205
  2211
  2217
  2223
  2229
  2235
  2241
  2247
  2253
  2259
  2265
  2271
  2277
  2283
  2289
  2295
  2301
  2307
  2313
  2319
  2325
  2331
  2337
  2343
  2349
  2355
  2361
  2367
  2373
  2379
  2385
  2391
  2397
  2403
  2409
  2415
  2421
  2427
  2433
  2439
  2445
  2451
  2457
  2463
  2469
  2475
  2481
  2487
  2493
  2499
  2505
  2511
  2517
  2523
  2529
  2535
  2541
  2547
  2553
  2559
  2565
  2571
  2577
  2583
  2589
  2595
  2601
  2607
  2613
  2619
  2625
  2631
  2637
  2643
  2649
  2655
  2661
  2667
  2673
  2679
  2685
  2691
  2697
  2703
  2709
  2715
  2721
  2727
  2733
  2739
  2745
  2751
  2757
  2763
  2769
  2775
  2781
  2787
  2793
  2799
  2805
  2811
  2817
  2823
  2829
  2835
  2841
  2847
  2853
  2859
  2865
  2871
  2877
  2883
  2889
  2895
  2901
  2907
  2913
  2919
  2925
  2931
  2937
  2943
  2949
  2955
  2961
  2967
  2973
  2979
  2985
  2991
  2997
  3003
  3009
  3015
  3021
  3027
  3033
  3039
  3045
  3051
  3057
  3063
  3069
  3075
  3081
  3087
  3093
  3099
  3105
  3111
  3117
  3123
  3129
  3135
  3141
  3147
  3153
  3159
  3165
  3171
  3177
  3183
  3189
  3195
  3201
  3207
  3213
  3219
  3225
  3231
  3237
  3243
  3249
  3255
  3261
  3267
  3273
  3279
  3285
  3291
  3297
  3303
  3309
  3315
  3321
  3327
  3333
  3339
  3345
  3351
  3357
  3363
  3369
  3375
  3381
  3387
  3393
  3399
  3405
  3411
  3417
  3423
  3429
  3435
  3441
  3447
  3453
  3459
  3465
  3471
  3477
  3483
  3489
  3495
  3501
  3507
  3513
  3519
  3525
  3531
  3537
  3543
  3549
  3555
  3561
  3567
  3573
  3579
  3585
  3591
  3597
  3603
  3609
  3615
  3621
  3627
  3633
  3639
  3645
  3651
  3657
  3663
  3669
  3675
  3681
  3687
  3693
  3699
  3705
  3711
  3717
  3723
  3729
  3735
  3741
  3747
  3753
  3759
  3765
  3771
  3777
  3783
  3789
  3795

EFC_POS
  -3.1e-07 
  -7.7e-08 
  -7.3e-08 
  -8e-08   
  -8.5e-08 
  -2.9e-07 
  -7.1e-08 
  -8e-08   
  -8.7e-08 
  -7.8e-08 
   0       
   0       
   0       
   0       
   0       
   0       
   0       
   0       
   0       
   0       
   0       
   0       
   0       
   0       
   0       
   0       
   0       
   0       
   0       
   0       
   0       
   0       
   0       
   0       
   0       
   0       
   0       
   0       
   0       
   0       
   0       
   0       
   0       
   0       
   0       
  -0.00051 
  -0.00069 
  -7.3e-06 
   0       
   0       
  -7.3e-06 
   0       
   0       
  -7.3e-06 
   0       
   0       
  -7.3e-06 
   0       
   0       
  -7.3e-06 
   0       
   0       
  -7.3e-06 
   0       
   0       
  -7.3e-06 
   0       
   0       
  -7.3e-06 
   0       
   0       
  -7.3e-06 
   0       
   0       
  -7.3e-06 
   0       
   0       
  -7.3e-06 
   0       
   0       
  -7.3e-06 
   0       
   0       
  -7.3e-06 
   0       
   0       
  -7.3e-06 
   0       
   0       
  -7.3e-06 
   0       
   0       
  -7.3e-06 
   0       
   0       
  -7.3e-06 
   0       
   0       
  -7.3e-06 
   0       
   0       
  -7.3e-06 
   0       
   0       
  -7.3e-06 
   0       
   0       
  -7.3e-06 
   0       
   0       
  -7.3e-06 
   0       
   0       
  -7.3e-06 
   0       
   0       
  -7.3e-06 
   0       
   0       
  -7.3e-06 
   0       
   0       
  -7.3e-06 
   0       
   0       
  -7.3e-06 
   0       
   0       
  -7.3e-06 
   0       
   0       
  -7.3e-06 
   0       
   0       
  -7.3e-06 
   0       
   0       
  -7.3e-06 
   0       
   0       
  -7.3e-06 
   0       
   0       
  -7.3e-06 
   0       
   0       
  -7.3e-06 
   0       
   0       
  -7.3e-06 
   0       
   0       
  -7.3e-06 
   0       
   0       
  -7.3e-06 
   0       
   0       
  -7.3e-06 
   0       
   0       
  -7.3e-06 
   0       
   0       
  -7.3e-06 
   0       
   0       
  -7.3e-06 
   0       
   0       
  -7.3e-06 
   0       
   0       
  -7.3e-06 
   0       
   0       
  -7.3e-06 
   0       
   0       
  -7.3e-06 
   0       
   0       
  -7.3e-06 
   0       
   0       
  -7.3e-06 
   0       
   0       
  -7.3e-06 
   0       
   0       
  -7.3e-06 
   0       
   0       
  -7.3e-06 
   0       
   0       
  -7.3e-06 
   0       
   0       
  -7.3e-06 
   0       
   0       
  -7.3e-06 
   0       
   0       
  -7.3e-06 
   0       
   0       
  -7.3e-06 
   0       
   0       
  -7.3e-06 
   0       
   0       
  -7.3e-06 
   0       
   0       
  -7.3e-06 
   0       
   0       
  -7.3e-06 
   0       
   0       
  -7.3e-06 
   0       
   0       
  -7.3e-06 
   0       
   0       
  -7.3e-06 
   0       
   0       
  -7.3e-06 
   0       
   0       
  -7.3e-06 
   0       
   0       
  -7.3e-06 
   0       
   0       
  -7.3e-06 
   0       
   0       
  -7.3e-06 
   0       
   0       
  -7.3e-06 
   0       
   0       
  -7.3e-06 
   0       
   0       
  -7.3e-06 
   0       
   0       
  -7.3e-06 
   0       
   0       
  -7.3e-06 
   0       
   0       
  -7.3e-06 
   0       
   0       
  -7.3e-06 
   0       
   0       
  -7.3e-06 
   0       
   0       
  -7.3e-06 
   0       
   0       
  -7.3e-06 
   0       
   0       
  -7.3e-06 
   0       
   0       
  -7.3e-06 
   0       
   0       
  -7.3e-06 
   0       
   0       
  -7.3e-06 
   0       
   0       
  -7.3e-06 
   0       
   0       
  -7.3e-06 
   0       
   0       
  -7.3e-06 
   0       
   0       
  -7.3e-06 
   0       
   0       
  -7.3e-06 
   0       
   0       
  -7.3e-06 
   0       
   0       
  -7.3e-06 
   0       
   0       
  -7.3e-06 
   0       
   0       
  -7.3e-06 
   0       
   0       
  -7.3e-06 
   0       
   0       
  -7.3e-06 
   0       
   0       
  -7.3e-06 
   0       
   0       
  -7.3e-06 
   0       
   0       
  -7.3e-06 
   0       
   0       
  -7.3e-06 
   0       
   0       
  -7.3e-06 
   0       
   0       
  -7.3e-06 
   0       
   0       
  -7.3e-06 
   0       
   0       
  -7.3e-06 
   0       
   0       
  -7.3e-06 
   0       
   0       
  -7.3e-06 
   0       
   0       
  -7.3e-06 
   0       
   0       
  -7.3e-06 
   0       
   0       
  -7.3e-06 
   0       
   0       
  -7.3e-06 
   0       
   0       
  -7.3e-06 
   0       
   0       
  -7.3e-06 
   0       
   0       
  -7.3e-06 
   0       
   0       
  -7.3e-06 
   0       
   0       
  -7.3e-06 
   0       
   0       
  -7.3e-06 
   0       
   0       
  -7.3e-06 
   0       
   0       
  -7.3e-06 
   0       
   0       
  -7.3e-06 
   0       
   0       
  -7.3e-06 
   0       
   0       
  -7.3e-06 
   0       
   0       
  -7.3e-06 
   0       
   0       
  -7.3e-06 
   0       
   0       
  -7.3e-06 
   0       
   0       
  -7.3e-06 
   0       
   0       
  -7.3e-06 
   0       
   0       
  -7.3e-06 
   0       
   0       
  -7.3e-06 
   0       
   0       
  -7.3e-06 
   0       
   0       
  -7.3e-06 
   0       
   0       
  -7.3e-06 
   0       
   0       
  -7.3e-06 
   0       
   0       
  -7.3e-06 
   0       
   0       
  -7.3e-06 
   0       
   0       
  -7.3e-06 
   0       
   0       
  -7.3e-06 
   0       
   0       
  -7.3e-06 
   0       
   0       
  -7.3e-06 
   0       
   0       
  -7.3e-06 
   0       
   0       
  -7.3e-06 
   0       
   0       
  -7.3e-06 
   0       
   0       
  -7.3e-06 
   0       
   0       
  -7.3e-06 
   0       
   0       
  -7.3e-06 
   0       
   0       
  -7.3e-06 
   0       
   0       
  -7.3e-06 
   0       
   0       
  -7.3e-06 
   0       
   0       
  -7.3e-06 
   0       
   0       
  -7.3e-06 
   0       
   0       
  -7.3e-06 
   0       
   0       
  -7.3e-06 
   0       
   0       
  -7.3e-06 
   0       
   0       
  -7.3e-06 
   0       
   0       
  -7.3e-06 
   0       
   0       
  -7.3e-06 
   0       
   0       
  -7.3e-06 
   0       
   0       
  -7.3e-06 
   0       
   0       
  -7.3e-06 
   0       
   0       
  -7.3e-06 
   0       
   0       
  -7.3e-06 
   0       
   0       
  -7.3e-06 
   0       
   0       
  -7.3e-06 
   0       
   0       
  -7.3e-06 
   0       
   0       
  -7.3e-06 
   0       
   0       
  -7.3e-06 
   0       
   0       
  -7.3e-06 
   0       
   0       
  -7.3e-06 
   0       
   0       
  -7.3e-06 
   0       
   0       
  -7.3e-06 
   0       
   0       
  -7.3e-06 
   0       
   0       
  -7.3e-06 
   0       
   0       
  -7.3e-06 
   0       
   0       
  -7.3e-06 
   0       
   0       
  -7.3e-06 
   0       
   0       
  -7.3e-06 
   0       
   0       
  -7.3e-06 
   0       
   0       
  -7.3e-06 
   0       
   0       
  -7.3e-06 
   0       
   0       
  -7.3e-06 
   0       
   0       
  -7.3e-06 
   0       
   0       
  -7.3e-06 
   0       
   0       
  -7.3e-06 
   0       
   0       
  -7.3e-06 
   0       
   0       
  -7.3e-06 
   0       
   0       
  -7.3e-06 
   0       
   0       
  -7.3e-06 
   0       
   0       
  -7.3e-06 
   0       
   0       
  -7.3e-06 
   0       
   0       
  -7.3e-06 
   0       
   0       
  -7.3e-06 
   0       
   0       
  -7.3e-06 
   0       
   0       
  -7.3e-06 
   0       
   0       
  -7.3e-06 
   0       
   0       
  -7.3e-06 
   0       
   0       
  -7.3e-06 
   0       
   0       
  -7.3e-06 
   0       
   0       
  -7.3e-06 
   0       
   0       
  -7.3e-06 
   0       
   0       
  -7.3e-06 
   0       
   0       
  -7.3e-06 
   0       
   0       
  -7.3e-06 
   0       
   0       
  -7.3e-06 
   0       
   0       
  -7.3e-06 
   0       
   0       
  -7.3e-06 
   0       
   0       
  -7.3e-06 
   0       
   0       
  -7.3e-06 
   0       
   0       
  -7.3e-06 
   0       
   0       
  -7.3e-06 
   0       
   0       
  -7.3e-06 
   0       
   0       
  -7.3e-06 
   0       
   0       
  -7.3e-06 
   0       
   0       
  -7.3e-06 
   0       
   0       

EFC_MARGIN
   0       
   0       
   0       
   0       
   0       
   0       
   0       
   0       
   0       
   0       
   0       
   0       
   0       
   0       
   0       
   0       
   0       
   0       
   0       
   0       
   0       
   0       
   0       
   0       
   0       
   0       
   0       
   0       
   0       
   0       
   0       
   0       
   0       
   0       
   0       
   0       
   0       
   0       
   0       
   0       
   0       
   0       
   0       
   0       
   0       
   0       
   0       
   0       
   0       
   0       
   0       
   0       
   0       
   0       
   0       
   0       
   0       
   0       
   0       
   0       
   0       
   0       
   0       
   0       
   0       
   0       
   0       
   0       
   0       
   0       
   0       
   0       
   0       
   0       
   0       
   0       
   0       
   0       
   0       
   0       
   0       
   0       
   0       
   0       
   0       
   0       
   0       
   0       
   0       
   0       
   0       
   0       
   0       
   0       
   0       
   0       
   0       
   0       
   0       
   0       
   0       
   0       
   0       
   0       
   0       
   0       
   0       
   0       
   0       
   0       
   0       
   0       
   0       
   0       
   0       
   0       
   0       
   0       
   0       
   0       
   0       
   0       
   0       
   0       
   0       
   0       
   0       
   0       
   0       
   0       
   0       
   0       
   0       
   0       
   0       
   0       
   0       
   0       
   0       
   0       
   0       
   0       
   0       
   0       
   0       
   0       
   0       
   0       
   0       
   0       
   0       
   0       
   0       
   0       
   0       
   0       
   0       
   0       
   0       
   0       
   0       
   0       
   0       
   0       
   0       
   0       
   0       
   0       
   0       
   0       
   0       
   0       
   0       
   0       
   0       
   0       
   0       
   0       
   0       
   0       
   0       
   0       
   0       
   0       
   0       
   0       
   0       
   0       
   0       
   0       
   0       
   0       
   0       
   0       
   0       
   0       
   0       
   0       
   0       
   0       
   0       
   0       
   0       
   0       
   0       
   0       
   0       
   0       
   0       
   0       
   0       
   0       
   0       
   0       
   0       
   0       
   0       
   0       
   0       
   0       
   0       
   0       
   0       
   0       
   0       
   0       
   0       
   0       
   0       
   0       
   0       
   0       
   0       
   0       
   0       
   0       
   0       
   0       
   0       
   0       
   0       
   0       
   0       
   0       
   0       
   0       
   0       
   0       
   0       
   0       
   0       
   0       
   0       
   0       
   0       
   0       
   0       
   0       
   0       
   0       
   0       
   0       
   0       
   0       
   0       
   0       
   0       
   0       
   0       
   0       
   0       
   0       
   0       
   0       
   0       
   0       
   0       
   0       
   0       
   0       
   0       
   0       
   0       
   0       
   0       
   0       
   0       
   0       
   0       
   0       
   0       
   0       
   0       
   0       
   0       
   0       
   0       
   0       
   0       
   0       
   0       
   0       
   0       
   0       
   0       
   0       
   0       
   0       
   0       
   0       
   0       
   0       
   0       
   0       
   0       
   0       
   0       
   0       
   0       
   0       
   0       
   0       
   0       
   0       
   0       
   0       
   0       
   0       
   0       
   0       
   0       
   0       
   0       
   0       
   0       
   0       
   0       
   0       
   0       
   0       
   0       
   0       
   0       
   0       
   0       
   0       
   0       
   0       
   0       
   0       
   0       
   0       
   0       
   0       
   0       
   0       
   0       
   0       
   0       
   0       
   0       
   0       
   0       
   0       
   0       
   0       
   0       
   0       
   0       
   0       
   0       
   0       
   0       
   0       
   0       
   0       
   0       
   0       
   0       
   0       
   0       
   0       
   0       
   0       
   0       
   0       
   0       
   0       
   0       
   0       
   0       
   0       
   0       
   0       
   0       
   0       
   0       
   0       
   0       
   0       
   0       
   0       
   0       
   0       
   0       
   0       
   0       
   0       
   0       
   0       
   0       
   0       
   0       
   0       
   0       
   0       
   0       
   0       
   0       
   0       
   0       
   0       
   0       
   0       
   0       
   0       
   0       
   0       
   0       
   0       
   0       
   0       
   0       
   0       
   0       
   0       
   0       
   0       
   0       
   0       
   0       
   0       
   0       
   0       
   0       
   0       
   0       
   0       
   0       
   0       
   0       
   0       
   0       
   0       
   0       
   0       
   0       
   0       
   0       
   0       
   0       
   0       
   0       
   0       
   0       
   0       
   0       
   0       
   0       
   0       
   0       
   0       
   0       
   0       
   0       
   0       
   0       
   0       
   0       
   0       
   0       
   0       
   0       
   0       
   0       
   0       
   0       
   0       
   0       
   0       
   0       
   0       
   0       
   0       
   0       
   0       
   0       
   0       
   0       
   0       
   0       
   0       
   0       
   0       
   0       
   0       
   0       
   0       
   0       
   0       
   0       
   0       
   0       
   0       
   0       
   0       
   0       
   0       
   0       
   0       
   0       
   0       
   0       
   0       
   0       
   0       
   0       
   0       
   0       
   0       
   0       
   0       
   0       
   0       
   0       
   0       
   0       
   0       
   0       
   0       
   0       
   0       
   0       
   0       
   0       
   0       
   0       
   0       
   0       
   0       
   0       
   0       
   0       
   0       
   0       
   0       
   0       
   0       
   0       
   0       
   0       
   0       
   0       
   0       
   0       
   0       
   0       
   0       
   0       
   0       
   0       
   0       
   0       
   0       
   0       
   0       
   0       
   0       
   0       
   0       
   0       
   0       
   0       
   0       
   0       
   0       
   0       
   0       
   0       
   0       
   0       
   0       
   0       
   0       
   0       
   0       
   0       
   0       
   0       
   0       
   0       
   0       
   0       
   0       
   0       
   0       
   0       
   0       
   0       
   0       
   0       
   0       
   0       
   0       
   0       
   0       
   0       
   0       
   0       
   0       
   0       
   0       
   0       
   0       
   0       
   0       
   0       
   0       
   0       
   0       
   0       
   0       
   0       
   0       
   0       
   0       
   0       
   0       
   0       
   0       
   0       
   0       
   0       
   0       
   0       
   0       
   0       
   0       
   0       
   0       
   0       
   0       
   0       
   0       
   0       
   0       
   0       
   0       
   0       
   0       
   0       
   0       
   0       
   0       
   0       
   0       
   0       
   0       
   0       
   0       
   0       

EFC_FRICTIONLOSS
   0       
   0       
   0       
   0       
   0       
   0       
   0       
   0       
   0       
   0       
   2.5e+02 
   2.5e+02 
   2.5e+02 
   0.01    
   0.01    
   0.01    
   0.01    
   0.01    
   0.01    
   0.01    
   0.01    
   0.01    
   0.01    
   0.01    
   0.01    
   0.01    
   0.01    
   0.01    
   0.01    
   0.01    
   0.01    
   0.01    
   0.01    
   0.01    
   0.01    
   0.01    
   0.01    
   0.01    
   0.01    
   0.01    
   0.01    
   0.01    
   0.01    
   0.01    
   0.01    
   0       
   0       
   0       
   0       
   0       
   0       
   0       
   0       
   0       
   0       
   0       
   0       
   0       
   0       
   0       
   0       
   0       
   0       
   0       
   0       
   0       
   0       
   0       
   0       
   0       
   0       
   0       
   0       
   0       
   0       
   0       
   0       
   0       
   0       
   0       
   0       
   0       
   0       
   0       
   0       
   0       
   0       
   0       
   0       
   0       
   0       
   0       
   0       
   0       
   0       
   0       
   0       
   0       
   0       
   0       
   0       
   0       
   0       
   0       
   0       
   0       
   0       
   0       
   0       
   0       
   0       
   0       
   0       
   0       
   0       
   0       
   0       
   0       
   0       
   0       
   0       
   0       
   0       
   0       
   0       
   0       
   0       
   0       
   0       
   0       
   0       
   0       
   0       
   0       
   0       
   0       
   0       
   0       
   0       
   0       
   0       
   0       
   0       
   0       
   0       
   0       
   0       
   0       
   0       
   0       
   0       
   0       
   0       
   0       
   0       
   0       
   0       
   0       
   0       
   0       
   0       
   0       
   0       
   0       
   0       
   0       
   0       
   0       
   0       
   0       
   0       
   0       
   0       
   0       
   0       
   0       
   0       
   0       
   0       
   0       
   0       
   0       
   0       
   0       
   0       
   0       
   0       
   0       
   0       
   0       
   0       
   0       
   0       
   0       
   0       
   0       
   0       
   0       
   0       
   0       
   0       
   0       
   0       
   0       
   0       
   0       
   0       
   0       
   0       
   0       
   0       
   0       
   0       
   0       
   0       
   0       
   0       
   0       
   0       
   0       
   0       
   0       
   0       
   0       
   0       
   0       
   0       
   0       
   0       
   0       
   0       
   0       
   0       
   0       
   0       
   0       
   0       
   0       
   0       
   0       
   0       
   0       
   0       
   0       
   0       
   0       
   0       
   0       
   0       
   0       
   0       
   0       
   0       
   0       
   0       
   0       
   0       
   0       
   0       
   0       
   0       
   0       
   0       
   0       
   0       
   0       
   0       
   0       
   0       
   0       
   0       
   0       
   0       
   0       
   0       
   0       
   0       
   0       
   0       
   0       
   0       
   0       
   0       
   0       
   0       
   0       
   0       
   0       
   0       
   0       
   0       
   0       
   0       
   0       
   0       
   0       
   0       
   0       
   0       
   0       
   0       
   0       
   0       
   0       
   0       
   0       
   0       
   0       
   0       
   0       
   0       
   0       
   0       
   0       
   0       
   0       
   0       
   0       
   0       
   0       
   0       
   0       
   0       
   0       
   0       
   0       
   0       
   0       
   0       
   0       
   0       
   0       
   0       
   0       
   0       
   0       
   0       
   0       
   0       
   0       
   0       
   0       
   0       
   0       
   0       
   0       
   0       
   0       
   0       
   0       
   0       
   0       
   0       
   0       
   0       
   0       
   0       
   0       
   0       
   0       
   0       
   0       
   0       
   0       
   0       
   0       
   0       
   0       
   0       
   0       
   0       
   0       
   0       
   0       
   0       
   0       
   0       
   0       
   0       
   0       
   0       
   0       
   0       
   0       
   0       
   0       
   0       
   0       
   0       
   0       
   0       
   0       
   0       
   0       
   0       
   0       
   0       
   0       
   0       
   0       
   0       
   0       
   0       
   0       
   0       
   0       
   0       
   0       
   0       
   0       
   0       
   0       
   0       
   0       
   0       
   0       
   0       
   0       
   0       
   0       
   0       
   0       
   0       
   0       
   0       
   0       
   0       
   0       
   0       
   0       
   0       
   0       
   0       
   0       
   0       
   0       
   0       
   0       
   0       
   0       
   0       
   0       
   0       
   0       
   0       
   0       
   0       
   0       
   0       
   0       
   0       
   0       
   0       
   0       
   0       
   0       
   0       
   0       
   0       
   0       
   0       
   0       
   0       
   0       
   0       
   0       
   0       
   0       
   0       
   0       
   0       
   0       
   0       
   0       
   0       
   0       
   0       
   0       
   0       
   0       
   0       
   0       
   0       
   0       
   0       
   0       
   0       
   0       
   0       
   0       
   0       
   0       
   0       
   0       
   0       
   0       
   0       
   0       
   0       
   0       
   0       
   0       
   0       
   0       
   0       
   0       
   0       
   0       
   0       
   0       
   0       
   0       
   0       
   0       
   0       
   0       
   0       
   0       
   0       
   0       
   0       
   0       
   0       
   0       
   0       
   0       
   0       
   0       
   0       
   0       
   0       
   0       
   0       
   0       
   0       
   0       
   0       
   0       
   0       
   0       
   0       
   0       
   0       
   0       
   0       
   0       
   0       
   0       
   0       
   0       
   0       
   0       
   0       
   0       
   0       
   0       
   0       
   0       
   0       
   0       
   0       
   0       
   0       
   0       
   0       
   0       
   0       
   0       
   0       
   0       
   0       
   0       
   0       
   0       
   0       
   0       
   0       
   0       
   0       
   0       
   0       
   0       
   0       
   0       
   0       
   0       
   0       
   0       
   0       
   0       
   0       
   0       
   0       
   0       
   0       
   0       
   0       
   0       
   0       
   0       
   0       
   0       
   0       
   0       
   0       
   0       
   0       
   0       
   0       
   0       
   0       
   0       
   0       
   0       
   0       
   0       
   0       
   0       
   0       
   0       
   0       
   0       
   0       
   0       
   0       
   0       
   0       
   0       
   0       
   0       
   0       
   0       
   0       
   0       
   0       
   0       
   0       
   0       
   0       
   0       
   0       
   0       
   0       
   0       
   0       
   0       
   0       
   0       
   0       
   0       
   0       
   0       
   0       
   0       
   0       
   0       
   0       
   0       
   0       
   0       
   0       
   0       
   0       
   0       
   0       
   0       
   0       
   0       
   0       
   0       
   0       

EFC_DIAGAPPROX
   1e+03   
   1.2e+03 
   1.2e+03 
   1.2e+03 
   1.2e+03 
   1e+03   
   1.2e+03 
   1.2e+03 
   1.2e+03 
   1.2e+03 
   0.019   
   0.013   
   0.29    
   0.39    
   0.23    
   1.2     
   3.1     
   1.8e+02 
   1.2e+02 
   1.6e+02 
   6.3     
   3.1e+02 
   4.5     
   3.2e+02 
   86      
   72      
   8.1e+02 
   9.7e+02 
   1.9e+02 
   9.7e+02 
   9.7e+02 
   9.7e+02 
   1.6e+02 
   6.3     
   3.1e+02 
   4.5     
   3.2e+02 
   86      
   72      
   8.1e+02 
   9.7e+02 
   1.9e+02 
   9.7e+02 
   9.7e+02 
   9.7e+02 
   0.39    
   0.23    
   0.0046  
   0.00023 
   0.00023 
   0.0046  
   0.00023 
   0.00023 
   0.0046  
   0.00023 
   0.00023 
   0.0046  
   0.00023 
   0.00023 
   0.0046  
   0.00023 
   0.00023 
   0.0046  
   0.00023 
   0.00023 
   0.0046  
   0.00023 
   0.00023 
   0.0046  
   0.00023 
   0.00023 
   0.0046  
   0.00023 
   0.00023 
   0.0046  
   0.00023 
   0.00023 
   0.0046  
   0.00023 
   0.00023 
   0.0046  
   0.00023 
   0.00023 
   0.0046  
   0.00023 
   0.00023 
   0.0046  
   0.00023 
   0.00023 
   0.0046  
   0.00023 
   0.00023 
   0.0046  
   0.00023 
   0.00023 
   0.0046  
   0.00023 
   0.00023 
   0.0046  
   0.00023 
   0.00023 
   0.0046  
   0.00023 
   0.00023 
   0.0046  
   0.00023 
   0.00023 
   0.0046  
   0.00023 
   0.00023 
   0.0046  
   0.00023 
   0.00023 
   0.0046  
   0.00023 
   0.00023 
   0.0046  
   0.00023 
   0.00023 
   0.0046  
   0.00023 
   0.00023 
   0.0046  
   0.00023 
   0.00023 
   0.0046  
   0.00023 
   0.00023 
   0.0046  
   0.00023 
   0.00023 
   0.0046  
   0.00023 
   0.00023 
   0.0046  
   0.00023 
   0.00023 
   0.0046  
   0.00023 
   0.00023 
   0.0046  
   0.00023 
   0.00023 
   0.0046  
   0.00023 
   0.00023 
   0.0046  
   0.00023 
   0.00023 
   0.0046  
   0.00023 
   0.00023 
   0.0046  
   0.00023 
   0.00023 
   0.0046  
   0.00023 
   0.00023 
   0.0046  
   0.00023 
   0.00023 
   0.0046  
   0.00023 
   0.00023 
   0.0046  
   0.00023 
   0.00023 
   0.0046  
   0.00023 
   0.00023 
   0.0046  
   0.00023 
   0.00023 
   0.0046  
   0.00023 
   0.00023 
   0.0046  
   0.00023 
   0.00023 
   0.0046  
   0.00023 
   0.00023 
   0.0046  
   0.00023 
   0.00023 
   0.0046  
   0.00023 
   0.00023 
   0.0046  
   0.00023 
   0.00023 
   0.0046  
   0.00023 
   0.00023 
   0.0046  
   0.00023 
   0.00023 
   0.0046  
   0.00023 
   0.00023 
   0.0046  
   0.00023 
   0.00023 
   0.0046  
   0.00023 
   0.00023 
   0.0046  
   0.00023 
   0.00023 
   0.0046  
   0.00023 
   0.00023 
   0.0046  
   0.00023 
   0.00023 
   0.0046  
   0.00023 
   0.00023 
   0.0046  
   0.00023 
   0.00023 
   0.0046  
   0.00023 
   0.00023 
   0.0046  
   0.00023 
   0.00023 
   0.0046  
   0.00023 
   0.00023 
   0.0046  
   0.00023 
   0.00023 
   0.0046  
   0.00023 
   0.00023 
   0.0046  
   0.00023 
   0.00023 
   0.0046  
   0.00023 
   0.00023 
   0.0046  
   0.00023 
   0.00023 
   0.0046  
   0.00023 
   0.00023 
   0.0046  
   0.00023 
   0.00023 
   0.0046  
   0.00023 
   0.00023 
   0.0046  
   0.00023 
   0.00023 
   0.0046  
   0.00023 
   0.00023 
   0.0046  
   0.00023 
   0.00023 
   0.0046  
   0.00023 
   0.00023 
   0.0046  
   0.00023 
   0.00023 
   0.0046  
   0.00023 
   0.00023 
   0.0046  
   0.00023 
   0.00023 
   0.0046  
   0.00023 
   0.00023 
   0.0046  
   0.00023 
   0.00023 
   0.0046  
   0.00023 
   0.00023 
   0.0046  
   0.00023 
   0.00023 
   0.0046  
   0.00023 
   0.00023 
   0.0046  
   0.00023 
   0.00023 
   0.0046  
   0.00023 
   0.00023 
   0.0046  
   0.00023 
   0.00023 
   0.0046  
   0.00023 
   0.00023 
   0.0046  
   0.00023 
   0.00023 
   0.0046  
   0.00023 
   0.00023 
   0.0046  
   0.00023 
   0.00023 
   0.0046  
   0.00023 
   0.00023 
   0.0046  
   0.00023 
   0.00023 
   0.0046  
   0.00023 
   0.00023 
   0.0046  
   0.00023 
   0.00023 
   0.0046  
   0.00023 
   0.00023 
   0.0046  
   0.00023 
   0.00023 
   0.0046  
   0.00023 
   0.00023 
   0.0046  
   0.00023 
   0.00023 
   0.0046  
   0.00023 
   0.00023 
   0.0046  
   0.00023 
   0.00023 
   0.0046  
   0.00023 
   0.00023 
   0.0046  
   0.00023 
   0.00023 
   0.0046  
   0.00023 
   0.00023 
   0.0046  
   0.00023 
   0.00023 
   0.0046  
   0.00023 
   0.00023 
   0.0046  
   0.00023 
   0.00023 
   0.0046  
   0.00023 
   0.00023 
   0.0046  
   0.00023 
   0.00023 
   0.0046  
   0.00023 
   0.00023 
   0.0046  
   0.00023 
   0.00023 
   0.0046  
   0.00023 
   0.00023 
   0.0046  
   0.00023 
   0.00023 
   0.0046  
   0.00023 
   0.00023 
   0.0046  
   0.00023 
   0.00023 
   0.0046  
   0.00023 
   0.00023 
   0.0046  
   0.00023 
   0.00023 
   0.0046  
   0.00023 
   0.00023 
   0.0046  
   0.00023 
   0.00023 
   0.0046  
   0.00023 
   0.00023 
   0.0046  
   0.00023 
   0.00023 
   0.0046  
   0.00023 
   0.00023 
   0.0046  
   0.00023 
   0.00023 
   0.0046  
   0.00023 
   0.00023 
   0.0046  
   0.00023 
   0.00023 
   0.0046  
   0.00023 
   0.00023 
   0.0046  
   0.00023 
   0.00023 
   0.0046  
   0.00023 
   0.00023 
   0.0046  
   0.00023 
   0.00023 
   0.0046  
   0.00023 
   0.00023 
   0.0046  
   0.00023 
   0.00023 
   0.0046  
   0.00023 
   0.00023 
   0.0046  
   0.00023 
   0.00023 
   0.0046  
   0.00023 
   0.00023 
   0.0046  
   0.00023 
   0.00023 
   0.0046  
   0.00023 
   0.00023 
   0.0046  
   0.00023 
   0.00023 
   0.0046  
   0.00023 
   0.00023 
   0.0046  
   0.00023 
   0.00023 
   0.0046  
   0.00023 
   0.00023 
   0.0046  
   0.00023 
   0.00023 
   0.0046  
   0.00023 
   0.00023 
   0.0046  
   0.00023 
   0.00023 
   0.0046  
   0.00023 
   0.00023 
   0.0046  
   0.00023 
   0.00023 
   0.0046  
   0.00023 
   0.00023 
   0.0046  
   0.00023 
   0.00023 
   0.0046  
   0.00023 
   0.00023 
   0.0046  
   0.00023 
   0.00023 
   0.0046  
   0.00023 
   0.00023 
   0.0046  
   0.00023 
   0.00023 
   0.0046  
   0.00023 
   0.00023 
   0.0046  
   0.00023 
   0.00023 
   0.0046  
   0.00023 
   0.00023 
   0.0046  
   0.00023 
   0.00023 
   0.0046  
   0.00023 
   0.00023 
   0.0046  
   0.00023 
   0.00023 
   0.0046  
   0.00023 
   0.00023 
   0.0046  
   0.00023 
   0.00023 
   0.0046  
   0.00023 
   0.00023 
   0.0046  
   0.00023 
   0.00023 
   0.0046  
   0.00023 
   0.00023 
   0.0046  
   0.00023 
   0.00023 
   0.0046  
   0.00023 
   0.00023 
   0.0046  
   0.00023 
   0.00023 
   0.0046  
   0.00023 
   0.00023 
   0.0046  
   0.00023 
   0.00023 
   0.0046  
   0.00023 
   0.00023 
   0.0046  
   0.00023 
   0.00023 
   0.0046  
   0.00023 
   0.00023 
   0.0046  
   0.00023 
   0.00023 
   0.0046  
   0.00023 
   0.00023 
   0.0046  
   0.00023 
   0.00023 
   0.0046  
   0.00023 
   0.00023 
   0.0046  
   0.00023 
   0.00023 
   0.0046  
   0.00023 
   0.00023 
   0.0046  
   0.00023 
   0.00023 
   0.0046  
   0.00023 
   0.00023 
   0.0046  
   0.00023 
   0.00023 
   0.0046  
   0.00023 
   0.00023 
   0.0046  
   0.00023 
   0.00023 
   0.0046  
   0.00023 
   0.00023 
   0.0046  
   0.00023 
   0.00023 
   0.0046  
   0.00023 
   0.00023 
   0.0046  
   0.00023 
   0.00023 
   0.0046  
   0.00023 
   0.00023 
   0.0046  
   0.00023 
   0.00023 
   0.0046  
   0.00023 
   0.00023 
   0.0046  
   0.00023 
   0.00023 
   0.0046  
   0.00023 
   0.00023 
   0.0046  
   0.00023 
   0.00023 
   0.0046  
   0.00023 
   0.00023 
   0.0046  
   0.00023 
   0.00023 
   0.0046  
   0.00023 
   0.00023 
   0.0046  
   0.00023 
   0.00023 
   0.0046  
   0.00023 
   0.00023 
   0.0046  
   0.00023 
   0.00023 
   0.0046  
   0.00023 
   0.00023 
   0.0046  
   0.00023 
   0.00023 
   0.0046  
   0.00023 
   0.00023 
   0.0046  
   0.00023 
   0.00023 
   0.0046  
   0.00023 
   0.00023 
   0.0046  
   0.00023 
   0.00023 
   0.0046  
   0.00023 
   0.00023 
   0.0046  
   0.00023 
   0.00023 
   0.0046  
   0.00023 
   0.00023 
   0.0046  
   0.00023 
   0.00023 
   0.0046  
   0.00023 
   0.00023 
   0.0046  
   0.00023 
   0.00023 
   0.0046  
   0.00023 
   0.00023 
   0.0046  
   0.00023 
   0.00023 

EFC_KBIP
   4.1e+04   4e+02     0.95     -0.05    
   4.1e+04   4e+02     0.95     -0.012   
   4.1e+04   4e+02     0.95     -0.012   
   4.1e+04   4e+02     0.95     -0.013   
   4.1e+04   4e+02     0.95     -0.014   
   4.1e+04   4e+02     0.95     -0.046   
   4.1e+04   4e+02     0.95     -0.011   
   4.1e+04   4e+02     0.95     -0.013   
   4.1e+04   4e+02     0.95     -0.014   
   4.1e+04   4e+02     0.95     -0.013   
   0         1.1e+02   0.9       0       
   0         1.1e+02   0.9       0       
   0         1.1e+02   0.9       0       
   0         1.1e+02   0.9       0       
   0         1.1e+02   0.9       0       
   0         1.1e+02   0.9       0       
   0         1.1e+02   0.9       0       
   0         1.1e+02   0.9       0       
   0         1.1e+02   0.9       0       
   0         1.1e+02   0.9       0       
   0         1.1e+02   0.9       0       
   0         1.1e+02   0.9       0       
   0         1.1e+02   0.9       0       
   0         1.1e+02   0.9       0       
   0         1.1e+02   0.9       0       
   0         1.1e+02   0.9       0       
   0         1.1e+02   0.9       0       
   0         1.1e+02   0.9       0       
   0         1.1e+02   0.9       0       
   0         1.1e+02   0.9       0       
   0         1.1e+02   0.9       0       
   0         1.1e+02   0.9       0       
   0         1.1e+02   0.9       0       
   0         1.1e+02   0.9       0       
   0         1.1e+02   0.9       0       
   0         1.1e+02   0.9       0       
   0         1.1e+02   0.9       0       
   0         1.1e+02   0.9       0       
   0         1.1e+02   0.9       0       
   0         1.1e+02   0.9       0       
   0         1.1e+02   0.9       0       
   0         1.1e+02   0.9       0       
   0         1.1e+02   0.9       0       
   0         1.1e+02   0.9       0       
   0         1.1e+02   0.9       0       
   2.8e+03   1.1e+02   0.93     -98      
   2.8e+03   1.1e+02   0.94     -62      
   9.6e+03   2e+02     0.95     -0.73    
   0         2e+02     0.95     -0.73    
   0         2e+02     0.95     -0.73    
   9.6e+03   2e+02     0.95     -0.73    
   0         2e+02     0.95     -0.73    
   0         2e+02     0.95     -0.73    
   9.6e+03   2e+02     0.95     -0.73    
   0         2e+02     0.95     -0.73    
   0         2e+02     0.95     -0.73    
   9.6e+03   2e+02     0.95     -0.73    
   0         2e+02     0.95     -0.73    
   0         2e+02     0.95     -0.73    
   9.6e+03   2e+02     0.95     -0.73    
   0         2e+02     0.95     -0.73    
   0         2e+02     0.95     -0.73    
   9.6e+03   2e+02     0.95     -0.73    
   0         2e+02     0.95     -0.73    
   0         2e+02     0.95     -0.73    
   9.6e+03   2e+02     0.95     -0.73    
   0         2e+02     0.95     -0.73    
   0         2e+02     0.95     -0.73    
   9.6e+03   2e+02     0.95     -0.73    
   0         2e+02     0.95     -0.73    
   0         2e+02     0.95     -0.73    
   9.6e+03   2e+02     0.95     -0.73    
   0         2e+02     0.95     -0.73    
   0         2e+02     0.95     -0.73    
   9.6e+03   2e+02     0.95     -0.73    
   0         2e+02     0.95     -0.73    
   0         2e+02     0.95     -0.73    
   9.6e+03   2e+02     0.95     -0.73    
   0         2e+02     0.95     -0.73    
   0         2e+02     0.95     -0.73    
   9.6e+03   2e+02     0.95     -0.73    
   0         2e+02     0.95     -0.73    
   0         2e+02     0.95     -0.73    
   9.6e+03   2e+02     0.95     -0.73    
   0         2e+02     0.95     -0.73    
   0         2e+02     0.95     -0.73    
   9.6e+03   2e+02     0.95     -0.73    
   0         2e+02     0.95     -0.73    
   0         2e+02     0.95     -0.73    
   9.6e+03   2e+02     0.95     -0.73    
   0         2e+02     0.95     -0.73    
   0         2e+02     0.95     -0.73    
   9.6e+03   2e+02     0.95     -0.73    
   0         2e+02     0.95     -0.73    
   0         2e+02     0.95     -0.73    
   9.6e+03   2e+02     0.95     -0.73    
   0         2e+02     0.95     -0.73    
   0         2e+02     0.95     -0.73    
   9.6e+03   2e+02     0.95     -0.73    
   0         2e+02     0.95     -0.73    
   0         2e+02     0.95     -0.73    
   9.6e+03   2e+02     0.95     -0.73    
   0         2e+02     0.95     -0.73    
   0         2e+02     0.95     -0.73    
   9.6e+03   2e+02     0.95     -0.73    
   0         2e+02     0.95     -0.73    
   0         2e+02     0.95     -0.73    
   9.6e+03   2e+02     0.95     -0.73    
   0         2e+02     0.95     -0.73    
   0         2e+02     0.95     -0.73    
   9.6e+03   2e+02     0.95     -0.73    
   0         2e+02     0.95     -0.73    
   0         2e+02     0.95     -0.73    
   9.6e+03   2e+02     0.95     -0.73    
   0         2e+02     0.95     -0.73    
   0         2e+02     0.95     -0.73    
   9.6e+03   2e+02     0.95     -0.73    
   0         2e+02     0.95     -0.73    
   0         2e+02     0.95     -0.73    
   9.6e+03   2e+02     0.95     -0.73    
   0         2e+02     0.95     -0.73    
   0         2e+02     0.95     -0.73    
   9.6e+03   2e+02     0.95     -0.73    
   0         2e+02     0.95     -0.73    
   0         2e+02     0.95     -0.73    
   9.6e+03   2e+02     0.95     -0.73    
   0         2e+02     0.95     -0.73    
   0         2e+02     0.95     -0.73    
   9.6e+03   2e+02     0.95     -0.73    
   0         2e+02     0.95     -0.73    
   0         2e+02     0.95     -0.73    
   9.6e+03   2e+02     0.95     -0.73    
   0         2e+02     0.95     -0.73    
   0         2e+02     0.95     -0.73    
   9.6e+03   2e+02     0.95     -0.73    
   0         2e+02     0.95     -0.73    
   0         2e+02     0.95     -0.73    
   9.6e+03   2e+02     0.95     -0.73    
   0         2e+02     0.95     -0.73    
   0         2e+02     0.95     -0.73    
   9.6e+03   2e+02     0.95     -0.73    
   0         2e+02     0.95     -0.73    
   0         2e+02     0.95     -0.73    
   9.6e+03   2e+02     0.95     -0.73    
   0         2e+02     0.95     -0.73    
   0         2e+02     0.95     -0.73    
   9.6e+03   2e+02     0.95     -0.73    
   0         2e+02     0.95     -0.73    
   0         2e+02     0.95     -0.73    
   9.6e+03   2e+02     0.95     -0.73    
   0         2e+02     0.95     -0.73    
   0         2e+02     0.95     -0.73    
   9.6e+03   2e+02     0.95     -0.73    
   0         2e+02     0.95     -0.73    
   0         2e+02     0.95     -0.73    
   9.6e+03   2e+02     0.95     -0.73    
   0         2e+02     0.95     -0.73    
   0         2e+02     0.95     -0.73    
   9.6e+03   2e+02     0.95     -0.73    
   0         2e+02     0.95     -0.73    
   0         2e+02     0.95     -0.73    
   9.6e+03   2e+02     0.95     -0.73    
   0         2e+02     0.95     -0.73    
   0         2e+02     0.95     -0.73    
   9.6e+03   2e+02     0.95     -0.73    
   0         2e+02     0.95     -0.73    
   0         2e+02     0.95     -0.73    
   9.6e+03   2e+02     0.95     -0.73    
   0         2e+02     0.95     -0.73    
   0         2e+02     0.95     -0.73    
   9.6e+03   2e+02     0.95     -0.73    
   0         2e+02     0.95     -0.73    
   0         2e+02     0.95     -0.73    
   9.6e+03   2e+02     0.95     -0.73    
   0         2e+02     0.95     -0.73    
   0         2e+02     0.95     -0.73    
   9.6e+03   2e+02     0.95     -0.73    
   0         2e+02     0.95     -0.73    
   0         2e+02     0.95     -0.73    
   9.6e+03   2e+02     0.95     -0.73    
   0         2e+02     0.95     -0.73    
   0         2e+02     0.95     -0.73    
   9.6e+03   2e+02     0.95     -0.73    
   0         2e+02     0.95     -0.73    
   0         2e+02     0.95     -0.73    
   9.6e+03   2e+02     0.95     -0.73    
   0         2e+02     0.95     -0.73    
   0         2e+02     0.95     -0.73    
   9.6e+03   2e+02     0.95     -0.73    
   0         2e+02     0.95     -0.73    
   0         2e+02     0.95     -0.73    
   9.6e+03   2e+02     0.95     -0.73    
   0         2e+02     0.95     -0.73    
   0         2e+02     0.95     -0.73    
   9.6e+03   2e+02     0.95     -0.73    
   0         2e+02     0.95     -0.73    
   0         2e+02     0.95     -0.73    
   9.6e+03   2e+02     0.95     -0.73    
   0         2e+02     0.95     -0.73    
   0         2e+02     0.95     -0.73    
   9.6e+03   2e+02     0.95     -0.73    
   0         2e+02     0.95     -0.73    
   0         2e+02     0.95     -0.73    
   9.6e+03   2e+02     0.95     -0.73    
   0         2e+02     0.95     -0.73    
   0         2e+02     0.95     -0.73    
   9.6e+03   2e+02     0.95     -0.73    
   0         2e+02     0.95     -0.73    
   0         2e+02     0.95     -0.73    
   9.6e+03   2e+02     0.95     -0.73    
   0         2e+02     0.95     -0.73    
   0         2e+02     0.95     -0.73    
   9.6e+03   2e+02     0.95     -0.73    
   0         2e+02     0.95     -0.73    
   0         2e+02     0.95     -0.73    
   9.6e+03   2e+02     0.95     -0.73    
   0         2e+02     0.95     -0.73    
   0         2e+02     0.95     -0.73    
   9.6e+03   2e+02     0.95     -0.73    
   0         2e+02     0.95     -0.73    
   0         2e+02     0.95     -0.73    
   9.6e+03   2e+02     0.95     -0.73    
   0         2e+02     0.95     -0.73    
   0         2e+02     0.95     -0.73    
   9.6e+03   2e+02     0.95     -0.73    
   0         2e+02     0.95     -0.73    
   0         2e+02     0.95     -0.73    
   9.6e+03   2e+02     0.95     -0.73    
   0         2e+02     0.95     -0.73    
   0         2e+02     0.95     -0.73    
   9.6e+03   2e+02     0.95     -0.73    
   0         2e+02     0.95     -0.73    
   0         2e+02     0.95     -0.73    
   9.6e+03   2e+02     0.95     -0.73    
   0         2e+02     0.95     -0.73    
   0         2e+02     0.95     -0.73    
   9.6e+03   2e+02     0.95     -0.73    
   0         2e+02     0.95     -0.73    
   0         2e+02     0.95     -0.73    
   9.6e+03   2e+02     0.95     -0.73    
   0         2e+02     0.95     -0.73    
   0         2e+02     0.95     -0.73    
   9.6e+03   2e+02     0.95     -0.73    
   0         2e+02     0.95     -0.73    
   0         2e+02     0.95     -0.73    
   9.6e+03   2e+02     0.95     -0.73    
   0         2e+02     0.95     -0.73    
   0         2e+02     0.95     -0.73    
   9.6e+03   2e+02     0.95     -0.73    
   0         2e+02     0.95     -0.73    
   0         2e+02     0.95     -0.73    
   9.6e+03   2e+02     0.95     -0.73    
   0         2e+02     0.95     -0.73    
   0         2e+02     0.95     -0.73    
   9.6e+03   2e+02     0.95     -0.73    
   0         2e+02     0.95     -0.73    
   0         2e+02     0.95     -0.73    
   9.6e+03   2e+02     0.95     -0.73    
   0         2e+02     0.95     -0.73    
   0         2e+02     0.95     -0.73    
   9.6e+03   2e+02     0.95     -0.73    
   0         2e+02     0.95     -0.73    
   0         2e+02     0.95     -0.73    
   9.6e+03   2e+02     0.95     -0.73    
   0         2e+02     0.95     -0.73    
   0         2e+02     0.95     -0.73    
   9.6e+03   2e+02     0.95     -0.73    
   0         2e+02     0.95     -0.73    
   0         2e+02     0.95     -0.73    
   9.6e+03   2e+02     0.95     -0.73    
   0         2e+02     0.95     -0.73    
   0         2e+02     0.95     -0.73    
   9.6e+03   2e+02     0.95     -0.73    
   0         2e+02     0.95     -0.73    
   0         2e+02     0.95     -0.73    
   9.6e+03   2e+02     0.95     -0.73    
   0         2e+02     0.95     -0.73    
   0         2e+02     0.95     -0.73    
   9.6e+03   2e+02     0.95     -0.73    
   0         2e+02     0.95     -0.73    
   0         2e+02     0.95     -0.73    
   9.6e+03   2e+02     0.95     -0.73    
   0         2e+02     0.95     -0.73    
   0         2e+02     0.95     -0.73    
   9.6e+03   2e+02     0.95     -0.73    
   0         2e+02     0.95     -0.73    
   0         2e+02     0.95     -0.73    
   9.6e+03   2e+02     0.95     -0.73    
   0         2e+02     0.95     -0.73    
   0         2e+02     0.95     -0.73    
   9.6e+03   2e+02     0.95     -0.73    
   0         2e+02     0.95     -0.73    
   0         2e+02     0.95     -0.73    
   9.6e+03   2e+02     0.95     -0.73    
   0         2e+02     0.95     -0.73    
   0         2e+02     0.95     -0.73    
   9.6e+03   2e+02     0.95     -0.73    
   0         2e+02     0.95     -0.73    
   0         2e+02     0.95     -0.73    
   9.6e+03   2e+02     0.95     -0.73    
   0         2e+02     0.95     -0.73    
   0         2e+02     0.95     -0.73    
   9.6e+03   2e+02     0.95     -0.73    
   0         2e+02     0.95     -0.73    
   0         2e+02     0.95     -0.73    
   9.6e+03   2e+02     0.95     -0.73    
   0         2e+02     0.95     -0.73    
   0         2e+02     0.95     -0.73    
   9.6e+03   2e+02     0.95     -0.73    
   0         2e+02     0.95     -0.73    
   0         2e+02     0.95     -0.73    
   9.6e+03   2e+02     0.95     -0.73    
   0         2e+02     0.95     -0.73    
   0         2e+02     0.95     -0.73    
   9.6e+03   2e+02     0.95     -0.73    
   0         2e+02     0.95     -0.73    
   0         2e+02     0.95     -0.73    
   9.6e+03   2e+02     0.95     -0.73    
   0         2e+02     0.95     -0.73    
   0         2e+02     0.95     -0.73    
   9.6e+03   2e+02     0.95     -0.73    
   0         2e+02     0.95     -0.73    
   0         2e+02     0.95     -0.73    
   9.6e+03   2e+02     0.95     -0.73    
   0         2e+02     0.95     -0.73    
   0         2e+02     0.95     -0.73    
   9.6e+03   2e+02     0.95     -0.73    
   0         2e+02     0.95     -0.73    
   0         2e+02     0.95     -0.73    
   9.6e+03   2e+02     0.95     -0.73    
   0         2e+02     0.95     -0.73    
   0         2e+02     0.95     -0.73    
   9.6e+03   2e+02     0.95     -0.73    
   0         2e+02     0.95     -0.73    
   0         2e+02     0.95     -0.73    
   9.6e+03   2e+02     0.95     -0.73    
   0         2e+02     0.95     -0.73    
   0         2e+02     0.95     -0.73    
   9.6e+03   2e+02     0.95     -0.73    
   0         2e+02     0.95     -0.73    
   0         2e+02     0.95     -0.73    
   9.6e+03   2e+02     0.95     -0.73    
   0         2e+02     0.95     -0.73    
   0         2e+02     0.95     -0.73    
   9.6e+03   2e+02     0.95     -0.73    
   0         2e+02     0.95     -0.73    
   0         2e+02     0.95     -0.73    
   9.6e+03   2e+02     0.95     -0.73    
   0         2e+02     0.95     -0.73    
   0         2e+02     0.95     -0.73    
   9.6e+03   2e+02     0.95     -0.73    
   0         2e+02     0.95     -0.73    
   0         2e+02     0.95     -0.73    
   9.6e+03   2e+02     0.95     -0.73    
   0         2e+02     0.95     -0.73    
   0         2e+02     0.95     -0.73    
   9.6e+03   2e+02     0.95     -0.73    
   0         2e+02     0.95     -0.73    
   0         2e+02     0.95     -0.73    
   9.6e+03   2e+02     0.95     -0.73    
   0         2e+02     0.95     -0.73    
   0         2e+02     0.95     -0.73    
   9.6e+03   2e+02     0.95     -0.73    
   0         2e+02     0.95     -0.73    
   0         2e+02     0.95     -0.73    
   9.6e+03   2e+02     0.95     -0.73    
   0         2e+02     0.95     -0.73    
   0         2e+02     0.95     -0.73    
   9.6e+03   2e+02     0.95     -0.73    
   0         2e+02     0.95     -0.73    
   0         2e+02     0.95     -0.73    
   9.6e+03   2e+02     0.95     -0.73    
   0         2e+02     0.95     -0.73    
   0         2e+02     0.95     -0.73    
   9.6e+03   2e+02     0.95     -0.73    
   0         2e+02     0.95     -0.73    
   0         2e+02     0.95     -0.73    
   9.6e+03   2e+02     0.95     -0.73    
   0         2e+02     0.95     -0.73    
   0         2e+02     0.95     -0.73    
   9.6e+03   2e+02     0.95     -0.73    
   0         2e+02     0.95     -0.73    
   0         2e+02     0.95     -0.73    
   9.6e+03   2e+02     0.95     -0.73    
   0         2e+02     0.95     -0.73    
   0         2e+02     0.95     -0.73    
   9.6e+03   2e+02     0.95     -0.73    
   0         2e+02     0.95     -0.73    
   0         2e+02     0.95     -0.73    
   9.6e+03   2e+02     0.95     -0.73    
   0         2e+02     0.95     -0.73    
   0         2e+02     0.95     -0.73    
   9.6e+03   2e+02     0.95     -0.73    
   0         2e+02     0.95     -0.73    
   0         2e+02     0.95     -0.73    
   9.6e+03   2e+02     0.95     -0.73    
   0         2e+02     0.95     -0.73    
   0         2e+02     0.95     -0.73    
   9.6e+03   2e+02     0.95     -0.73    
   0         2e+02     0.95     -0.73    
   0         2e+02     0.95     -0.73    
   9.6e+03   2e+02     0.95     -0.73    
   0         2e+02     0.95     -0.73    
   0         2e+02     0.95     -0.73    
   9.6e+03   2e+02     0.95     -0.73    
   0         2e+02     0.95     -0.73    
   0         2e+02     0.95     -0.73    
   9.6e+03   2e+02     0.95     -0.73    
   0         2e+02     0.95     -0.73    
   0         2e+02     0.95     -0.73    
   9.6e+03   2e+02     0.95     -0.73    
   0         2e+02     0.95     -0.73    
   0         2e+02     0.95     -0.73    
   9.6e+03   2e+02     0.95     -0.73    
   0         2e+02     0.95     -0.73    
   0         2e+02     0.95     -0.73    
   9.6e+03   2e+02     0.95     -0.73    
   0         2e+02     0.95     -0.73    
   0         2e+02     0.95     -0.73    
   9.6e+03   2e+02     0.95     -0.73    
   0         2e+02     0.95     -0.73    
   0         2e+02     0.95     -0.73    
   9.6e+03   2e+02     0.95     -0.73    
   0         2e+02     0.95     -0.73    
   0         2e+02     0.95     -0.73    
   9.6e+03   2e+02     0.95     -0.73    
   0         2e+02     0.95     -0.73    
   0         2e+02     0.95     -0.73    
   9.6e+03   2e+02     0.95     -0.73    
   0         2e+02     0.95     -0.73    
   0         2e+02     0.95     -0.73    
   9.6e+03   2e+02     0.95     -0.73    
   0         2e+02     0.95     -0.73    
   0         2e+02     0.95     -0.73    
   9.6e+03   2e+02     0.95     -0.73    
   0         2e+02     0.95     -0.73    
   0         2e+02     0.95     -0.73    
   9.6e+03   2e+02     0.95     -0.73    
   0         2e+02     0.95     -0.73    
   0         2e+02     0.95     -0.73    
   9.6e+03   2e+02     0.95     -0.73    
   0         2e+02     0.95     -0.73    
   0         2e+02     0.95     -0.73    
   9.6e+03   2e+02     0.95     -0.73    
   0         2e+02     0.95     -0.73    
   0         2e+02     0.95     -0.73    
   9.6e+03   2e+02     0.95     -0.73    
   0         2e+02     0.95     -0.73    
   0         2e+02     0.95     -0.73    
   9.6e+03   2e+02     0.95     -0.73    
   0         2e+02     0.95     -0.73    
   0         2e+02     0.95     -0.73    
   9.6e+03   2e+02     0.95     -0.73    
   0         2e+02     0.95     -0.73    
   0         2e+02     0.95     -0.73    
   9.6e+03   2e+02     0.95     -0.73    
   0         2e+02     0.95     -0.73    
   0         2e+02     0.95     -0.73    
   9.6e+03   2e+02     0.95     -0.73    
   0         2e+02     0.95     -0.73    
   0         2e+02     0.95     -0.73    
   9.6e+03   2e+02     0.95     -0.73    
   0         2e+02     0.95     -0.73    
   0         2e+02     0.95     -0.73    
   9.6e+03   2e+02     0.95     -0.73    
   0         2e+02     0.95     -0.73    
   0         2e+02     0.95     -0.73    
   9.6e+03   2e+02     0.95     -0.73    
   0         2e+02     0.95     -0.73    
   0         2e+02     0.95     -0.73    
   9.6e+03   2e+02     0.95     -0.73    
   0         2e+02     0.95     -0.73    
   0         2e+02     0.95     -0.73    
   9.6e+03   2e+02     0.95     -0.73    
   0         2e+02     0.95     -0.73    
   0         2e+02     0.95     -0.73    
   9.6e+03   2e+02     0.95     -0.73    
   0         2e+02     0.95     -0.73    
   0         2e+02     0.95     -0.73    
   9.6e+03   2e+02     0.95     -0.73    
   0         2e+02     0.95     -0.73    
   0         2e+02     0.95     -0.73    
   9.6e+03   2e+02     0.95     -0.73    
   0         2e+02     0.95     -0.73    
   0         2e+02     0.95     -0.73    
   9.6e+03   2e+02     0.95     -0.73    
   0         2e+02     0.95     -0.73    
   0         2e+02     0.95     -0.73    
   9.6e+03   2e+02     0.95     -0.73    
   0         2e+02     0.95     -0.73    
   0         2e+02     0.95     -0.73    
   9.6e+03   2e+02     0.95     -0.73    
   0         2e+02     0.95     -0.73    
   0         2e+02     0.95     -0.73    
   9.6e+03   2e+02     0.95     -0.73    
   0         2e+02     0.95     -0.73    
   0         2e+02     0.95     -0.73    
   9.6e+03   2e+02     0.95     -0.73    
   0         2e+02     0.95     -0.73    
   0         2e+02     0.95     -0.73    
   9.6e+03   2e+02     0.95     -0.73    
   0         2e+02     0.95     -0.73    
   0         2e+02     0.95     -0.73    
   9.6e+03   2e+02     0.95     -0.73    
   0         2e+02     0.95     -0.73    
   0         2e+02     0.95     -0.73    
   9.6e+03   2e+02     0.95     -0.73    
   0         2e+02     0.95     -0.73    
   0         2e+02     0.95     -0.73    
   9.6e+03   2e+02     0.95     -0.73    
   0         2e+02     0.95     -0.73    
   0         2e+02     0.95     -0.73    
   9.6e+03   2e+02     0.95     -0.73    
   0         2e+02     0.95     -0.73    
   0         2e+02     0.95     -0.73    
   9.6e+03   2e+02     0.95     -0.73    
   0         2e+02     0.95     -0.73    
   0         2e+02     0.95     -0.73    
   9.6e+03   2e+02     0.95     -0.73    
   0         2e+02     0.95     -0.73    
   0         2e+02     0.95     -0.73    
   9.6e+03   2e+02     0.95     -0.73    
   0         2e+02     0.95     -0.73    
   0         2e+02     0.95     -0.73    
   9.6e+03   2e+02     0.95     -0.73    
   0         2e+02     0.95     -0.73    
   0         2e+02     0.95     -0.73    
   9.6e+03   2e+02     0.95     -0.73    
   0         2e+02     0.95     -0.73    
   0         2e+02     0.95     -0.73    
   9.6e+03   2e+02     0.95     -0.73    
   0         2e+02     0.95     -0.73    
   0         2e+02     0.95     -0.73    
   9.6e+03   2e+02     0.95     -0.73    
   0         2e+02     0.95     -0.73    
   0         2e+02     0.95     -0.73    
   9.6e+03   2e+02     0.95     -0.73    
   0         2e+02     0.95     -0.73    
   0         2e+02     0.95     -0.73    
   9.6e+03   2e+02     0.95     -0.73    
   0         2e+02     0.95     -0.73    
   0         2e+02     0.95     -0.73    
   9.6e+03   2e+02     0.95     -0.73    
   0         2e+02     0.95     -0.73    
   0         2e+02     0.95     -0.73    
   9.6e+03   2e+02     0.95     -0.73    
   0         2e+02     0.95     -0.73    
   0         2e+02     0.95     -0.73    
   9.6e+03   2e+02     0.95     -0.73    
   0         2e+02     0.95     -0.73    
   0         2e+02     0.95     -0.73    
   9.6e+03   2e+02     0.95     -0.73    
   0         2e+02     0.95     -0.73    
   0         2e+02     0.95     -0.73    
   9.6e+03   2e+02     0.95     -0.73    
   0         2e+02     0.95     -0.73    
   0         2e+02     0.95     -0.73    
   9.6e+03   2e+02     0.95     -0.73    
   0         2e+02     0.95     -0.73    
   0         2e+02     0.95     -0.73    
   9.6e+03   2e+02     0.95     -0.73    
   0         2e+02     0.95     -0.73    
   0         2e+02     0.95     -0.73    
   9.6e+03   2e+02     0.95     -0.73    
   0         2e+02     0.95     -0.73    
   0         2e+02     0.95     -0.73    
   9.6e+03   2e+02     0.95     -0.73    
   0         2e+02     0.95     -0.73    
   0         2e+02     0.95     -0.73    
   9.6e+03   2e+02     0.95     -0.73    
   0         2e+02     0.95     -0.73    
   0         2e+02     0.95     -0.73    
   9.6e+03   2e+02     0.95     -0.73    
   0         2e+02     0.95     -0.73    
   0         2e+02     0.95     -0.73    
   9.6e+03   2e+02     0.95     -0.73    
   0         2e+02     0.95     -0.73    
   0         2e+02     0.95     -0.73    
   9.6e+03   2e+02     0.95     -0.73    
   0         2e+02     0.95     -0.73    
   0         2e+02     0.95     -0.73    
   9.6e+03   2e+02     0.95     -0.73    
   0         2e+02     0.95     -0.73    
   0         2e+02     0.95     -0.73    
   9.6e+03   2e+02     0.95     -0.73    
   0         2e+02     0.95     -0.73    
   0         2e+02     0.95     -0.73    
   9.6e+03   2e+02     0.95     -0.73    
   0         2e+02     0.95     -0.73    
   0         2e+02     0.95     -0.73    
   9.6e+03   2e+02     0.95     -0.73    
   0         2e+02     0.95     -0.73    
   0         2e+02     0.95     -0.73    
   9.6e+03   2e+02     0.95     -0.73    
   0         2e+02     0.95     -0.73    
   0         2e+02     0.95     -0.73    
   9.6e+03   2e+02     0.95     -0.73    
   0         2e+02     0.95     -0.73    
   0         2e+02     0.95     -0.73    
   9.6e+03   2e+02     0.95     -0.73    
   0         2e+02     0.95     -0.73    
   0         2e+02     0.95     -0.73    
   9.6e+03   2e+02     0.95     -0.73    
   0         2e+02     0.95     -0.73    
   0         2e+02     0.95     -0.73    
   9.6e+03   2e+02     0.95     -0.73    
   0         2e+02     0.95     -0.73    
   0         2e+02     0.95     -0.73    
   9.6e+03   2e+02     0.95     -0.73    
   0         2e+02     0.95     -0.73    
   0         2e+02     0.95     -0.73    
   9.6e+03   2e+02     0.95     -0.73    
   0         2e+02     0.95     -0.73    
   0         2e+02     0.95     -0.73    
   9.6e+03   2e+02     0.95     -0.73    
   0         2e+02     0.95     -0.73    
   0         2e+02     0.95     -0.73    
   9.6e+03   2e+02     0.95     -0.73    
   0         2e+02     0.95     -0.73    
   0         2e+02     0.95     -0.73    
   9.6e+03   2e+02     0.95     -0.73    
   0         2e+02     0.95     -0.73    
   0         2e+02     0.95     -0.73    
   9.6e+03   2e+02     0.95     -0.73    
   0         2e+02     0.95     -0.73    
   0         2e+02     0.95     -0.73    
   9.6e+03   2e+02     0.95     -0.73    
   0         2e+02     0.95     -0.73    
   0         2e+02     0.95     -0.73    
   9.6e+03   2e+02     0.95     -0.73    
   0         2e+02     0.95     -0.73    
   0         2e+02     0.95     -0.73    
   9.6e+03   2e+02     0.95     -0.73    
   0         2e+02     0.95     -0.73    
   0         2e+02     0.95     -0.73    
   9.6e+03   2e+02     0.95     -0.73    
   0         2e+02     0.95     -0.73    
   0         2e+02     0.95     -0.73    
   9.6e+03   2e+02     0.95     -0.73    
   0         2e+02     0.95     -0.73    
   0         2e+02     0.95     -0.73    
   9.6e+03   2e+02     0.95     -0.73    
   0         2e+02     0.95     -0.73    
   0         2e+02     0.95     -0.73    
   9.6e+03   2e+02     0.95     -0.73    
   0         2e+02     0.95     -0.73    
   0         2e+02     0.95     -0.73    
   9.6e+03   2e+02     0.95     -0.73    
   0         2e+02     0.95     -0.73    
   0         2e+02     0.95     -0.73    
   9.6e+03   2e+02     0.95     -0.73    
   0         2e+02     0.95     -0.73    
   0         2e+02     0.95     -0.73    
   9.6e+03   2e+02     0.95     -0.73    
   0         2e+02     0.95     -0.73    
   0         2e+02     0.95     -0.73    
   9.6e+03   2e+02     0.95     -0.73    
   0         2e+02     0.95     -0.73    
   0         2e+02     0.95     -0.73    
   9.6e+03   2e+02     0.95     -0.73    
   0         2e+02     0.95     -0.73    
   0         2e+02     0.95     -0.73    
   9.6e+03   2e+02     0.95     -0.73    
   0         2e+02     0.95     -0.73    
   0         2e+02     0.95     -0.73    
   9.6e+03   2e+02     0.95     -0.73    
   0         2e+02     0.95     -0.73    
   0         2e+02     0.95     -0.73    
   9.6e+03   2e+02     0.95     -0.73    
   0         2e+02     0.95     -0.73    
   0         2e+02     0.95     -0.73    

EFC_D
   0.019   
   0.016   
   0.016   
   0.016   
   0.016   
   0.019   
   0.016   
   0.016   
   0.016   
   0.016   
   4.6e+02 
   6.9e+02 
   31      
   23      
   40      
   7.5     
   2.9     
   0.05    
   0.072   
   0.057   
   1.4     
   0.029   
   2       
   0.028   
   0.1     
   0.13    
   0.011   
   0.0093  
   0.047   
   0.0093  
   0.0093  
   0.0093  
   0.057   
   1.4     
   0.029   
   2       
   0.028   
   0.1     
   0.13    
   0.011   
   0.0093  
   0.047   
   0.0093  
   0.0093  
   0.0093  
   32      
   70      
   4e+03   
   8e+04   
   8e+04   
   4e+03   
   8e+04   
   8e+04   
   4e+03   
   8e+04   
   8e+04   
   4e+03   
   8e+04   
   8e+04   
   4e+03   
   8e+04   
   8e+04   
   4e+03   
   8e+04   
   8e+04   
   4e+03   
   8e+04   
   8e+04   
   4e+03   
   8e+04   
   8e+04   
   4e+03   
   8e+04   
   8e+04   
   4e+03   
   8e+04   
   8e+04   
   4e+03   
   8e+04   
   8e+04   
   4e+03   
   8e+04   
   8e+04   
   4e+03   
   8e+04   
   8e+04   
   4e+03   
   8e+04   
   8e+04   
   4e+03   
   8e+04   
   8e+04   
   4e+03   
   8e+04   
   8e+04   
   4e+03   
   8e+04   
   8e+04   
   4e+03   
   8e+04   
   8e+04   
   4e+03   
   8e+04   
   8e+04   
   4e+03   
   8e+04   
   8e+04   
   4e+03   
   8e+04   
   8e+04   
   4e+03   
   8e+04   
   8e+04   
   4e+03   
   8e+04   
   8e+04   
   4e+03   
   8e+04   
   8e+04   
   4e+03   
   8e+04   
   8e+04   
   4e+03   
   8e+04   
   8e+04   
   4e+03   
   8e+04   
   8e+04   
   4e+03   
   8e+04   
   8e+04   
   4e+03   
   8e+04   
   8e+04   
   4e+03   
   8e+04   
   8e+04   
   4e+03   
   8e+04   
   8e+04   
   4e+03   
   8e+04   
   8e+04   
   4e+03   
   8e+04   
   8e+04   
   4e+03   
   8e+04   
   8e+04   
   4e+03   
   8e+04   
   8e+04   
   4e+03   
   8e+04   
   8e+04   
   4e+03   
   8e+04   
   8e+04   
   4e+03   
   8e+04   
   8e+04   
   4e+03   
   8e+04   
   8e+04   
   4e+03   
   8e+04   
   8e+04   
   4e+03   
   8e+04   
   8e+04   
   4e+03   
   8e+04   
   8e+04   
   4e+03   
   8e+04   
   8e+04   
   4e+03   
   8e+04   
   8e+04   
   4e+03   
   8e+04   
   8e+04   
   4e+03   
   8e+04   
   8e+04   
   4e+03   
   8e+04   
   8e+04   
   4e+03   
   8e+04   
   8e+04   
   4e+03   
   8e+04   
   8e+04   
   4e+03   
   8e+04   
   8e+04   
   4e+03   
   8e+04   
   8e+04   
   4e+03   
   8e+04   
   8e+04   
   4e+03   
   8e+04   
   8e+04   
   4e+03   
   8e+04   
   8e+04   
   4e+03   
   8e+04   
   8e+04   
   4e+03   
   8e+04   
   8e+04   
   4e+03   
   8e+04   
   8e+04   
   4e+03   
   8e+04   
   8e+04   
   4e+03   
   8e+04   
   8e+04   
   4e+03   
   8e+04   
   8e+04   
   4e+03   
   8e+04   
   8e+04   
   4e+03   
   8e+04   
   8e+04   
   4e+03   
   8e+04   
   8e+04   
   4e+03   
   8e+04   
   8e+04   
   4e+03   
   8e+04   
   8e+04   
   4e+03   
   8e+04   
   8e+04   
   4e+03   
   8e+04   
   8e+04   
   4e+03   
   8e+04   
   8e+04   
   4e+03   
   8e+04   
   8e+04   
   4e+03   
   8e+04   
   8e+04   
   4e+03   
   8e+04   
   8e+04   
   4e+03   
   8e+04   
   8e+04   
   4e+03   
   8e+04   
   8e+04   
   4e+03   
   8e+04   
   8e+04   
   4e+03   
   8e+04   
   8e+04   
   4e+03   
   8e+04   
   8e+04   
   4e+03   
   8e+04   
   8e+04   
   4e+03   
   8e+04   
   8e+04   
   4e+03   
   8e+04   
   8e+04   
   4e+03   
   8e+04   
   8e+04   
   4e+03   
   8e+04   
   8e+04   
   4e+03   
   8e+04   
   8e+04   
   4e+03   
   8e+04   
   8e+04   
   4e+03   
   8e+04   
   8e+04   
   4e+03   
   8e+04   
   8e+04   
   4e+03   
   8e+04   
   8e+04   
   4e+03   
   8e+04   
   8e+04   
   4e+03   
   8e+04   
   8e+04   
   4e+03   
   8e+04   
   8e+04   
   4e+03   
   8e+04   
   8e+04   
   4e+03   
   8e+04   
   8e+04   
   4e+03   
   8e+04   
   8e+04   
   4e+03   
   8e+04   
   8e+04   
   4e+03   
   8e+04   
   8e+04   
   4e+03   
   8e+04   
   8e+04   
   4e+03   
   8e+04   
   8e+04   
   4e+03   
   8e+04   
   8e+04   
   4e+03   
   8e+04   
   8e+04   
   4e+03   
   8e+04   
   8e+04   
   4e+03   
   8e+04   
   8e+04   
   4e+03   
   8e+04   
   8e+04   
   4e+03   
   8e+04   
   8e+04   
   4e+03   
   8e+04   
   8e+04   
   4e+03   
   8e+04   
   8e+04   
   4e+03   
   8e+04   
   8e+04   
   4e+03   
   8e+04   
   8e+04   
   4e+03   
   8e+04   
   8e+04   
   4e+03   
   8e+04   
   8e+04   
   4e+03   
   8e+04   
   8e+04   
   4e+03   
   8e+04   
   8e+04   
   4e+03   
   8e+04   
   8e+04   
   4e+03   
   8e+04   
   8e+04   
   4e+03   
   8e+04   
   8e+04   
   4e+03   
   8e+04   
   8e+04   
   4e+03   
   8e+04   
   8e+04   
   4e+03   
   8e+04   
   8e+04   
   4e+03   
   8e+04   
   8e+04   
   4e+03   
   8e+04   
   8e+04   
   4e+03   
   8e+04   
   8e+04   
   4e+03   
   8e+04   
   8e+04   
   4e+03   
   8e+04   
   8e+04   
   4e+03   
   8e+04   
   8e+04   
   4e+03   
   8e+04   
   8e+04   
   4e+03   
   8e+04   
   8e+04   
   4e+03   
   8e+04   
   8e+04   
   4e+03   
   8e+04   
   8e+04   
   4e+03   
   8e+04   
   8e+04   
   4e+03   
   8e+04   
   8e+04   
   4e+03   
   8e+04   
   8e+04   
   4e+03   
   8e+04   
   8e+04   
   4e+03   
   8e+04   
   8e+04   
   4e+03   
   8e+04   
   8e+04   
   4e+03   
   8e+04   
   8e+04   
   4e+03   
   8e+04   
   8e+04   
   4e+03   
   8e+04   
   8e+04   
   4e+03   
   8e+04   
   8e+04   
   4e+03   
   8e+04   
   8e+04   
   4e+03   
   8e+04   
   8e+04   
   4e+03   
   8e+04   
   8e+04   
   4e+03   
   8e+04   
   8e+04   
   4e+03   
   8e+04   
   8e+04   
   4e+03   
   8e+04   
   8e+04   
   4e+03   
   8e+04   
   8e+04   
   4e+03   
   8e+04   
   8e+04   
   4e+03   
   8e+04   
   8e+04   
   4e+03   
   8e+04   
   8e+04   
   4e+03   
   8e+04   
   8e+04   
   4e+03   
   8e+04   
   8e+04   
   4e+03   
   8e+04   
   8e+04   
   4e+03   
   8e+04   
   8e+04   
   4e+03   
   8e+04   
   8e+04   
   4e+03   
   8e+04   
   8e+04   
   4e+03   
   8e+04   
   8e+04   
   4e+03   
   8e+04   
   8e+04   
   4e+03   
   8e+04   
   8e+04   
   4e+03   
   8e+04   
   8e+04   
   4e+03   
   8e+04   
   8e+04   
   4e+03   
   8e+04   
   8e+04   
   4e+03   
   8e+04   
   8e+04   
   4e+03   
   8e+04   
   8e+04   
   4e+03   
   8e+04   
   8e+04   
   4e+03   
   8e+04   
   8e+04   
   4e+03   
   8e+04   
   8e+04   
   4e+03   
   8e+04   
   8e+04   
   4e+03   
   8e+04   
   8e+04   
   4e+03   
   8e+04   
   8e+04   
   4e+03   
   8e+04   
   8e+04   
   4e+03   
   8e+04   
   8e+04   
   4e+03   
   8e+04   
   8e+04   
   4e+03   
   8e+04   
   8e+04   
   4e+03   
   8e+04   
   8e+04   
   4e+03   
   8e+04   
   8e+04   
   4e+03   
   8e+04   
   8e+04   
   4e+03   
   8e+04   
   8e+04   
   4e+03   
   8e+04   
   8e+04   
   4e+03   
   8e+04   
   8e+04   
   4e+03   
   8e+04   
   8e+04   
   4e+03   
   8e+04   
   8e+04   
   4e+03   
   8e+04   
   8e+04   
   4e+03   
   8e+04   
   8e+04   
   4e+03   
   8e+04   
   8e+04   
   4e+03   
   8e+04   
   8e+04   
   4e+03   
   8e+04   
   8e+04   
   4e+03   
   8e+04   
   8e+04   
   4e+03   
   8e+04   
   8e+04   
   4e+03   
   8e+04   
   8e+04   
   4e+03   
   8e+04   
   8e+04   
   4e+03   
   8e+04   
   8e+04   
   4e+03   
   8e+04   
   8e+04   
   4e+03   
   8e+04   
   8e+04   
   4e+03   
   8e+04   
   8e+04   
   4e+03   
   8e+04   
   8e+04   
   4e+03   
   8e+04   
   8e+04   
   4e+03   
   8e+04   
   8e+04   
   4e+03   
   8e+04   
   8e+04   
   4e+03   
   8e+04   
   8e+04   
   4e+03   
   8e+04   
   8e+04   
   4e+03   
   8e+04   
   8e+04   
   4e+03   
   8e+04   
   8e+04   
   4e+03   
   8e+04   
   8e+04   
   4e+03   
   8e+04   
   8e+04   
   4e+03   
   8e+04   
   8e+04   
   4e+03   
   8e+04   
   8e+04   
   4e+03   
   8e+04   
   8e+04   
   4e+03   
   8e+04   
   8e+04   
   4e+03   
   8e+04   
   8e+04   
   4e+03   
   8e+04   
   8e+04   
   4e+03   
   8e+04   
   8e+04   

EFC_R
   53      
   61      
   61      
   61      
   61      
   53      
   61      
   61      
   61      
   61      
   0.0022  
   0.0014  
   0.033   
   0.043   
   0.025   
   0.13    
   0.35    
   20      
   14      
   18      
   0.7     
   35      
   0.5     
   35      
   9.6     
   8       
   90      
   1.1e+02 
   21      
   1.1e+02 
   1.1e+02 
   1.1e+02 
   18      
   0.7     
   35      
   0.5     
   35      
   9.6     
   8       
   90      
   1.1e+02 
   21      
   1.1e+02 
   1.1e+02 
   1.1e+02 
   0.031   
   0.014   
   0.00025 
   1.2e-05 
   1.2e-05 
   0.00025 
   1.2e-05 
   1.2e-05 
   0.00025 
   1.2e-05 
   1.2e-05 
   0.00025 
   1.2e-05 
   1.2e-05 
   0.00025 
   1.2e-05 
   1.2e-05 
   0.00025 
   1.2e-05 
   1.2e-05 
   0.00025 
   1.2e-05 
   1.2e-05 
   0.00025 
   1.2e-05 
   1.2e-05 
   0.00025 
   1.2e-05 
   1.2e-05 
   0.00025 
   1.2e-05 
   1.2e-05 
   0.00025 
   1.2e-05 
   1.2e-05 
   0.00025 
   1.2e-05 
   1.2e-05 
   0.00025 
   1.2e-05 
   1.2e-05 
   0.00025 
   1.2e-05 
   1.2e-05 
   0.00025 
   1.2e-05 
   1.2e-05 
   0.00025 
   1.2e-05 
   1.2e-05 
   0.00025 
   1.2e-05 
   1.2e-05 
   0.00025 
   1.2e-05 
   1.2e-05 
   0.00025 
   1.2e-05 
   1.2e-05 
   0.00025 
   1.2e-05 
   1.2e-05 
   0.00025 
   1.2e-05 
   1.2e-05 
   0.00025 
   1.2e-05 
   1.2e-05 
   0.00025 
   1.2e-05 
   1.2e-05 
   0.00025 
   1.2e-05 
   1.2e-05 
   0.00025 
   1.2e-05 
   1.2e-05 
   0.00025 
   1.2e-05 
   1.2e-05 
   0.00025 
   1.2e-05 
   1.2e-05 
   0.00025 
   1.2e-05 
   1.2e-05 
   0.00025 
   1.2e-05 
   1.2e-05 
   0.00025 
   1.2e-05 
   1.2e-05 
   0.00025 
   1.2e-05 
   1.2e-05 
   0.00025 
   1.2e-05 
   1.2e-05 
   0.00025 
   1.2e-05 
   1.2e-05 
   0.00025 
   1.2e-05 
   1.2e-05 
   0.00025 
   1.2e-05 
   1.2e-05 
   0.00025 
   1.2e-05 
   1.2e-05 
   0.00025 
   1.2e-05 
   1.2e-05 
   0.00025 
   1.2e-05 
   1.2e-05 
   0.00025 
   1.2e-05 
   1.2e-05 
   0.00025 
   1.2e-05 
   1.2e-05 
   0.00025 
   1.2e-05 
   1.2e-05 
   0.00025 
   1.2e-05 
   1.2e-05 
   0.00025 
   1.2e-05 
   1.2e-05 
   0.00025 
   1.2e-05 
   1.2e-05 
   0.00025 
   1.2e-05 
   1.2e-05 
   0.00025 
   1.2e-05 
   1.2e-05 
   0.00025 
   1.2e-05 
   1.2e-05 
   0.00025 
   1.2e-05 
   1.2e-05 
   0.00025 
   1.2e-05 
   1.2e-05 
   0.00025 
   1.2e-05 
   1.2e-05 
   0.00025 
   1.2e-05 
   1.2e-05 
   0.00025 
   1.2e-05 
   1.2e-05 
   0.00025 
   1.2e-05 
   1.2e-05 
   0.00025 
   1.2e-05 
   1.2e-05 
   0.00025 
   1.2e-05 
   1.2e-05 
   0.00025 
   1.2e-05 
   1.2e-05 
   0.00025 
   1.2e-05 
   1.2e-05 
   0.00025 
   1.2e-05 
   1.2e-05 
   0.00025 
   1.2e-05 
   1.2e-05 
   0.00025 
   1.2e-05 
   1.2e-05 
   0.00025 
   1.2e-05 
   1.2e-05 
   0.00025 
   1.2e-05 
   1.2e-05 
   0.00025 
   1.2e-05 
   1.2e-05 
   0.00025 
   1.2e-05 
   1.2e-05 
   0.00025 
   1.2e-05 
   1.2e-05 
   0.00025 
   1.2e-05 
   1.2e-05 
   0.00025 
   1.2e-05 
   1.2e-05 
   0.00025 
   1.2e-05 
   1.2e-05 
   0.00025 
   1.2e-05 
   1.2e-05 
   0.00025 
   1.2e-05 
   1.2e-05 
   0.00025 
   1.2e-05 
   1.2e-05 
   0.00025 
   1.2e-05 
   1.2e-05 
   0.00025 
   1.2e-05 
   1.2e-05 
   0.00025 
   1.2e-05 
   1.2e-05 
   0.00025 
   1.2e-05 
   1.2e-05 
   0.00025 
   1.2e-05 
   1.2e-05 
   0.00025 
   1.2e-05 
   1.2e-05 
   0.00025 
   1.2e-05 
   1.2e-05 
   0.00025 
   1.2e-05 
   1.2e-05 
   0.00025 
   1.2e-05 
   1.2e-05 
   0.00025 
   1.2e-05 
   1.2e-05 
   0.00025 
   1.2e-05 
   1.2e-05 
   0.00025 
   1.2e-05 
   1.2e-05 
   0.00025 
   1.2e-05 
   1.2e-05 
   0.00025 
   1.2e-05 
   1.2e-05 
   0.00025 
   1.2e-05 
   1.2e-05 
   0.00025 
   1.2e-05 
   1.2e-05 
   0.00025 
   1.2e-05 
   1.2e-05 
   0.00025 
   1.2e-05 
   1.2e-05 
   0.00025 
   1.2e-05 
   1.2e-05 
   0.00025 
   1.2e-05 
   1.2e-05 
   0.00025 
   1.2e-05 
   1.2e-05 
   0.00025 
   1.2e-05 
   1.2e-05 
   0.00025 
   1.2e-05 
   1.2e-05 
   0.00025 
   1.2e-05 
   1.2e-05 
   0.00025 
   1.2e-05 
   1.2e-05 
   0.00025 
   1.2e-05 
   1.2e-05 
   0.00025 
   1.2e-05 
   1.2e-05 
   0.00025 
   1.2e-05 
   1.2e-05 
   0.00025 
   1.2e-05 
   1.2e-05 
   0.00025 
   1.2e-05 
   1.2e-05 
   0.00025 
   1.2e-05 
   1.2e-05 
   0.00025 
   1.2e-05 
   1.2e-05 
   0.00025 
   1.2e-05 
   1.2e-05 
   0.00025 
   1.2e-05 
   1.2e-05 
   0.00025 
   1.2e-05 
   1.2e-05 
   0.00025 
   1.2e-05 
   1.2e-05 
   0.00025 
   1.2e-05 
   1.2e-05 
   0.00025 
   1.2e-05 
   1.2e-05 
   0.00025 
   1.2e-05 
   1.2e-05 
   0.00025 
   1.2e-05 
   1.2e-05 
   0.00025 
   1.2e-05 
   1.2e-05 
   0.00025 
   1.2e-05 
   1.2e-05 
   0.00025 
   1.2e-05 
   1.2e-05 
   0.00025 
   1.2e-05 
   1.2e-05 
   0.00025 
   1.2e-05 
   1.2e-05 
   0.00025 
   1.2e-05 
   1.2e-05 
   0.00025 
   1.2e-05 
   1.2e-05 
   0.00025 
   1.2e-05 
   1.2e-05 
   0.00025 
   1.2e-05 
   1.2e-05 
   0.00025 
   1.2e-05 
   1.2e-05 
   0.00025 
   1.2e-05 
   1.2e-05 
   0.00025 
   1.2e-05 
   1.2e-05 
   0.00025 
   1.2e-05 
   1.2e-05 
   0.00025 
   1.2e-05 
   1.2e-05 
   0.00025 
   1.2e-05 
   1.2e-05 
   0.00025 
   1.2e-05 
   1.2e-05 
   0.00025 
   1.2e-05 
   1.2e-05 
   0.00025 
   1.2e-05 
   1.2e-05 
   0.00025 
   1.2e-05 
   1.2e-05 
   0.00025 
   1.2e-05 
   1.2e-05 
   0.00025 
   1.2e-05 
   1.2e-05 
   0.00025 
   1.2e-05 
   1.2e-05 
   0.00025 
   1.2e-05 
   1.2e-05 
   0.00025 
   1.2e-05 
   1.2e-05 
   0.00025 
   1.2e-05 
   1.2e-05 
   0.00025 
   1.2e-05 
   1.2e-05 
   0.00025 
   1.2e-05 
   1.2e-05 
   0.00025 
   1.2e-05 
   1.2e-05 
   0.00025 
   1.2e-05 
   1.2e-05 
   0.00025 
   1.2e-05 
   1.2e-05 
   0.00025 
   1.2e-05 
   1.2e-05 
   0.00025 
   1.2e-05 
   1.2e-05 
   0.00025 
   1.2e-05 
   1.2e-05 
   0.00025 
   1.2e-05 
   1.2e-05 
   0.00025 
   1.2e-05 
   1.2e-05 
   0.00025 
   1.2e-05 
   1.2e-05 
   0.00025 
   1.2e-05 
   1.2e-05 
   0.00025 
   1.2e-05 
   1.2e-05 
   0.00025 
   1.2e-05 
   1.2e-05 
   0.00025 
   1.2e-05 
   1.2e-05 
   0.00025 
   1.2e-05 
   1.2e-05 
   0.00025 
   1.2e-05 
   1.2e-05 
   0.00025 
   1.2e-05 
   1.2e-05 
   0.00025 
   1.2e-05 
   1.2e-05 
   0.00025 
   1.2e-05 
   1.2e-05 
   0.00025 
   1.2e-05 
   1.2e-05 
   0.00025 
   1.2e-05 
   1.2e-05 
   0.00025 
   1.2e-05 
   1.2e-05 
   0.00025 
   1.2e-05 
   1.2e-05 
   0.00025 
   1.2e-05 
   1.2e-05 
   0.00025 
   1.2e-05 
   1.2e-05 
   0.00025 
   1.2e-05 
   1.2e-05 
   0.00025 
   1.2e-05 
   1.2e-05 
   0.00025 
   1.2e-05 
   1.2e-05 
   0.00025 
   1.2e-05 
   1.2e-05 
   0.00025 
   1.2e-05 
   1.2e-05 
   0.00025 
   1.2e-05 
   1.2e-05 
   0.00025 
   1.2e-05 
   1.2e-05 
   0.00025 
   1.2e-05 
   1.2e-05 
   0.00025 
   1.2e-05 
   1.2e-05 
   0.00025 
   1.2e-05 
   1.2e-05 
   0.00025 
   1.2e-05 
   1.2e-05 
   0.00025 
   1.2e-05 
   1.2e-05 
   0.00025 
   1.2e-05 
   1.2e-05 
   0.00025 
   1.2e-05 
   1.2e-05 
   0.00025 
   1.2e-05 
   1.2e-05 
   0.00025 
   1.2e-05 
   1.2e-05 
   0.00025 
   1.2e-05 
   1.2e-05 
   0.00025 
   1.2e-05 
   1.2e-05 
   0.00025 
   1.2e-05 
   1.2e-05 
   0.00025 
   1.2e-05 
   1.2e-05 
   0.00025 
   1.2e-05 
   1.2e-05 
   0.00025 
   1.2e-05 
   1.2e-05 
   0.00025 
   1.2e-05 
   1.2e-05 
   0.00025 
   1.2e-05 
   1.2e-05 
   0.00025 
   1.2e-05 
   1.2e-05 
   0.00025 
   1.2e-05 
   1.2e-05 
   0.00025 
   1.2e-05 
   1.2e-05 
   0.00025 
   1.2e-05 
   1.2e-05 
   0.00025 
   1.2e-05 
   1.2e-05 
   0.00025 
   1.2e-05 
   1.2e-05 
   0.00025 
   1.2e-05 
   1.2e-05 
   0.00025 
   1.2e-05 
   1.2e-05 
   0.00025 
   1.2e-05 
   1.2e-05 
   0.00025 
   1.2e-05 
   1.2e-05 
   0.00025 
   1.2e-05 
   1.2e-05 
   0.00025 
   1.2e-05 
   1.2e-05 
   0.00025 
   1.2e-05 
   1.2e-05 
   0.00025 
   1.2e-05 
   1.2e-05 
   0.00025 
   1.2e-05 
   1.2e-05 
   0.00025 
   1.2e-05 
   1.2e-05 
   0.00025 
   1.2e-05 
   1.2e-05 
   0.00025 
   1.2e-05 
   1.2e-05 
   0.00025 
   1.2e-05 
   1.2e-05 
   0.00025 
   1.2e-05 
   1.2e-05 
   0.00025 
   1.2e-05 
   1.2e-05 
   0.00025 
   1.2e-05 
   1.2e-05 

ACTUATOR_VELOCITY
  -1e-17   
  -3.2e-17 
  -2.5e-18 
   9.3e-20 
  -1.1e-19 
  -2.2e-17 
  -3.8e-18 
  -8.8e-20 
  -6.1e-18 
   3.9e-16 
  -1.5e-18 
  -2.9e-17 
   7.4e-20 
   1.4e-18 
   3.1e-20 
   1.7e-18 
  -4e-16   
  -2.1e-18 
   3.8e-17 
   3.3e-19 
   2.7e-19 
   1.6e-18 
  -1.2e-12 
   2.9e-13 
  -1.6e-15 

CVEL
   0         0         0         0         0         0       
   0         0         0         0         0         0       
   0         0         0         0         0         0       
   0         0         0         0         0         0       
   0         0        -1.6e-15  -1.2e-12   2.9e-13   0       
   0         0        -1.6e-15  -1.2e-12   2.9e-13   0       
   0         0        -1.6e-15  -1.2e-12   2.9e-13   0       
   6.9e-32  -1e-17    -1.6e-15  -1.2e-12   2.9e-13  -1.1e-18 
  -1.5e-31   2.2e-17  -1.6e-15  -1.2e-12   2.9e-13  -1.1e-17 
  -1.3e-31   2e-17    -1.6e-15  -1.2e-12   2.9e-13  -1.1e-17 
   2.1e-23   2e-17    -1.6e-15  -1.2e-12   2.9e-13  -1.1e-17 
   2.1e-23   2e-17    -1.6e-15  -1.2e-12   2.9e-13  -1.1e-17 
   2.1e-23   2e-17    -1.6e-15  -1.2e-12   2.9e-13  -1.1e-17 
   2.1e-23   2e-17    -1.6e-15  -1.2e-12   2.9e-13  -1.1e-17 
   2.1e-23   2e-17    -1.6e-15  -1.2e-12   2.9e-13  -1.1e-17 
  -4.5e-24   2e-17    -1.6e-15  -1.2e-12   2.9e-13  -1.1e-17 
  -4.7e-24  -2.7e-18  -1.6e-15  -1.2e-12   2.9e-13  -1.3e-17 
  -4.7e-24  -2.7e-18  -1.6e-15  -1.2e-12   2.9e-13  -1.3e-17 
   2.1e-23   2e-17    -1.6e-15  -1.2e-12   2.9e-13  -1.1e-17 
   2.1e-23   2e-17    -1.6e-15  -1.2e-12   2.9e-13  -1.1e-17 
   2.1e-23   2.3e-17  -1.6e-15  -1.2e-12   2.9e-13  -1.1e-17 
  -3.1e-24   2.3e-17  -1.6e-15  -1.2e-12   2.9e-13  -1.1e-17 
  -1.9e-23   3e-17    -1.6e-15  -1.2e-12   2.9e-13  -1.1e-17 
   3.9e-16   3e-17    -1.6e-15  -1.2e-12   2.9e-13   2e-16   
   3.9e-16   3.1e-17  -1.6e-15  -1.2e-12   2.9e-13   2e-16   
   4.2e-16   3.1e-17  -1.6e-15  -1.2e-12   2.9e-13   2.3e-16 
   4.2e-16   3.1e-17  -1.6e-15  -1.2e-12   2.9e-13   2.3e-16 
   4.2e-16   3.1e-17  -1.6e-15  -1.2e-12   2.9e-13   2.3e-16 
   4.2e-16   3.1e-17  -1.6e-15  -1.2e-12   2.9e-13   2.3e-16 
   4.2e-16   3.1e-17  -1.6e-15  -1.2e-12   2.9e-13   2.3e-16 
   4.2e-16   3.1e-17  -1.6e-15  -1.2e-12   2.9e-13   2.3e-16 
   4.2e-16   3.1e-17  -1.6e-15  -1.2e-12   2.9e-13   2.3e-16 
   4.2e-16   3.1e-17  -1.6e-15  -1.2e-12   2.9e-13   2.3e-16 
   4.2e-16   3.1e-17  -1.6e-15  -1.2e-12   2.9e-13   2.3e-16 
   4.2e-16   3.1e-17  -1.6e-15  -1.2e-12   2.9e-13   2.3e-16 
   4.2e-16   3.1e-17  -1.6e-15  -1.2e-12   2.9e-13   2.3e-16 
   4.2e-16   3.1e-17  -1.6e-15  -1.2e-12   2.9e-13   2.3e-16 
   4.2e-16   3.1e-17  -1.6e-15  -1.2e-12   2.9e-13   2.3e-16 
   4.2e-16   3.1e-17  -1.6e-15  -1.2e-12   2.9e-13   2.3e-16 
   4.2e-16   3.1e-17  -1.6e-15  -1.2e-12   2.9e-13   2.3e-16 
   2.1e-23   2e-17    -1.6e-15  -1.2e-12   2.9e-13  -1.1e-17 
   2.1e-23   2e-17    -1.6e-15  -1.2e-12   2.9e-13  -1.1e-17 
   2.1e-23   2.1e-17  -1.6e-15  -1.2e-12   2.9e-13  -1.1e-17 
   2.8e-23   2.1e-17  -1.6e-15  -1.2e-12   2.9e-13  -1.1e-17 
   3.2e-23   2.3e-17  -1.6e-15  -1.2e-12   2.9e-13  -1.1e-17 
  -4e-16     2.3e-17  -1.6e-15  -1.2e-12   2.9e-13   2.1e-16 
  -4e-16     2.1e-17  -1.6e-15  -1.2e-12   2.9e-13   2.1e-16 
  -4.4e-16   2.1e-17  -1.6e-15  -1.2e-12   2.9e-13   2.5e-16 
  -4.4e-16   2.1e-17  -1.6e-15  -1.2e-12   2.9e-13   2.5e-16 
  -4.4e-16   2.1e-17  -1.6e-15  -1.2e-12   2.9e-13   2.5e-16 
  -4.4e-16   2.1e-17  -1.6e-15  -1.2e-12   2.9e-13   2.5e-16 
  -4.4e-16   2.1e-17  -1.6e-15  -1.2e-12   2.9e-13   2.5e-16 
  -4.4e-16   2.1e-17  -1.6e-15  -1.2e-12   2.9e-13   2.5e-16 
  -4.4e-16   2.1e-17  -1.6e-15  -1.2e-12   2.9e-13   2.5e-16 
  -4.4e-16   2.1e-17  -1.6e-15  -1.2e-12   2.9e-13   2.5e-16 
  -4.4e-16   2.1e-17  -1.6e-15  -1.2e-12   2.9e-13   2.5e-16 
  -4.4e-16   2.1e-17  -1.6e-15  -1.2e-12   2.9e-13   2.5e-16 
  -4.4e-16   2.1e-17  -1.6e-15  -1.2e-12   2.9e-13   2.5e-16 
  -4.4e-16   2.1e-17  -1.6e-15  -1.2e-12   2.9e-13   2.5e-16 
  -4.4e-16   2.1e-17  -1.6e-15  -1.2e-12   2.9e-13   2.5e-16 
  -4.4e-16   2.1e-17  -1.6e-15  -1.2e-12   2.9e-13   2.5e-16 
  -4.4e-16   2.1e-17  -1.6e-15  -1.2e-12   2.9e-13   2.5e-16 
   4.4e-18  -2.2e-18  -1.3e-30  -6.6e-19  -3.5e-19   1.4e-14 
   4.4e-18  -2.2e-18  -1.3e-30  -6.6e-19  -3.5e-19   1.4e-14 
   1.2e-17  -6e-24    -5.6e-31  -7.2e-20  -2.4e-19   1.4e-14 
  -3.7e-16   1.2e-16   4e-29     3.5e-17   1.1e-16   1.4e-14 
  -6.6e-18  -2.2e-18  -1.4e-30  -2.1e-19  -1.3e-19   1.4e-14 
  -5.5e-18  -8.8e-18  -5.3e-31  -6.3e-19   2.3e-20   1.4e-14 
   6.6e-18   1.1e-17   8.2e-31   3.3e-19  -6.3e-19   1.4e-14 
   7.7e-18  -2.2e-18   6.8e-31   1.2e-19   1.4e-18   1.4e-14 
  -5.5e-18  -8.8e-18  -5.3e-31  -6.3e-19   2.3e-20   1.4e-14 
  -4.4e-18  -8.8e-18  -6e-31    -1.8e-20   1.3e-19   1.4e-14 
  -2.2e-18   8.8e-18   3.6e-31   3.2e-19   2.1e-19   1.4e-14 
  -2.2e-18   8.8e-18   3.6e-31   3.2e-19   2.1e-19   1.4e-14 
  -2.2e-18   8.8e-18   3.6e-31   3.2e-19   2.1e-19   1.4e-14 
  -2.2e-18   8.8e-18   3.6e-31   3.2e-19   2.1e-19   1.4e-14 
  -5.5e-18  -8.8e-18  -5.3e-31  -6.3e-19   2.3e-20   1.4e-14 
  -2.2e-18   8.8e-18   3.6e-31   3.2e-19   2.1e-19   1.4e-14 
  -2.2e-18   8.8e-18   3.6e-31   3.2e-19   2.1e-19   1.4e-14 
  -2.2e-18   8.8e-18   3.6e-31   3.2e-19   2.1e-19   1.4e-14 
  -2.2e-18   8.8e-18   3.6e-31   3.2e-19   2.1e-19   1.4e-14 
   7.7e-18  -2.2e-18   6.8e-31   1.2e-19   1.4e-18   1.4e-14 
   1.1e-17   8.8e-18  -2.3e-31  -6.3e-19   6.6e-19   1.4e-14 
   1.1e-17   8.8e-18  -2.3e-31  -6.3e-19   6.6e-19   1.4e-14 
   5.5e-18  -1.8e-17  -2.7e-31  -1.9e-19  -7.9e-19   1.4e-14 
  -8e-16    -4.2e-16  -7.7e-29  -1.2e-16   2.4e-16   1.4e-14 
  -4.3e-16  -1.8e-16  -2.3e-29  -5.3e-17   1.3e-16   1.4e-14 
  -6.3e-16  -3.5e-16  -1.4e-29  -1.1e-16   1.9e-16   1.4e-14 

CDOF_DOT
   0         0         0         0         0         0       
   0         0         0         0         0         0       
   0         0         0         2.9e-13   1.2e-12   0       
   1.6e-15   1.1e-29   0        -6.1e-29  -3.3e-16  -1.2e-12 
  -1.6e-15  -1.1e-29   1.9e-34  -4.3e-18   6.7e-17   1.2e-12 
   1.6e-15   1.1e-29  -1.9e-34   1.3e-17  -6.7e-17  -1.2e-12 
   2e-17    -3.5e-19  -4.4e-21   2.9e-13   1.2e-12  -6.3e-17 
   2e-17    -3.5e-19  -4.4e-21   2.9e-13   1.2e-12  -6.3e-17 
   1.6e-15  -9.1e-24  -4.7e-24   1.3e-17   8.5e-16  -1.2e-12 
  -1.6e-15   6.9e-25  -2.1e-23  -1.3e-17  -5.6e-16   1.2e-12 
   2.3e-17  -4.2e-19  -6.3e-21   2.9e-13   1.2e-12  -7.2e-17 
  -1.6e-15  -4.3e-21  -6.1e-23  -1.3e-17  -5.6e-16   1.2e-12 
  -6.7e-21  -1.6e-15  -3e-17     4.7e-16  -4.4e-16  -2.9e-13 
  -1.6e-15   3e-18    -3.9e-16  -2e-15    -9.4e-15   1.2e-12 
   7.8e-21   1.6e-15   3.1e-17  -4.7e-16   6.1e-16   2.9e-13 
  -1.7e-17   4.2e-16   3.6e-18  -2.9e-13  -1.2e-12  -9.8e-15 
   1.7e-17  -4.2e-16  -3.6e-18   2.9e-13   1.2e-12   9.8e-15 
   1.7e-17  -4.2e-16  -3.6e-18   2.9e-13   1.2e-12   9.8e-15 
   1.7e-17  -4.2e-16  -3.6e-18   2.9e-13   1.2e-12   9.9e-15 
   1.7e-17  -4.2e-16  -3.6e-18   2.9e-13   1.2e-12   9.9e-15 
   1.7e-17  -4.2e-16  -3.6e-18   2.9e-13   1.2e-12   9.8e-15 
   1.7e-17  -4.2e-16  -3.6e-18   2.9e-13   1.2e-12   9.8e-15 
   1.6e-15  -6.9e-25   2.1e-23   1.3e-17   5.6e-16  -1.2e-12 
   2.1e-17  -3.8e-19  -5.1e-21   2.9e-13   1.2e-12  -7.3e-17 
   1.6e-15  -3.8e-21  -2.3e-23   1.3e-17   5.6e-16  -1.2e-12 
  -1e-20    -1.6e-15  -2.3e-17   4.6e-16  -3.4e-16  -2.9e-13 
   1.6e-15  -3.1e-18  -4e-16    -2.4e-15  -8.2e-15  -1.2e-12 
   8.9e-21   1.6e-15   2.1e-17  -4.6e-16   4.5e-16   2.9e-13 
  -3.4e-17  -4.4e-16   3.8e-18  -2.9e-13  -1.1e-12   1e-14   
   3.4e-17   4.4e-16  -3.8e-18   2.9e-13   1.1e-12  -1e-14   
   3.4e-17   4.4e-16  -3.8e-18   2.9e-13   1.1e-12  -1e-14   
   3.4e-17   4.4e-16  -3.8e-18   2.9e-13   1.1e-12  -1e-14   
   3.4e-17   4.4e-16  -3.8e-18   2.9e-13   1.1e-12  -1e-14   
   3.4e-17   4.4e-16  -3.8e-18   2.9e-13   1.1e-12  -1e-14   
   3.4e-17   4.4e-16  -3.8e-18   2.9e-13   1.1e-12  -1e-14   
   0         0         0         0         0         0       
   0         0         0         0         0         0       
   0         0         0         0         0         0       
   0         0        -0         5.5e-38   1.4e-14   3.5e-19 
   0         0         0        -1.4e-14   6e-35    -6.6e-19 
   0         0        -0        -3.5e-19   6.6e-19   6e-35   
   0         0         0         0         0         0       
   0         0         0         0         0         0       
   0         0         0         0         0         0       
   0         0        -0         5.5e-38   1.4e-14   3.5e-19 
   0         0         0        -1.4e-14   6e-35    -6.6e-19 
   0         0        -0        -3.5e-19   6.6e-19   6e-35   
   0         0         0         0         0         0       
   0         0         0         0         0         0       
   0         0         0         0         0         0       
   0         0        -0        -1.8e-38   1.4e-14   2.4e-19 
   0         0         0        -1.4e-14   6.7e-36  -7.2e-20 
   0        -0         0        -2.4e-19   7.2e-20   6.6e-36 
   0         0         0         0         0         0       
   0         0         0         0         0         0       
   0         0         0         0         0         0       
   0         0         0         4.1e-35   1.4e-14  -1.1e-16 
   0        -0         0        -1.4e-14  -3.2e-33   3.5e-17 
   0        -0         0         1.1e-16  -3.5e-17  -3.2e-33 
   0         0         0         0         0         0       
   0         0         0         0         0         0       
   0         0         0         0         0         0       
   0         0         0        -2.4e-38   1.4e-14   1.3e-19 
   0        -0         0        -1.4e-14   1.9e-35  -2.1e-19 
   0        -0         0        -1.3e-19   2.1e-19   1.9e-35 
   0         0         0         0         0         0       
   0         0         0         0         0         0       
   0         0         0         0         0         0       
   0         0         0         1.3e-39   1.4e-14  -2.3e-20 
   0        -0         0        -1.4e-14   5.8e-35  -6.3e-19 
   0        -0         0         2.3e-20   6.3e-19   5.8e-35 
   0         0         0         0         0         0       
   0         0         0         0         0         0       
   0         0         0         0         0         0       
   0         0        -0         1.7e-37   1.4e-14   6.3e-19 
   0         0         0        -1.4e-14  -3e-35     3.3e-19 
   0         0        -0        -6.3e-19  -3.3e-19  -3e-35   
   0         0         0         0         0         0       
   0         0         0         0         0         0       
   0         0         0         0         0         0       
   0         0        -0        -4.5e-37   1.4e-14  -1.4e-18 
   0         0         0        -1.4e-14  -1.1e-35   1.2e-19 
   0         0        -0         1.4e-18  -1.2e-19  -1.1e-35 
   0         0         0         0         0         0       
   0         0         0         0         0         0       
   0         0         0         0         0         0       
   0         0         0         1.3e-39   1.4e-14  -2.3e-20 
   0        -0         0        -1.4e-14   5.8e-35  -6.3e-19 
   0        -0         0         2.3e-20   6.3e-19   5.8e-35 
   0         0         0         0         0         0       
   0         0         0         0         0         0       
   0         0         0         0         0         0       
  -0         0         0        -2.7e-38   1.4e-14  -1.3e-19 
   0        -0         0        -1.4e-14   1.7e-36  -1.8e-20 
   0         0        -0         1.3e-19   1.8e-20   1.7e-36 
   0         0         0         0         0         0       
   0         0         0         0         0         0       
   0         0         0         0         0         0       
   0         0        -0        -7.5e-38   1.4e-14  -2.1e-19 
   0         0         0        -1.4e-14  -2.9e-35   3.2e-19 
   0         0        -0         2.1e-19  -3.2e-19  -3e-35   
   0         0         0         0         0         0       
   0         0         0         0         0         0       
   0         0         0         0         0         0       
   0         0        -0        -7.5e-38   1.4e-14  -2.1e-19 
   0         0         0        -1.4e-14  -2.9e-35   3.2e-19 
   0         0        -0         2.1e-19  -3.2e-19  -3e-35   
   0         0         0         0         0         0       
   0         0         0         0         0         0       
   0         0         0         0         0         0       
   0         0        -0        -7.5e-38   1.4e-14  -2.1e-19 
   0         0         0        -1.4e-14  -2.9e-35   3.2e-19 
   0         0        -0         2.1e-19  -3.2e-19  -3e-35   
   0         0         0         0         0         0       
   0         0         0         0         0         0       
   0         0         0         0         0         0       
   0         0        -0        -7.5e-38   1.4e-14  -2.1e-19 
   0         0         0        -1.4e-14  -2.9e-35   3.2e-19 
   0         0        -0         2.1e-19  -3.2e-19  -3e-35   
   0         0         0         0         0         0       
   0         0         0         0         0         0       
   0         0         0         0         0         0       
   0         0         0         1.3e-39   1.4e-14  -2.3e-20 
   0        -0         0        -1.4e-14   5.8e-35  -6.3e-19 
   0        -0         0         2.3e-20   6.3e-19   5.8e-35 
   0         0         0         0         0         0       
   0         0         0         0         0         0       
   0         0         0         0         0         0       
   0         0        -0        -7.5e-38   1.4e-14  -2.1e-19 
   0         0         0        -1.4e-14  -2.9e-35   3.2e-19 
   0         0        -0         2.1e-19  -3.2e-19  -3e-35   
   0         0         0         0         0         0       
   0         0         0         0         0         0       
   0         0         0         0         0         0       
   0         0        -0        -7.5e-38   1.4e-14  -2.1e-19 
   0         0         0        -1.4e-14  -2.9e-35   3.2e-19 
   0         0        -0         2.1e-19  -3.2e-19  -3e-35   
   0         0         0         0         0         0       
   0         0         0         0         0         0       
   0         0         0         0         0         0       
   0         0        -0        -7.5e-38   1.4e-14  -2.1e-19 
   0         0         0        -1.4e-14  -2.9e-35   3.2e-19 
   0         0        -0         2.1e-19  -3.2e-19  -3e-35   
   0         0         0         0         0         0       
   0         0         0         0         0         0       
   0         0         0         0         0         0       
   0         0        -0        -7.5e-38   1.4e-14  -2.1e-19 
   0         0         0        -1.4e-14  -2.9e-35   3.2e-19 
   0         0        -0         2.1e-19  -3.2e-19  -3e-35   
   0         0         0         0         0         0       
   0         0         0         0         0         0       
   0         0         0         0         0         0       
   0         0        -0        -4.5e-37   1.4e-14  -1.4e-18 
   0         0         0        -1.4e-14  -1.1e-35   1.2e-19 
   0         0        -0         1.4e-18  -1.2e-19  -1.1e-35 
   0         0         0         0         0         0       
   0         0         0         0         0         0       
   0         0         0         0         0         0       
  -0         0         0        -1.2e-37   1.4e-14  -6.6e-19 
   0        -0         0        -1.4e-14   5.8e-35  -6.3e-19 
   0         0        -0         6.6e-19   6.3e-19   5.8e-35 
   0         0         0         0         0         0       
   0         0         0         0         0         0       
   0         0         0         0         0         0       
  -0         0         0        -1.2e-37   1.4e-14  -6.6e-19 
   0        -0         0        -1.4e-14   5.8e-35  -6.3e-19 
   0         0        -0         6.6e-19   6.3e-19   5.8e-35 
   0         0         0         0         0         0       
   0         0         0         0         0         0       
   0         0         0         0         0         0       
   0         0        -0        -2e-37     1.4e-14   7.9e-19 
   0         0         0        -1.4e-14   1.7e-35  -1.9e-19 
   0        -0         0        -7.9e-19   1.9e-19   1.7e-35 
   0         0         0         0         0         0       
   0         0         0         0         0         0       
   0         0         0         0         0         0       
   0         0         0         1.7e-34   1.4e-14  -2.4e-16 
   0        -0         0        -1.4e-14   1.1e-32  -1.2e-16 
   0        -0         0         2.4e-16   1.2e-16   1.1e-32 
   0         0         0         0         0         0       
   0         0         0         0         0         0       
   0         0         0         0         0         0       
   0         0        -0         3.5e-35   1.4e-14  -1.3e-16 
   0         0         0        -1.4e-14   4.9e-33  -5.3e-17 
   0        -0         0         1.3e-16   5.3e-17   5e-33   
   0         0         0         0         0         0       
   0         0         0         0         0         0       
   0         0         0         0         0         0       
   0         0         0         2e-34     1.4e-14  -1.9e-16 
   0        -0         0        -1.4e-14   9.8e-33  -1.1e-16 
   0        -0         0         1.9e-16   1.1e-16   1e-32   

QFRC_BIAS
  -5.8e-30 
   2.6e-31 
  -3.8e-32 
   47      
   1.3e+02 
  -0.37    
   4.4e-06 
   2.7e-06 
  -0.24    
   0.14    
  -0.0081  
   0.15    
  -12      
   0.042   
   1.5     
   0.00018 
   0.00021 
  -5.5e-05 
  -0.00023 
   5e-05   
   4.5e-05 
  -5.1e-05 
  -0.059   
   0.0073  
  -0.069   
   12      
   0.042   
  -1.5     
  -0.00079 
   0.00023 
  -5.1e-05 
  -0.00021 
   5.5e-05 
   4.9e-05 
  -4.7e-05 
   0       
   0       
   2.1e+03 
  -4.9e-63 
   3.5e-46 
  -2.1e-50 
   0       
   0       
   2.1e+03 
  -4.9e-63 
   3.5e-46 
  -2.1e-50 
   0       
   5.6e-45 
   2.1e+03 
   8.8e-47 
   8.1e-76 
  -6.5e-66 
  -4.5e-44 
   0       
   2.1e+03 
  -4.5e-44 
   1.8e-73 
   1.7e-62 
   0       
   0       
   2.1e+03 
  -8.8e-47 
   8.8e-47 
   2.1e-50 
   0       
   0       
   2.1e+03 
   0       
   4.9e-63 
  -1e-59   
   0       
   0       
   2.1e+03 
  -1.9e-62 
   1.6e-65 
   1.7e-49 
   0       
   0       
   2.1e+03 
  -2.4e-63 
  -4.4e-47 
   4e-63   
   0       
   0       
   2.1e+03 
   0       
   4.9e-63 
  -1e-59   
   0       
   2.8e-45 
   2.1e+03 
   8.8e-47 
   7.6e-69 
   8.4e-53 
   0       
  -1.4e-45 
   2.1e+03 
   4.9e-63 
   1.2e-63 
   4.3e-50 
   0       
  -1.4e-45 
   2.1e+03 
   4.9e-63 
   1.2e-63 
   4.3e-50 
   0       
  -1.4e-45 
   2.1e+03 
   4.9e-63 
   1.2e-63 
   4.3e-50 
   0       
  -1.4e-45 
   2.1e+03 
   4.9e-63 
   1.2e-63 
   4.3e-50 
   0       
   0       
   2.1e+03 
   0       
   4.9e-63 
  -1e-59   
   0       
  -1.4e-45 
   2.1e+03 
   4.9e-63 
   1.2e-63 
   4.3e-50 
   0       
  -1.4e-45 
   2.1e+03 
   4.9e-63 
   1.2e-63 
   4.3e-50 
   0       
  -1.4e-45 
   2.1e+03 
   4.9e-63 
   1.2e-63 
   4.3e-50 
   0       
  -1.4e-45 
   2.1e+03 
   4.9e-63 
   1.2e-63 
   4.3e-50 
   0       
   0       
   2.1e+03 
  -2.4e-63 
  -4.4e-47 
   4e-63   
   0       
   0       
   2.1e+03 
   0       
   0       
   0       
   0       
   0       
   2.1e+03 
   0       
   0       
   0       
   1.1e-44 
   0       
   2.1e+03 
  -4.3e-68 
   8.8e-47 
  -1.7e-49 
   0       
   0       
   2.1e+03 
   0       
  -7.1e-74 
  -5e-58   
   0       
   0       
   2.1e+03 
  -4.5e-44 
  -2.2e-44 
   1.8e-46 
   0       
   0       
   2.1e+03 
   7.2e-64 
  -4.5e-44 
   7e-46   

QFRC_SPRING
   0       
   0       
   0       
   2.5e-05 
   3.5e-05 
  -1.9e-06 
   2.2e-11 
   2.7e-10 
  -2.4e-05 
   2.4e-06 
  -1.4e-07 
   5.1e-06 
  -0.00038 
   1.4e-06 
   4.9e-05 
   5.9e-09 
   3.4e-07 
  -3.3e-07 
  -3.2e-07 
   3.3e-07 
   3.3e-07 
  -3.3e-07 
  -9.8e-07 
   1.2e-07 
  -2.3e-06 
   0.00038 
   1.4e-06 
  -4.9e-05 
  -2.6e-08 
   3.4e-07 
  -3.3e-07 
  -3.2e-07 
   3.3e-07 
   3.3e-07 
  -3.3e-07 
   0       
   0       
   0       
   0       
   0       
   0       
   0       
   0       
   0       
   0       
   0       
   0       
   0       
   0       
   0       
   0       
   0       
   0       
   0       
   0       
   0       
   0       
   0       
   0       
   0       
   0       
   0       
   0       
   0       
   0       
   0       
   0       
   0       
   0       
   0       
   0       
   0       
   0       
   0       
   0       
   0       
   0       
   0       
   0       
   0       
   0       
   0       
   0       
   0       
   0       
   0       
   0       
   0       
   0       
   0       
   0       
   0       
   0       
   0       
   0       
   0       
   0       
   0       
   0       
   0       
   0       
   0       
   0       
   0       
   0       
   0       
   0       
   0       
   0       
   0       
   0       
   0       
   0       
   0       
   0       
   0       
   0       
   0       
   0       
   0       
   0       
   0       
   0       
   0       
   0       
   0       
   0       
   0       
   0       
   0       
   0       
   0       
   0       
   0       
   0       
   0       
   0       
   0       
   0       
   0       
   0       
   0       
   0       
   0       
   0       
   0       
   0       
   0       
   0       
   0       
   0       
   0       
   0       
   0       
   0       
   0       
   0       
   0       
   0       
   0       
   0       
   0       
   0       
   0       
   0       
   0       
   0       
   0       
   0       
   0       
   0       
   0       
   0       
   0       
   0       
   0       
   0       
   0       
   0       
   0       
   0       
   0       
   0       
   0       
   0       
   0       
   0       
   0       
   0       
   0       
   0       

QFRC_DAMPER
   1.2e-12 
  -2.9e-13 
   1.6e-15 
   1e-18   
   3.2e-18 
   2.5e-19 
  -9.3e-21 
   1.1e-20 
   2.2e-18 
   3.8e-19 
   8.8e-21 
   6.1e-19 
  -3.9e-17 
   1.5e-19 
   2.9e-18 
  -7.4e-21 
  -1.2e-20 
  -3.1e-20 
  -2.7e-20 
   2.7e-20 
   2.3e-20 
  -2.6e-20 
  -1.4e-19 
  -3.1e-21 
  -1.7e-19 
   4e-17   
   2.1e-19 
  -3.8e-18 
  -3.3e-20 
   1.6e-19 
  -1.5e-19 
  -1.6e-19 
   1.3e-19 
   1.3e-19 
  -1.6e-19 
   0       
   0       
   0       
   0       
   0       
   0       
   0       
   0       
   0       
   0       
   0       
   0       
   0       
   0       
   0       
   0       
   0       
   0       
   0       
   0       
   0       
   0       
   0       
   0       
   0       
   0       
   0       
   0       
   0       
   0       
   0       
   0       
   0       
   0       
   0       
   0       
   0       
   0       
   0       
   0       
   0       
   0       
   0       
   0       
   0       
   0       
   0       
   0       
   0       
   0       
   0       
   0       
   0       
   0       
   0       
   0       
   0       
   0       
   0       
   0       
   0       
   0       
   0       
   0       
   0       
   0       
   0       
   0       
   0       
   0       
   0       
   0       
   0       
   0       
   0       
   0       
   0       
   0       
   0       
   0       
   0       
   0       
   0       
   0       
   0       
   0       
   0       
   0       
   0       
   0       
   0       
   0       
   0       
   0       
   0       
   0       
   0       
   0       
   0       
   0       
   0       
   0       
   0       
   0       
   0       
   0       
   0       
   0       
   0       
   0       
   0       
   0       
   0       
   0       
   0       
   0       
   0       
   0       
   0       
   0       
   0       
   0       
   0       
   0       
   0       
   0       
   0       
   0       
   0       
   0       
   0       
   0       
   0       
   0       
   0       
   0       
   0       
   0       
   0       
   0       
   0       
   0       
   0       
   0       
   0       
   0       
   0       
   0       
   0       
   0       
   0       
   0       
   0       
   0       
   0       
   0       

QFRC_GRAVCOMP
   0       
   0       
   0       
   0       
   0       
   0       
   0       
   0       
   0       
   0       
   0       
   0       
   0       
   0       
   0       
   0       
   0       
   0       
   0       
   0       
   0       
   0       
   0       
   0       
   0       
   0       
   0       
   0       
   0       
   0       
   0       
   0       
   0       
   0       
   0       
   0       
   0       
   0       
   0       
   0       
   0       
   0       
   0       
   0       
   0       
   0       
   0       
   0       
   0       
   0       
   0       
   0       
   0       
   0       
   0       
   0       
   0       
   0       
   0       
   0       
   0       
   0       
   0       
   0       
   0       
   0       
   0       
   0       
   0       
   0       
   0       
   0       
   0       
   0       
   0       
   0       
   0       
   0       
   0       
   0       
   0       
   0       
   0       
   0       
   0       
   0       
   0       
   0       
   0       
   0       
   0       
   0       
   0       
   0       
   0       
   0       
   0       
   0       
   0       
   0       
   0       
   0       
   0       
   0       
   0       
   0       
   0       
   0       
   0       
   0       
   0       
   0       
   0       
   0       
   0       
   0       
   0       
   0       
   0       
   0       
   0       
   0       
   0       
   0       
   0       
   0       
   0       
   0       
   0       
   0       
   0       
   0       
   0       
   0       
   0       
   0       
   0       
   0       
   0       
   0       
   0       
   0       
   0       
   0       
   0       
   0       
   0       
   0       
   0       
   0       
   0       
   0       
   0       
   0       
   0       
   0       
   0       
   0       
   0       
   0       
   0       
   0       
   0       
   0       
   0       
   0       
   0       
   0       
   0       
   0       
   0       
   0       
   0       
   0       
   0       
   0       
   0       
   0       
   0       
   0       
   0       
   0       
   0       
   0       
   0       
   0       
   0       
   0       
   0       
   0       
   0       

QFRC_FLUID
   8.2e-15 
  -2e-15   
  -1.8e-16 
   4.4e-15 
  -3.1e-15 
   3.1e-15 
   2.6e-17 
   1.1e-18 
   1.5e-18 
  -7.3e-17 
   1.5e-15 
  -7.3e-17 
   1.6e-17 
  -7.9e-17 
  -1.8e-17 
  -2.4e-16 
   4.2e-19 
   1.4e-19 
   6.6e-19 
   9.2e-20 
   1.6e-19 
   2.5e-19 
   7.3e-17 
  -1.5e-15 
   7.2e-17 
   2e-17   
   7.9e-17 
  -2.1e-17 
   2.3e-16 
  -4.2e-19 
  -1.4e-19 
  -6.6e-19 
  -9.2e-20 
  -1.6e-19 
  -2.5e-19 
   7.4e-23 
   4e-23   
  -1.6e-18 
  -6e-23   
   3e-23   
   1.8e-35 
   7.4e-23 
   4e-23   
  -1.6e-18 
  -6e-23   
   3e-23   
   1.8e-35 
   8.2e-24 
   2.7e-23 
  -1.6e-18 
  -1.6e-22 
   8.2e-29 
   7.6e-36 
  -3.9e-21 
  -1.2e-20 
  -1.6e-18 
   5e-21   
  -1.7e-21 
  -5.4e-34 
   2.4e-23 
   1.5e-23 
  -1.6e-18 
   8.9e-23 
   3e-23   
   2e-35   
   7.2e-23 
  -2.6e-24 
  -1.6e-18 
   7.4e-23 
   1.2e-22 
   7.2e-36 
  -3.7e-23 
   7.2e-23 
  -1.6e-18 
  -8.9e-23 
  -1.5e-22 
  -1.1e-35 
  -1.4e-23 
  -1.6e-22 
  -1.6e-18 
  -1e-22   
   3e-23   
  -9.2e-36 
   7.2e-23 
  -2.6e-24 
  -1.6e-18 
   7.4e-23 
   1.2e-22 
   7.2e-36 
   2.1e-24 
  -1.5e-23 
  -1.6e-18 
   5.9e-23 
   1.2e-22 
   8.1e-36 
  -3.6e-23 
  -2.4e-23 
  -1.6e-18 
   3e-23   
  -1.2e-22 
  -4.9e-36 
  -3.6e-23 
  -2.4e-23 
  -1.6e-18 
   3e-23   
  -1.2e-22 
  -4.9e-36 
  -3.6e-23 
  -2.4e-23 
  -1.6e-18 
   3e-23   
  -1.2e-22 
  -4.9e-36 
  -3.6e-23 
  -2.4e-23 
  -1.6e-18 
   3e-23   
  -1.2e-22 
  -4.9e-36 
   7.2e-23 
  -2.6e-24 
  -1.6e-18 
   7.4e-23 
   1.2e-22 
   7.2e-36 
  -3.6e-23 
  -2.4e-23 
  -1.6e-18 
   3e-23   
  -1.2e-22 
  -4.9e-36 
  -3.6e-23 
  -2.4e-23 
  -1.6e-18 
   3e-23   
  -1.2e-22 
  -4.9e-36 
  -3.6e-23 
  -2.4e-23 
  -1.6e-18 
   3e-23   
  -1.2e-22 
  -4.9e-36 
  -3.6e-23 
  -2.4e-23 
  -1.6e-18 
   3e-23   
  -1.2e-22 
  -4.9e-36 
  -1.4e-23 
  -1.6e-22 
  -1.6e-18 
  -1e-22   
   3e-23   
  -9.2e-36 
   7.1e-23 
  -7.5e-23 
  -1.6e-18 
  -1.5e-22 
  -1.2e-22 
   3.1e-36 
   7.1e-23 
  -7.5e-23 
  -1.6e-18 
  -1.5e-22 
  -1.2e-22 
   3.1e-36 
   2.1e-23 
   9e-23   
  -1.6e-18 
  -7.5e-23 
   2.4e-22 
   3.7e-36 
   1.4e-20 
  -2.7e-20 
  -1.6e-18 
   1.1e-20 
   5.7e-21 
   1e-33   
   6e-21   
  -1.4e-20 
  -1.6e-18 
   5.8e-21 
   2.4e-21 
   3.1e-34 
   1.2e-20 
  -2.1e-20 
  -1.6e-18 
   8.6e-21 
   4.7e-21 
   1.9e-34 

QFRC_PASSIVE
   1.2e-12 
  -2.9e-13 
   1.4e-15 
   2.5e-05 
   3.5e-05 
  -1.9e-06 
   2.2e-11 
   2.7e-10 
  -2.4e-05 
   2.4e-06 
  -1.4e-07 
   5.1e-06 
  -0.00038 
   1.4e-06 
   4.9e-05 
   5.9e-09 
   3.4e-07 
  -3.3e-07 
  -3.2e-07 
   3.3e-07 
   3.3e-07 
  -3.3e-07 
  -9.8e-07 
   1.2e-07 
  -2.3e-06 
   0.00038 
   1.4e-06 
  -4.9e-05 
  -2.6e-08 
   3.4e-07 
  -3.3e-07 
  -3.2e-07 
   3.3e-07 
   3.3e-07 
  -3.3e-07 
   7.4e-23 
   4e-23   
  -1.6e-18 
  -6e-23   
   3e-23   
   1.8e-35 
   7.4e-23 
   4e-23   
  -1.6e-18 
  -6e-23   
   3e-23   
   1.8e-35 
   8.2e-24 
   2.7e-23 
  -1.6e-18 
  -1.6e-22 
   8.2e-29 
   7.6e-36 
  -3.9e-21 
  -1.2e-20 
  -1.6e-18 
   5e-21   
  -1.7e-21 
  -5.4e-34 
   2.4e-23 
   1.5e-23 
  -1.6e-18 
   8.9e-23 
   3e-23   
   2e-35   
   7.2e-23 
  -2.6e-24 
  -1.6e-18 
   7.4e-23 
   1.2e-22 
   7.2e-36 
  -3.7e-23 
   7.2e-23 
  -1.6e-18 
  -8.9e-23 
  -1.5e-22 
  -1.1e-35 
  -1.4e-23 
  -1.6e-22 
  -1.6e-18 
  -1e-22   
   3e-23   
  -9.2e-36 
   7.2e-23 
  -2.6e-24 
  -1.6e-18 
   7.4e-23 
   1.2e-22 
   7.2e-36 
   2.1e-24 
  -1.5e-23 
  -1.6e-18 
   5.9e-23 
   1.2e-22 
   8.1e-36 
  -3.6e-23 
  -2.4e-23 
  -1.6e-18 
   3e-23   
  -1.2e-22 
  -4.9e-36 
  -3.6e-23 
  -2.4e-23 
  -1.6e-18 
   3e-23   
  -1.2e-22 
  -4.9e-36 
  -3.6e-23 
  -2.4e-23 
  -1.6e-18 
   3e-23   
  -1.2e-22 
  -4.9e-36 
  -3.6e-23 
  -2.4e-23 
  -1.6e-18 
   3e-23   
  -1.2e-22 
  -4.9e-36 
   7.2e-23 
  -2.6e-24 
  -1.6e-18 
   7.4e-23 
   1.2e-22 
   7.2e-36 
  -3.6e-23 
  -2.4e-23 
  -1.6e-18 
   3e-23   
  -1.2e-22 
  -4.9e-36 
  -3.6e-23 
  -2.4e-23 
  -1.6e-18 
   3e-23   
  -1.2e-22 
  -4.9e-36 
  -3.6e-23 
  -2.4e-23 
  -1.6e-18 
   3e-23   
  -1.2e-22 
  -4.9e-36 
  -3.6e-23 
  -2.4e-23 
  -1.6e-18 
   3e-23   
  -1.2e-22 
  -4.9e-36 
  -1.4e-23 
  -1.6e-22 
  -1.6e-18 
  -1e-22   
   3e-23   
  -9.2e-36 
   7.1e-23 
  -7.5e-23 
  -1.6e-18 
  -1.5e-22 
  -1.2e-22 
   3.1e-36 
   7.1e-23 
  -7.5e-23 
  -1.6e-18 
  -1.5e-22 
  -1.2e-22 
   3.1e-36 
   2.1e-23 
   9e-23   
  -1.6e-18 
  -7.5e-23 
   2.4e-22 
   3.7e-36 
   1.4e-20 
  -2.7e-20 
  -1.6e-18 
   1.1e-20 
   5.7e-21 
   1e-33   
   6e-21   
  -1.4e-20 
  -1.6e-18 
   5.8e-21 
   2.4e-21 
   3.1e-34 
   1.2e-20 
  -2.1e-20 
  -1.6e-18 
   8.6e-21 
   4.7e-21 
   1.9e-34 

EFC_VEL
  -6.1e-20 
   2.7e-19 
  -4.6e-20 
   2.6e-20 
   2.4e-19 
   3.9e-19 
   4.6e-20 
   7.7e-21 
  -3.5e-20 
   4.1e-21 
  -1.2e-12 
   2.9e-13 
  -1.6e-15 
  -1e-17   
  -3.2e-17 
  -2.5e-18 
   9.3e-20 
  -1.1e-19 
  -2.2e-17 
  -3.8e-18 
  -8.8e-20 
  -6.1e-18 
   3.9e-16 
  -1.5e-18 
  -2.9e-17 
   7.4e-20 
   1.2e-19 
   3.1e-19 
   2.7e-19 
  -2.7e-19 
  -2.3e-19 
   2.6e-19 
   1.4e-18 
   3.1e-20 
   1.7e-18 
  -4e-16   
  -2.1e-18 
   3.8e-17 
   3.3e-19 
  -1.6e-18 
   1.5e-18 
   1.6e-18 
  -1.3e-18 
  -1.3e-18 
   1.6e-18 
  -1e-17   
  -3.2e-17 
   1.4e-14 
   9.7e-19 
  -1.6e-21 
   1.4e-14 
   9.7e-19 
  -1.6e-21 
   1.4e-14 
   9.7e-19 
  -1.6e-21 
   1.4e-14 
   9.7e-19 
  -1.6e-21 
   1.4e-14 
   9.7e-19 
  -1.6e-21 
   1.4e-14 
   9.7e-19 
  -1.6e-21 
   1.4e-14 
   9.7e-19 
  -1.6e-21 
   1.4e-14 
   9.7e-19 
  -1.6e-21 
   1.4e-14 
   9.7e-19 
  -1.6e-21 
   1.4e-14 
   9.7e-19 
  -1.6e-21 
   1.4e-14 
   9.7e-19 
  -1.6e-21 
   1.4e-14 
   9.7e-19 
  -1.6e-21 
   1.4e-14 
   9.7e-19 
  -1.6e-21 
   1.4e-14 
   9.7e-19 
  -1.6e-21 
   1.4e-14 
   9.7e-19 
  -1.6e-21 
   1.4e-14 
   9.7e-19 
  -1.6e-21 
   1.4e-14 
   3.4e-18 
   7.2e-20 
   1.4e-14 
   3.4e-18 
   7.2e-20 
   1.4e-14 
   3.4e-18 
   7.2e-20 
   1.4e-14 
   3.4e-18 
   7.2e-20 
   1.4e-14 
   3.4e-18 
   7.2e-20 
   1.4e-14 
   3.4e-18 
   7.2e-20 
   1.4e-14 
   3.4e-18 
   7.2e-20 
   1.4e-14 
   3.4e-18 
   7.2e-20 
   1.4e-14 
  -2.3e-19 
   2.1e-18 
   1.4e-14 
  -2.3e-19 
   2.1e-18 
   1.4e-14 
  -2.3e-19 
   2.1e-18 
   1.4e-14 
  -2.3e-19 
   2.1e-18 
   1.4e-14 
  -2.3e-19 
   2.1e-18 
   1.4e-14 
  -2.3e-19 
   2.1e-18 
   1.4e-14 
  -2.3e-19 
   2.1e-18 
   1.4e-14 
  -2.3e-19 
   2.1e-18 
   1.4e-14 
  -2.1e-18 
  -4.5e-19 
   1.4e-14 
  -2.1e-18 
  -4.5e-19 
   1.4e-14 
  -2.1e-18 
  -4.5e-19 
   1.4e-14 
  -2.1e-18 
  -4.5e-19 
   1.4e-14 
  -2.1e-18 
  -4.5e-19 
   1.4e-14 
  -2.1e-18 
  -4.5e-19 
   1.4e-14 
  -2.1e-18 
  -4.5e-19 
   1.4e-14 
  -2.1e-18 
  -4.5e-19 
   1.4e-14 
  -1.6e-18 
  -2e-18   
   1.4e-14 
  -1.6e-18 
  -2e-18   
   1.4e-14 
  -1.6e-18 
  -2e-18   
   1.4e-14 
  -1.6e-18 
  -2e-18   
   1.4e-14 
  -1.6e-18 
  -2e-18   
   1.4e-14 
  -1.6e-18 
  -2e-18   
   1.4e-14 
  -1.6e-18 
  -2e-18   
   1.4e-14 
  -1.6e-18 
  -2e-18   
   1.4e-14 
   1.3e-18 
   3e-18   
   1.4e-14 
   1.3e-18 
   3e-18   
   1.4e-14 
   1.3e-18 
   3e-18   
   1.4e-14 
   1.3e-18 
   3e-18   
   1.4e-14 
   1.3e-18 
   3e-18   
   1.4e-14 
   1.3e-18 
   3e-18   
   1.4e-14 
   1.3e-18 
   3e-18   
   1.4e-14 
   1.3e-18 
   3e-18   
   1.4e-14 
   3.7e-18 
  -7.8e-19 
   1.4e-14 
   3.7e-18 
  -7.8e-19 
   1.4e-14 
   3.7e-18 
  -7.8e-19 
   1.4e-14 
   3.7e-18 
  -7.8e-19 
   1.4e-14 
   3.7e-18 
  -7.8e-19 
   1.4e-14 
   3.7e-18 
  -7.8e-19 
   1.4e-14 
   3.7e-18 
  -7.8e-19 
   1.4e-14 
   3.7e-18 
  -7.8e-19 
   1.4e-14 
  -1.6e-18 
  -2e-18   
   1.4e-14 
  -1.6e-18 
  -2e-18   
   1.4e-14 
  -1.6e-18 
  -2e-18   
   1.4e-14 
  -1.6e-18 
  -2e-18   
   1.4e-14 
  -1.6e-18 
  -2e-18   
   1.4e-14 
  -1.6e-18 
  -2e-18   
   1.4e-14 
  -1.6e-18 
  -2e-18   
   1.4e-14 
  -1.6e-18 
  -2e-18   
   1.4e-14 
  -1.2e-18 
  -2.6e-18 
   1.4e-14 
  -1.2e-18 
  -2.6e-18 
   1.4e-14 
  -1.2e-18 
  -2.6e-18 
   1.4e-14 
  -1.2e-18 
  -2.6e-18 
   1.4e-14 
  -1.2e-18 
  -2.6e-18 
   1.4e-14 
  -1.2e-18 
  -2.6e-18 
   1.4e-14 
  -1.2e-18 
  -2.6e-18 
   1.4e-14 
  -1.2e-18 
  -2.6e-18 
   1.4e-14 
  -4.5e-19 
   2.3e-18 
   1.4e-14 
  -4.5e-19 
   2.3e-18 
   1.4e-14 
  -4.5e-19 
   2.3e-18 
   1.4e-14 
  -4.5e-19 
   2.3e-18 
   1.4e-14 
  -4.5e-19 
   2.3e-18 
   1.4e-14 
  -4.5e-19 
   2.3e-18 
   1.4e-14 
  -4.5e-19 
   2.3e-18 
   1.4e-14 
  -4.5e-19 
   2.3e-18 
   1.4e-14 
  -4.5e-19 
   2.3e-18 
   1.4e-14 
  -4.5e-19 
   2.3e-18 
   1.4e-14 
  -4.5e-19 
   2.3e-18 
   1.4e-14 
  -4.5e-19 
   2.3e-18 
   1.4e-14 
  -4.5e-19 
   2.3e-18 
   1.4e-14 
  -4.5e-19 
   2.3e-18 
   1.4e-14 
  -4.5e-19 
   2.3e-18 
   1.4e-14 
  -4.5e-19 
   2.3e-18 
   1.4e-14 
  -4.5e-19 
   2.3e-18 
   1.4e-14 
  -4.5e-19 
   2.3e-18 
   1.4e-14 
  -4.5e-19 
   2.3e-18 
   1.4e-14 
  -4.5e-19 
   2.3e-18 
   1.4e-14 
  -4.5e-19 
   2.3e-18 
   1.4e-14 
  -4.5e-19 
   2.3e-18 
   1.4e-14 
  -4.5e-19 
   2.3e-18 
   1.4e-14 
  -4.5e-19 
   2.3e-18 
   1.4e-14 
  -4.5e-19 
   2.3e-18 
   1.4e-14 
  -4.5e-19 
   2.3e-18 
   1.4e-14 
  -4.5e-19 
   2.3e-18 
   1.4e-14 
  -4.5e-19 
   2.3e-18 
   1.4e-14 
  -4.5e-19 
   2.3e-18 
   1.4e-14 
  -4.5e-19 
   2.3e-18 
   1.4e-14 
  -4.5e-19 
   2.3e-18 
   1.4e-14 
  -4.5e-19 
   2.3e-18 
   1.4e-14 
  -1.6e-18 
  -2e-18   
   1.4e-14 
  -1.6e-18 
  -2e-18   
   1.4e-14 
  -1.6e-18 
  -2e-18   
   1.4e-14 
  -1.6e-18 
  -2e-18   
   1.4e-14 
  -1.6e-18 
  -2e-18   
   1.4e-14 
  -1.6e-18 
  -2e-18   
   1.4e-14 
  -1.6e-18 
  -2e-18   
   1.4e-14 
  -1.6e-18 
  -2e-18   
   1.4e-14 
  -4.5e-19 
   2.3e-18 
   1.4e-14 
  -4.5e-19 
   2.3e-18 
   1.4e-14 
  -4.5e-19 
   2.3e-18 
   1.4e-14 
  -4.5e-19 
   2.3e-18 
   1.4e-14 
  -4.5e-19 
   2.3e-18 
   1.4e-14 
  -4.5e-19 
   2.3e-18 
   1.4e-14 
  -4.5e-19 
   2.3e-18 
   1.4e-14 
  -4.5e-19 
   2.3e-18 
   1.4e-14 
  -4.5e-19 
   2.3e-18 
   1.4e-14 
  -4.5e-19 
   2.3e-18 
   1.4e-14 
  -4.5e-19 
   2.3e-18 
   1.4e-14 
  -4.5e-19 
   2.3e-18 
   1.4e-14 
  -4.5e-19 
   2.3e-18 
   1.4e-14 
  -4.5e-19 
   2.3e-18 
   1.4e-14 
  -4.5e-19 
   2.3e-18 
   1.4e-14 
  -4.5e-19 
   2.3e-18 
   1.4e-14 
  -4.5e-19 
   2.3e-18 
   1.4e-14 
  -4.5e-19 
   2.3e-18 
   1.4e-14 
  -4.5e-19 
   2.3e-18 
   1.4e-14 
  -4.5e-19 
   2.3e-18 
   1.4e-14 
  -4.5e-19 
   2.3e-18 
   1.4e-14 
  -4.5e-19 
   2.3e-18 
   1.4e-14 
  -4.5e-19 
   2.3e-18 
   1.4e-14 
  -4.5e-19 
   2.3e-18 
   1.4e-14 
  -4.5e-19 
   2.3e-18 
   1.4e-14 
  -4.5e-19 
   2.3e-18 
   1.4e-14 
  -4.5e-19 
   2.3e-18 
   1.4e-14 
  -4.5e-19 
   2.3e-18 
   1.4e-14 
  -4.5e-19 
   2.3e-18 
   1.4e-14 
  -4.5e-19 
   2.3e-18 
   1.4e-14 
  -4.5e-19 
   2.3e-18 
   1.4e-14 
  -4.5e-19 
   2.3e-18 
   1.4e-14 
   3.7e-18 
  -7.8e-19 
   1.4e-14 
   3.7e-18 
  -7.8e-19 
   1.4e-14 
   3.7e-18 
  -7.8e-19 
   1.4e-14 
   3.7e-18 
  -7.8e-19 
   1.4e-14 
   3.7e-18 
  -7.8e-19 
   1.4e-14 
   3.7e-18 
  -7.8e-19 
   1.4e-14 
   3.7e-18 
  -7.8e-19 
   1.4e-14 
   3.7e-18 
  -7.8e-19 
   1.4e-14 
   4e-18   
   3.3e-18 
   1.4e-14 
   4e-18   
   3.3e-18 
   1.4e-14 
   4e-18   
   3.3e-18 
   1.4e-14 
   4e-18   
   3.3e-18 
   1.4e-14 
   4e-18   
   3.3e-18 
   1.4e-14 
   4e-18   
   3.3e-18 
   1.4e-14 
   4e-18   
   3.3e-18 
   1.4e-14 
   4e-18   
   3.3e-18 
   1.4e-14 
   4e-18   
   3.3e-18 
   1.4e-14 
   4e-18   
   3.3e-18 
   1.4e-14 
   4e-18   
   3.3e-18 
   1.4e-14 
   4e-18   
   3.3e-18 
   1.4e-14 
   4e-18   
   3.3e-18 
   1.4e-14 
   4e-18   
   3.3e-18 
   1.4e-14 
   4e-18   
   3.3e-18 
   1.4e-14 
   4e-18   
   3.3e-18 
   1.4e-14 
   8.6e-19 
  -5.1e-18 
   1.4e-14 
   8.6e-19 
  -5.1e-18 
   1.4e-14 
   8.6e-19 
  -5.1e-18 
   1.4e-14 
   8.6e-19 
  -5.1e-18 
   1.4e-14 
   8.6e-19 
  -5.1e-18 
   1.4e-14 
   8.6e-19 
  -5.1e-18 
   1.4e-14 
   8.6e-19 
  -5.1e-18 
   1.4e-14 
   8.6e-19 
  -5.1e-18 
   1.4e-14 
  -1.6e-18 
  -3.3e-18 
   1.4e-14 
  -1.6e-18 
  -3.3e-18 
   1.4e-14 
  -1.6e-18 
  -3.3e-18 
   1.4e-14 
  -1.6e-18 
  -3.3e-18 
   1.4e-14 
  -1.6e-18 
  -3.3e-18 
   1.4e-14 
  -1.6e-18 
  -3.3e-18 
   1.4e-14 
  -1.6e-18 
  -3.3e-18 
   1.4e-14 
  -1.6e-18 
  -3.3e-18 
   1.4e-14 
  -2.5e-18 
  -7.2e-19 
   1.4e-14 
  -2.5e-18 
  -7.2e-19 
   1.4e-14 
  -2.5e-18 
  -7.2e-19 
   1.4e-14 
  -2.5e-18 
  -7.2e-19 
   1.4e-14 
  -2.5e-18 
  -7.2e-19 
   1.4e-14 
  -2.5e-18 
  -7.2e-19 
   1.4e-14 
  -2.5e-18 
  -7.2e-19 
   1.4e-14 
  -2.5e-18 
  -7.2e-19 
   1.4e-14 
  -1.5e-18 
   2.2e-18 
   1.4e-14 
  -1.5e-18 
   2.2e-18 
   1.4e-14 
  -1.5e-18 
   2.2e-18 
   1.4e-14 
  -1.5e-18 
   2.2e-18 
   1.4e-14 
  -1.5e-18 
   2.2e-18 
   1.4e-14 
  -1.5e-18 
   2.2e-18 
   1.4e-14 
  -1.5e-18 
   2.2e-18 
   1.4e-14 
  -1.5e-18 
   2.2e-18 

EFC_AREF
   0.012   
   0.003   
   0.0028  
   0.0031  
   0.0033  
   0.011   
   0.0027  
   0.0031  
   0.0034  
   0.003   
   1.2e-10 
  -3e-11   
   1.7e-13 
   1.1e-15 
   3.4e-15 
   2.6e-16 
  -9.8e-18 
   1.2e-17 
   2.4e-15 
   4e-16   
   9.2e-18 
   6.4e-16 
  -4.1e-14 
   1.6e-16 
   3.1e-15 
  -7.8e-18 
  -1.2e-17 
  -3.2e-17 
  -2.9e-17 
   2.8e-17 
   2.4e-17 
  -2.8e-17 
  -1.5e-16 
  -3.3e-18 
  -1.8e-16 
   4.2e-14 
   2.2e-16 
  -4e-15   
  -3.4e-17 
   1.7e-16 
  -1.6e-16 
  -1.6e-16 
   1.4e-16 
   1.4e-16 
  -1.7e-16 
   1.3     
   1.8     
   0.066   
  -1.9e-16 
   3.1e-19 
   0.066   
  -1.9e-16 
   3.1e-19 
   0.066   
  -1.9e-16 
   3.1e-19 
   0.066   
  -1.9e-16 
   3.1e-19 
   0.066   
  -1.9e-16 
   3.1e-19 
   0.066   
  -1.9e-16 
   3.1e-19 
   0.066   
  -1.9e-16 
   3.1e-19 
   0.066   
  -1.9e-16 
   3.1e-19 
   0.066   
  -1.9e-16 
   3.1e-19 
   0.066   
  -1.9e-16 
   3.1e-19 
   0.066   
  -1.9e-16 
   3.1e-19 
   0.066   
  -1.9e-16 
   3.1e-19 
   0.066   
  -1.9e-16 
   3.1e-19 
   0.066   
  -1.9e-16 
   3.1e-19 
   0.066   
  -1.9e-16 
   3.1e-19 
   0.066   
  -1.9e-16 
   3.1e-19 
   0.066   
  -6.6e-16 
  -1.4e-17 
   0.066   
  -6.6e-16 
  -1.4e-17 
   0.066   
  -6.6e-16 
  -1.4e-17 
   0.066   
  -6.6e-16 
  -1.4e-17 
   0.066   
  -6.6e-16 
  -1.4e-17 
   0.066   
  -6.6e-16 
  -1.4e-17 
   0.066   
  -6.6e-16 
  -1.4e-17 
   0.066   
  -6.6e-16 
  -1.4e-17 
   0.066   
   4.5e-17 
  -4.1e-16 
   0.066   
   4.5e-17 
  -4.1e-16 
   0.066   
   4.5e-17 
  -4.1e-16 
   0.066   
   4.5e-17 
  -4.1e-16 
   0.066   
   4.5e-17 
  -4.1e-16 
   0.066   
   4.5e-17 
  -4.1e-16 
   0.066   
   4.5e-17 
  -4.1e-16 
   0.066   
   4.5e-17 
  -4.1e-16 
   0.066   
   4.1e-16 
   8.7e-17 
   0.066   
   4.1e-16 
   8.7e-17 
   0.066   
   4.1e-16 
   8.7e-17 
   0.066   
   4.1e-16 
   8.7e-17 
   0.066   
   4.1e-16 
   8.7e-17 
   0.066   
   4.1e-16 
   8.7e-17 
   0.066   
   4.1e-16 
   8.7e-17 
   0.066   
   4.1e-16 
   8.7e-17 
   0.066   
   3.2e-16 
   3.9e-16 
   0.066   
   3.2e-16 
   3.9e-16 
   0.066   
   3.2e-16 
   3.9e-16 
   0.066   
   3.2e-16 
   3.9e-16 
   0.066   
   3.2e-16 
   3.9e-16 
   0.066   
   3.2e-16 
   3.9e-16 
   0.066   
   3.2e-16 
   3.9e-16 
   0.066   
   3.2e-16 
   3.9e-16 
   0.066   
  -2.6e-16 
  -5.8e-16 
   0.066   
  -2.6e-16 
  -5.8e-16 
   0.066   
  -2.6e-16 
  -5.8e-16 
   0.066   
  -2.6e-16 
  -5.8e-16 
   0.066   
  -2.6e-16 
  -5.8e-16 
   0.066   
  -2.6e-16 
  -5.8e-16 
   0.066   
  -2.6e-16 
  -5.8e-16 
   0.066   
  -2.6e-16 
  -5.8e-16 
   0.066   
  -7.3e-16 
   1.5e-16 
   0.066   
  -7.3e-16 
   1.5e-16 
   0.066   
  -7.3e-16 
   1.5e-16 
   0.066   
  -7.3e-16 
   1.5e-16 
   0.066   
  -7.3e-16 
   1.5e-16 
   0.066   
  -7.3e-16 
   1.5e-16 
   0.066   
  -7.3e-16 
   1.5e-16 
   0.066   
  -7.3e-16 
   1.5e-16 
   0.066   
   3.2e-16 
   3.9e-16 
   0.066   
   3.2e-16 
   3.9e-16 
   0.066   
   3.2e-16 
   3.9e-16 
   0.066   
   3.2e-16 
   3.9e-16 
   0.066   
   3.2e-16 
   3.9e-16 
   0.066   
   3.2e-16 
   3.9e-16 
   0.066   
   3.2e-16 
   3.9e-16 
   0.066   
   3.2e-16 
   3.9e-16 
   0.066   
   2.3e-16 
   5.1e-16 
   0.066   
   2.3e-16 
   5.1e-16 
   0.066   
   2.3e-16 
   5.1e-16 
   0.066   
   2.3e-16 
   5.1e-16 
   0.066   
   2.3e-16 
   5.1e-16 
   0.066   
   2.3e-16 
   5.1e-16 
   0.066   
   2.3e-16 
   5.1e-16 
   0.066   
   2.3e-16 
   5.1e-16 
   0.066   
   8.7e-17 
  -4.5e-16 
   0.066   
   8.7e-17 
  -4.5e-16 
   0.066   
   8.7e-17 
  -4.5e-16 
   0.066   
   8.7e-17 
  -4.5e-16 
   0.066   
   8.7e-17 
  -4.5e-16 
   0.066   
   8.7e-17 
  -4.5e-16 
   0.066   
   8.7e-17 
  -4.5e-16 
   0.066   
   8.7e-17 
  -4.5e-16 
   0.066   
   8.7e-17 
  -4.5e-16 
   0.066   
   8.7e-17 
  -4.5e-16 
   0.066   
   8.7e-17 
  -4.5e-16 
   0.066   
   8.7e-17 
  -4.5e-16 
   0.066   
   8.7e-17 
  -4.5e-16 
   0.066   
   8.7e-17 
  -4.5e-16 
   0.066   
   8.7e-17 
  -4.5e-16 
   0.066   
   8.7e-17 
  -4.5e-16 
   0.066   
   8.7e-17 
  -4.5e-16 
   0.066   
   8.7e-17 
  -4.5e-16 
   0.066   
   8.7e-17 
  -4.5e-16 
   0.066   
   8.7e-17 
  -4.5e-16 
   0.066   
   8.7e-17 
  -4.5e-16 
   0.066   
   8.7e-17 
  -4.5e-16 
   0.066   
   8.7e-17 
  -4.5e-16 
   0.066   
   8.7e-17 
  -4.5e-16 
   0.066   
   8.7e-17 
  -4.5e-16 
   0.066   
   8.7e-17 
  -4.5e-16 
   0.066   
   8.7e-17 
  -4.5e-16 
   0.066   
   8.7e-17 
  -4.5e-16 
   0.066   
   8.7e-17 
  -4.5e-16 
   0.066   
   8.7e-17 
  -4.5e-16 
   0.066   
   8.7e-17 
  -4.5e-16 
   0.066   
   8.7e-17 
  -4.5e-16 
   0.066   
   3.2e-16 
   3.9e-16 
   0.066   
   3.2e-16 
   3.9e-16 
   0.066   
   3.2e-16 
   3.9e-16 
   0.066   
   3.2e-16 
   3.9e-16 
   0.066   
   3.2e-16 
   3.9e-16 
   0.066   
   3.2e-16 
   3.9e-16 
   0.066   
   3.2e-16 
   3.9e-16 
   0.066   
   3.2e-16 
   3.9e-16 
   0.066   
   8.7e-17 
  -4.5e-16 
   0.066   
   8.7e-17 
  -4.5e-16 
   0.066   
   8.7e-17 
  -4.5e-16 
   0.066   
   8.7e-17 
  -4.5e-16 
   0.066   
   8.7e-17 
  -4.5e-16 
   0.066   
   8.7e-17 
  -4.5e-16 
   0.066   
   8.7e-17 
  -4.5e-16 
   0.066   
   8.7e-17 
  -4.5e-16 
   0.066   
   8.7e-17 
  -4.5e-16 
   0.066   
   8.7e-17 
  -4.5e-16 
   0.066   
   8.7e-17 
  -4.5e-16 
   0.066   
   8.7e-17 
  -4.5e-16 
   0.066   
   8.7e-17 
  -4.5e-16 
   0.066   
   8.7e-17 
  -4.5e-16 
   0.066   
   8.7e-17 
  -4.5e-16 
   0.066   
   8.7e-17 
  -4.5e-16 
   0.066   
   8.7e-17 
  -4.5e-16 
   0.066   
   8.7e-17 
  -4.5e-16 
   0.066   
   8.7e-17 
  -4.5e-16 
   0.066   
   8.7e-17 
  -4.5e-16 
   0.066   
   8.7e-17 
  -4.5e-16 
   0.066   
   8.7e-17 
  -4.5e-16 
   0.066   
   8.7e-17 
  -4.5e-16 
   0.066   
   8.7e-17 
  -4.5e-16 
   0.066   
   8.7e-17 
  -4.5e-16 
   0.066   
   8.7e-17 
  -4.5e-16 
   0.066   
   8.7e-17 
  -4.5e-16 
   0.066   
   8.7e-17 
  -4.5e-16 
   0.066   
   8.7e-17 
  -4.5e-16 
   0.066   
   8.7e-17 
  -4.5e-16 
   0.066   
   8.7e-17 
  -4.5e-16 
   0.066   
   8.7e-17 
  -4.5e-16 
   0.066   
  -7.3e-16 
   1.5e-16 
   0.066   
  -7.3e-16 
   1.5e-16 
   0.066   
  -7.3e-16 
   1.5e-16 
   0.066   
  -7.3e-16 
   1.5e-16 
   0.066   
  -7.3e-16 
   1.5e-16 
   0.066   
  -7.3e-16 
   1.5e-16 
   0.066   
  -7.3e-16 
   1.5e-16 
   0.066   
  -7.3e-16 
   1.5e-16 
   0.066   
  -7.7e-16 
  -6.4e-16 
   0.066   
  -7.7e-16 
  -6.4e-16 
   0.066   
  -7.7e-16 
  -6.4e-16 
   0.066   
  -7.7e-16 
  -6.4e-16 
   0.066   
  -7.7e-16 
  -6.4e-16 
   0.066   
  -7.7e-16 
  -6.4e-16 
   0.066   
  -7.7e-16 
  -6.4e-16 
   0.066   
  -7.7e-16 
  -6.4e-16 
   0.066   
  -7.7e-16 
  -6.4e-16 
   0.066   
  -7.7e-16 
  -6.4e-16 
   0.066   
  -7.7e-16 
  -6.4e-16 
   0.066   
  -7.7e-16 
  -6.4e-16 
   0.066   
  -7.7e-16 
  -6.4e-16 
   0.066   
  -7.7e-16 
  -6.4e-16 
   0.066   
  -7.7e-16 
  -6.4e-16 
   0.066   
  -7.7e-16 
  -6.4e-16 
   0.066   
  -1.7e-16 
   9.9e-16 
   0.066   
  -1.7e-16 
   9.9e-16 
   0.066   
  -1.7e-16 
   9.9e-16 
   0.066   
  -1.7e-16 
   9.9e-16 
   0.066   
  -1.7e-16 
   9.9e-16 
   0.066   
  -1.7e-16 
   9.9e-16 
   0.066   
  -1.7e-16 
   9.9e-16 
   0.066   
  -1.7e-16 
   9.9e-16 
   0.066   
   3.2e-16 
   6.5e-16 
   0.066   
   3.2e-16 
   6.5e-16 
   0.066   
   3.2e-16 
   6.5e-16 
   0.066   
   3.2e-16 
   6.5e-16 
   0.066   
   3.2e-16 
   6.5e-16 
   0.066   
   3.2e-16 
   6.5e-16 
   0.066   
   3.2e-16 
   6.5e-16 
   0.066   
   3.2e-16 
   6.5e-16 
   0.066   
   4.9e-16 
   1.4e-16 
   0.066   
   4.9e-16 
   1.4e-16 
   0.066   
   4.9e-16 
   1.4e-16 
   0.066   
   4.9e-16 
   1.4e-16 
   0.066   
   4.9e-16 
   1.4e-16 
   0.066   
   4.9e-16 
   1.4e-16 
   0.066   
   4.9e-16 
   1.4e-16 
   0.066   
   4.9e-16 
   1.4e-16 
   0.066   
   2.9e-16 
  -4.3e-16 
   0.066   
   2.9e-16 
  -4.3e-16 
   0.066   
   2.9e-16 
  -4.3e-16 
   0.066   
   2.9e-16 
  -4.3e-16 
   0.066   
   2.9e-16 
  -4.3e-16 
   0.066   
   2.9e-16 
  -4.3e-16 
   0.066   
   2.9e-16 
  -4.3e-16 
   0.066   
   2.9e-16 
  -4.3e-16 

SUBTREE_LINVEL
   0         0         0       
   0         0         0       
   0         0         0       
   0         0         0       
   0         0         0       
   0         0         0       
   0         0         0       
   0         0         0       
   0         0         0       
   0         0         0       
   0         0         0       
   0         0         0       
   0         0         0       
   0         0         0       
   0         0         0       
   0         0         0       
   0         0         0       
   0         0         0       
   0         0         0       
   0         0         0       
   0         0         0       
   0         0         0       
   0         0         0       
   0         0         0       
   0         0         0       
   0         0         0       
   0         0         0       
   0         0         0       
   0         0         0       
   0         0         0       
   0         0         0       
   0         0         0       
   0         0         0       
   0         0         0       
   0         0         0       
   0         0         0       
   0         0         0       
   0         0         0       
   0         0         0       
   0         0         0       
   0         0         0       
   0         0         0       
   0         0         0       
   0         0         0       
   0         0         0       
   0         0         0       
   0         0         0       
   0         0         0       
   0         0         0       
   0         0         0       
   0         0         0       
   0         0         0       
   0         0         0       
   0         0         0       
   0         0         0       
   0         0         0       
   0         0         0       
   0         0         0       
   0         0         0       
   0         0         0       
   0         0         0       
   0         0         0       
   0         0         0       
   0         0         0       
   0         0         0       
   0         0         0       
   0         0         0       
   0         0         0       
   0         0         0       
   0         0         0       
   0         0         0       
   0         0         0       
   0         0         0       
   0         0         0       
   0         0         0       
   0         0         0       
   0         0         0       
   0         0         0       
   0         0         0       
   0         0         0       
   0         0         0       
   0         0         0       
   0         0         0       
   0         0         0       
   0         0         0       
   0         0         0       
   0         0         0       
   0         0         0       

SUBTREE_ANGMOM
   0         0         0       
   0         0         0       
   0         0         0       
   0         0         0       
   0         0         0       
   0         0         0       
   0         0         0       
   0         0         0       
   0         0         0       
   0         0         0       
   0         0         0       
   0         0         0       
   0         0         0       
   0         0         0       
   0         0         0       
   0         0         0       
   0         0         0       
   0         0         0       
   0         0         0       
   0         0         0       
   0         0         0       
   0         0         0       
   0         0         0       
   0         0         0       
   0         0         0       
   0         0         0       
   0         0         0       
   0         0         0       
   0         0         0       
   0         0         0       
   0         0         0       
   0         0         0       
   0         0         0       
   0         0         0       
   0         0         0       
   0         0         0       
   0         0         0       
   0         0         0       
   0         0         0       
   0         0         0       
   0         0         0       
   0         0         0       
   0         0         0       
   0         0         0       
   0         0         0       
   0         0         0       
   0         0         0       
   0         0         0       
   0         0         0       
   0         0         0       
   0         0         0       
   0         0         0       
   0         0         0       
   0         0         0       
   0         0         0       
   0         0         0       
   0         0         0       
   0         0         0       
   0         0         0       
   0         0         0       
   0         0         0       
   0         0         0       
   0         0         0       
   0         0         0       
   0         0         0       
   0         0         0       
   0         0         0       
   0         0         0       
   0         0         0       
   0         0         0       
   0         0         0       
   0         0         0       
   0         0         0       
   0         0         0       
   0         0         0       
   0         0         0       
   0         0         0       
   0         0         0       
   0         0         0       
   0         0         0       
   0         0         0       
   0         0         0       
   0         0         0       
   0         0         0       
   0         0         0       
   0         0         0       
   0         0         0       
   0         0         0       

ACTUATOR_FORCE
   5.1     
   6.9     
  -0.37    
   4.4e-06 
   2.7e-06 
  -0.24    
   0.14    
  -0.0081  
   0.15    
  -12      
   0.042   
   1.5     
   0.00018 
  -0.059   
   0.0073  
  -0.069   
   12      
   0.042   
  -1.5     
  -0.00079 
  -0.00064 
  -0.00064 
  -5.6e-08 
   2.1e-08 
  -5.1e-12 

QFRC_ACTUATOR
  -5.6e-08 
   2.1e-08 
  -5.1e-12 
   5.1     
   6.9     
  -0.37    
   4.4e-06 
   2.7e-06 
  -0.24    
   0.14    
  -0.0081  
   0.15    
  -12      
   0.042   
   1.5     
   0.00018 
   0       
   0       
  -0.00064 
   0       
   0       
   0       
  -0.059   
   0.0073  
  -0.069   
   12      
   0.042   
  -1.5     
  -0.00079 
   0       
   0       
  -0.00064 
   0       
   0       
   0       
   0       
   0       
   0       
   0       
   0       
   0       
   0       
   0       
   0       
   0       
   0       
   0       
   0       
   0       
   0       
   0       
   0       
   0       
   0       
   0       
   0       
   0       
   0       
   0       
   0       
   0       
   0       
   0       
   0       
   0       
   0       
   0       
   0       
   0       
   0       
   0       
   0       
   0       
   0       
   0       
   0       
   0       
   0       
   0       
   0       
   0       
   0       
   0       
   0       
   0       
   0       
   0       
   0       
   0       
   0       
   0       
   0       
   0       
   0       
   0       
   0       
   0       
   0       
   0       
   0       
   0       
   0       
   0       
   0       
   0       
   0       
   0       
   0       
   0       
   0       
   0       
   0       
   0       
   0       
   0       
   0       
   0       
   0       
   0       
   0       
   0       
   0       
   0       
   0       
   0       
   0       
   0       
   0       
   0       
   0       
   0       
   0       
   0       
   0       
   0       
   0       
   0       
   0       
   0       
   0       
   0       
   0       
   0       
   0       
   0       
   0       
   0       
   0       
   0       
   0       
   0       
   0       
   0       
   0       
   0       
   0       
   0       
   0       
   0       
   0       
   0       
   0       
   0       
   0       
   0       
   0       
   0       
   0       
   0       
   0       
   0       
   0       
   0       
   0       
   0       
   0       
   0       
   0       
   0       
   0       
   0       
   0       
   0       
   0       
   0       
   0       
   0       
   0       
   0       
   0       
   0       

QFRC_SMOOTH
  -5.6e-08 
   2.1e-08 
  -5.1e-12 
  -42      
  -1.3e+02 
   1.2e-13 
   2.5e-15 
  -5.9e-17 
   2.8e-16 
  -5e-16   
   3.8e-14 
   5.6e-16 
   7.8e-14 
   4.2e-17 
  -4.4e-16 
  -1.8e-15 
  -0.00021 
   5.5e-05 
  -0.00041 
  -5e-05   
  -4.5e-05 
   5.1e-05 
   5.3e-16 
  -3.6e-14 
  -6e-16   
  -8e-14   
   7.6e-17 
  -2.7e-15 
   1.7e-15 
  -0.00023 
   5.1e-05 
  -0.00043 
  -5.4e-05 
  -4.9e-05 
   4.7e-05 
   7.4e-23 
   4e-23   
  -2.1e+03 
  -6e-23   
   3e-23   
   1.8e-35 
   7.4e-23 
   4e-23   
  -2.1e+03 
  -6e-23   
   3e-23   
   1.8e-35 
   8.2e-24 
   2.7e-23 
  -2.1e+03 
  -1.6e-22 
   8.2e-29 
   7.6e-36 
  -3.9e-21 
  -1.2e-20 
  -2.1e+03 
   5e-21   
  -1.7e-21 
  -5.4e-34 
   2.4e-23 
   1.5e-23 
  -2.1e+03 
   8.9e-23 
   3e-23   
   2e-35   
   7.2e-23 
  -2.6e-24 
  -2.1e+03 
   7.4e-23 
   1.2e-22 
   7.2e-36 
  -3.7e-23 
   7.2e-23 
  -2.1e+03 
  -8.9e-23 
  -1.5e-22 
  -1.1e-35 
  -1.4e-23 
  -1.6e-22 
  -2.1e+03 
  -1e-22   
   3e-23   
  -9.2e-36 
   7.2e-23 
  -2.6e-24 
  -2.1e+03 
   7.4e-23 
   1.2e-22 
   7.2e-36 
   2.1e-24 
  -1.5e-23 
  -2.1e+03 
   5.9e-23 
   1.2e-22 
   8.1e-36 
  -3.6e-23 
  -2.4e-23 
  -2.1e+03 
   3e-23   
  -1.2e-22 
  -4.9e-36 
  -3.6e-23 
  -2.4e-23 
  -2.1e+03 
   3e-23   
  -1.2e-22 
  -4.9e-36 
  -3.6e-23 
  -2.4e-23 
  -2.1e+03 
   3e-23   
  -1.2e-22 
  -4.9e-36 
  -3.6e-23 
  -2.4e-23 
  -2.1e+03 
   3e-23   
  -1.2e-22 
  -4.9e-36 
   7.2e-23 
  -2.6e-24 
  -2.1e+03 
   7.4e-23 
   1.2e-22 
   7.2e-36 
  -3.6e-23 
  -2.4e-23 
  -2.1e+03 
   3e-23   
  -1.2e-22 
  -4.9e-36 
  -3.6e-23 
  -2.4e-23 
  -2.1e+03 
   3e-23   
  -1.2e-22 
  -4.9e-36 
  -3.6e-23 
  -2.4e-23 
  -2.1e+03 
   3e-23   
  -1.2e-22 
  -4.9e-36 
  -3.6e-23 
  -2.4e-23 
  -2.1e+03 
   3e-23   
  -1.2e-22 
  -4.9e-36 
  -1.4e-23 
  -1.6e-22 
  -2.1e+03 
  -1e-22   
   3e-23   
  -9.2e-36 
   7.1e-23 
  -7.5e-23 
  -2.1e+03 
  -1.5e-22 
  -1.2e-22 
   3.1e-36 
   7.1e-23 
  -7.5e-23 
  -2.1e+03 
  -1.5e-22 
  -1.2e-22 
   3.1e-36 
   2.1e-23 
   9e-23   
  -2.1e+03 
  -7.5e-23 
   2.4e-22 
   3.7e-36 
   1.4e-20 
  -2.7e-20 
  -2.1e+03 
   1.1e-20 
   5.7e-21 
   1e-33   
   6e-21   
  -1.4e-20 
  -2.1e+03 
   5.8e-21 
   2.4e-21 
   3.1e-34 
   1.2e-20 
  -2.1e-20 
  -2.1e+03 
   8.6e-21 
   4.7e-21 
   1.9e-34 

QACC_SMOOTH
   0.91    
  -0.0011  
   0.044   
  -14      
  -28      
  -11      
  -0.048   
  -0.22    
  -36      
   3.6     
   0.39    
   23      
  -32      
  -21      
  -34      
   1.1     
   0.1     
   0.0016  
  -0.093   
   0.0071  
   0.016   
   0.018   
  -3.6     
  -0.39    
  -24      
   32      
   20      
   34      
  -1.1     
  -0.13    
  -0.0039  
  -0.16    
  -0.00047 
  -0.02    
  -0.025   
   3.4e-25 
   1.8e-25 
  -9.8     
  -4.6e-24 
   2.3e-24 
   1.4e-36 
   3.4e-25 
   1.8e-25 
  -9.8     
  -4.6e-24 
   2.3e-24 
   1.4e-36 
   3.8e-26 
   1.2e-25 
  -9.8     
  -1.3e-23 
   6.3e-30 
   5.9e-37 
  -1.8e-23 
  -5.8e-23 
  -9.8     
   3.9e-22 
  -1.3e-22 
  -4.1e-35 
   1.1e-25 
   7e-26   
  -9.8     
   6.9e-24 
   2.3e-24 
   1.5e-36 
   3.3e-25 
  -1.2e-26 
  -9.8     
   5.7e-24 
   9.2e-24 
   5.5e-37 
  -1.7e-25 
   3.3e-25 
  -9.8     
  -6.9e-24 
  -1.1e-23 
  -8.6e-37 
  -6.3e-26 
  -7.4e-25 
  -9.8     
  -8.1e-24 
   2.3e-24 
  -7.1e-37 
   3.3e-25 
  -1.2e-26 
  -9.8     
   5.7e-24 
   9.2e-24 
   5.5e-37 
   9.7e-27 
  -6.9e-26 
  -9.8     
   4.6e-24 
   9.2e-24 
   6.2e-37 
  -1.7e-25 
  -1.1e-25 
  -9.8     
   2.3e-24 
  -9.2e-24 
  -3.8e-37 
  -1.7e-25 
  -1.1e-25 
  -9.8     
   2.3e-24 
  -9.2e-24 
  -3.8e-37 
  -1.7e-25 
  -1.1e-25 
  -9.8     
   2.3e-24 
  -9.2e-24 
  -3.8e-37 
  -1.7e-25 
  -1.1e-25 
  -9.8     
   2.3e-24 
  -9.2e-24 
  -3.8e-37 
   3.3e-25 
  -1.2e-26 
  -9.8     
   5.7e-24 
   9.2e-24 
   5.5e-37 
  -1.7e-25 
  -1.1e-25 
  -9.8     
   2.3e-24 
  -9.2e-24 
  -3.8e-37 
  -1.7e-25 
  -1.1e-25 
  -9.8     
   2.3e-24 
  -9.2e-24 
  -3.8e-37 
  -1.7e-25 
  -1.1e-25 
  -9.8     
   2.3e-24 
  -9.2e-24 
  -3.8e-37 
  -1.7e-25 
  -1.1e-25 
  -9.8     
   2.3e-24 
  -9.2e-24 
  -3.8e-37 
  -6.3e-26 
  -7.4e-25 
  -9.8     
  -8.1e-24 
   2.3e-24 
  -7.1e-37 
   3.3e-25 
  -3.5e-25 
  -9.8     
  -1.1e-23 
  -9.2e-24 
   2.4e-37 
   3.3e-25 
  -3.5e-25 
  -9.8     
  -1.1e-23 
  -9.2e-24 
   2.4e-37 
   9.9e-26 
   4.2e-25 
  -9.8     
  -5.8e-24 
   1.8e-23 
   2.8e-37 
   6.4e-23 
  -1.2e-22 
  -9.8     
   8.3e-22 
   4.4e-22 
   8.1e-35 
   2.8e-23 
  -6.6e-23 
  -9.8     
   4.5e-22 
   1.9e-22 
   2.4e-35 
   5.6e-23 
  -9.9e-23 
  -9.8     
   6.6e-22 
   3.7e-22 
   1.4e-35 

EFC_B
  -0.3     
  -0.18    
  -0.14    
  -0.16    
  -0.16    
  -0.0045  
  -0.08    
  -0.11    
  -0.098   
  -0.089   
   0.91    
  -0.0011  
   0.044   
  -14      
  -28      
  -11      
  -0.048   
  -0.22    
  -36      
   3.6     
   0.39    
   23      
  -32      
  -21      
  -34      
   1.1     
   0.1     
   0.0016  
  -0.093   
   0.0071  
   0.016   
   0.018   
  -3.6     
  -0.39    
  -24      
   32      
   20      
   34      
  -1.1     
  -0.13    
  -0.0039  
  -0.16    
  -0.00047 
  -0.02    
  -0.025   
  -15      
  -30      
  -9.9     
   1.9e-16 
  -3.1e-19 
  -9.9     
   1.9e-16 
  -3.1e-19 
  -9.9     
   1.9e-16 
  -3.1e-19 
  -9.9     
   1.9e-16 
  -3.1e-19 
  -9.9     
   1.9e-16 
  -3.1e-19 
  -9.9     
   1.9e-16 
  -3.1e-19 
  -9.9     
   1.9e-16 
  -3.1e-19 
  -9.9     
   1.9e-16 
  -3.1e-19 
  -9.9     
   1.9e-16 
  -3.1e-19 
  -9.9     
   1.9e-16 
  -3.1e-19 
  -9.9     
   1.9e-16 
  -3.1e-19 
  -9.9     
   1.9e-16 
  -3.1e-19 
  -9.9     
   1.9e-16 
  -3.1e-19 
  -9.9     
   1.9e-16 
  -3.1e-19 
  -9.9     
   1.9e-16 
  -3.1e-19 
  -9.9     
   1.9e-16 
  -3.1e-19 
  -9.9     
   6.6e-16 
   1.4e-17 
  -9.9     
   6.6e-16 
   1.4e-17 
  -9.9     
   6.6e-16 
   1.4e-17 
  -9.9     
   6.6e-16 
   1.4e-17 
  -9.9     
   6.6e-16 
   1.4e-17 
  -9.9     
   6.6e-16 
   1.4e-17 
  -9.9     
   6.6e-16 
   1.4e-17 
  -9.9     
   6.6e-16 
   1.4e-17 
  -9.9     
  -4.5e-17 
   4.1e-16 
  -9.9     
  -4.5e-17 
   4.1e-16 
  -9.9     
  -4.5e-17 
   4.1e-16 
  -9.9     
  -4.5e-17 
   4.1e-16 
  -9.9     
  -4.5e-17 
   4.1e-16 
  -9.9     
  -4.5e-17 
   4.1e-16 
  -9.9     
  -4.5e-17 
   4.1e-16 
  -9.9     
  -4.5e-17 
   4.1e-16 
  -9.9     
  -4.1e-16 
  -8.7e-17 
  -9.9     
  -4.1e-16 
  -8.7e-17 
  -9.9     
  -4.1e-16 
  -8.7e-17 
  -9.9     
  -4.1e-16 
  -8.7e-17 
  -9.9     
  -4.1e-16 
  -8.7e-17 
  -9.9     
  -4.1e-16 
  -8.7e-17 
  -9.9     
  -4.1e-16 
  -8.7e-17 
  -9.9     
  -4.1e-16 
  -8.7e-17 
  -9.9     
  -3.2e-16 
  -3.9e-16 
  -9.9     
  -3.2e-16 
  -3.9e-16 
  -9.9     
  -3.2e-16 
  -3.9e-16 
  -9.9     
  -3.2e-16 
  -3.9e-16 
  -9.9     
  -3.2e-16 
  -3.9e-16 
  -9.9     
  -3.2e-16 
  -3.9e-16 
  -9.9     
  -3.2e-16 
  -3.9e-16 
  -9.9     
  -3.2e-16 
  -3.9e-16 
  -9.9     
   2.6e-16 
   5.8e-16 
  -9.9     
   2.6e-16 
   5.8e-16 
  -9.9     
   2.6e-16 
   5.8e-16 
  -9.9     
   2.6e-16 
   5.8e-16 
  -9.9     
   2.6e-16 
   5.8e-16 
  -9.9     
   2.6e-16 
   5.8e-16 
  -9.9     
   2.6e-16 
   5.8e-16 
  -9.9     
   2.6e-16 
   5.8e-16 
  -9.9     
   7.3e-16 
  -1.5e-16 
  -9.9     
   7.3e-16 
  -1.5e-16 
  -9.9     
   7.3e-16 
  -1.5e-16 
  -9.9     
   7.3e-16 
  -1.5e-16 
  -9.9     
   7.3e-16 
  -1.5e-16 
  -9.9     
   7.3e-16 
  -1.5e-16 
  -9.9     
   7.3e-16 
  -1.5e-16 
  -9.9     
   7.3e-16 
  -1.5e-16 
  -9.9     
  -3.2e-16 
  -3.9e-16 
  -9.9     
  -3.2e-16 
  -3.9e-16 
  -9.9     
  -3.2e-16 
  -3.9e-16 
  -9.9     
  -3.2e-16 
  -3.9e-16 
  -9.9     
  -3.2e-16 
  -3.9e-16 
  -9.9     
  -3.2e-16 
  -3.9e-16 
  -9.9     
  -3.2e-16 
  -3.9e-16 
  -9.9     
  -3.2e-16 
  -3.9e-16 
  -9.9     
  -2.3e-16 
  -5.1e-16 
  -9.9     
  -2.3e-16 
  -5.1e-16 
  -9.9     
  -2.3e-16 
  -5.1e-16 
  -9.9     
  -2.3e-16 
  -5.1e-16 
  -9.9     
  -2.3e-16 
  -5.1e-16 
  -9.9     
  -2.3e-16 
  -5.1e-16 
  -9.9     
  -2.3e-16 
  -5.1e-16 
  -9.9     
  -2.3e-16 
  -5.1e-16 
  -9.9     
  -8.7e-17 
   4.5e-16 
  -9.9     
  -8.7e-17 
   4.5e-16 
  -9.9     
  -8.7e-17 
   4.5e-16 
  -9.9     
  -8.7e-17 
   4.5e-16 
  -9.9     
  -8.7e-17 
   4.5e-16 
  -9.9     
  -8.7e-17 
   4.5e-16 
  -9.9     
  -8.7e-17 
   4.5e-16 
  -9.9     
  -8.7e-17 
   4.5e-16 
  -9.9     
  -8.7e-17 
   4.5e-16 
  -9.9     
  -8.7e-17 
   4.5e-16 
  -9.9     
  -8.7e-17 
   4.5e-16 
  -9.9     
  -8.7e-17 
   4.5e-16 
  -9.9     
  -8.7e-17 
   4.5e-16 
  -9.9     
  -8.7e-17 
   4.5e-16 
  -9.9     
  -8.7e-17 
   4.5e-16 
  -9.9     
  -8.7e-17 
   4.5e-16 
  -9.9     
  -8.7e-17 
   4.5e-16 
  -9.9     
  -8.7e-17 
   4.5e-16 
  -9.9     
  -8.7e-17 
   4.5e-16 
  -9.9     
  -8.7e-17 
   4.5e-16 
  -9.9     
  -8.7e-17 
   4.5e-16 
  -9.9     
  -8.7e-17 
   4.5e-16 
  -9.9     
  -8.7e-17 
   4.5e-16 
  -9.9     
  -8.7e-17 
   4.5e-16 
  -9.9     
  -8.7e-17 
   4.5e-16 
  -9.9     
  -8.7e-17 
   4.5e-16 
  -9.9     
  -8.7e-17 
   4.5e-16 
  -9.9     
  -8.7e-17 
   4.5e-16 
  -9.9     
  -8.7e-17 
   4.5e-16 
  -9.9     
  -8.7e-17 
   4.5e-16 
  -9.9     
  -8.7e-17 
   4.5e-16 
  -9.9     
  -8.7e-17 
   4.5e-16 
  -9.9     
  -3.2e-16 
  -3.9e-16 
  -9.9     
  -3.2e-16 
  -3.9e-16 
  -9.9     
  -3.2e-16 
  -3.9e-16 
  -9.9     
  -3.2e-16 
  -3.9e-16 
  -9.9     
  -3.2e-16 
  -3.9e-16 
  -9.9     
  -3.2e-16 
  -3.9e-16 
  -9.9     
  -3.2e-16 
  -3.9e-16 
  -9.9     
  -3.2e-16 
  -3.9e-16 
  -9.9     
  -8.7e-17 
   4.5e-16 
  -9.9     
  -8.7e-17 
   4.5e-16 
  -9.9     
  -8.7e-17 
   4.5e-16 
  -9.9     
  -8.7e-17 
   4.5e-16 
  -9.9     
  -8.7e-17 
   4.5e-16 
  -9.9     
  -8.7e-17 
   4.5e-16 
  -9.9     
  -8.7e-17 
   4.5e-16 
  -9.9     
  -8.7e-17 
   4.5e-16 
  -9.9     
  -8.7e-17 
   4.5e-16 
  -9.9     
  -8.7e-17 
   4.5e-16 
  -9.9     
  -8.7e-17 
   4.5e-16 
  -9.9     
  -8.7e-17 
   4.5e-16 
  -9.9     
  -8.7e-17 
   4.5e-16 
  -9.9     
  -8.7e-17 
   4.5e-16 
  -9.9     
  -8.7e-17 
   4.5e-16 
  -9.9     
  -8.7e-17 
   4.5e-16 
  -9.9     
  -8.7e-17 
   4.5e-16 
  -9.9     
  -8.7e-17 
   4.5e-16 
  -9.9     
  -8.7e-17 
   4.5e-16 
  -9.9     
  -8.7e-17 
   4.5e-16 
  -9.9     
  -8.7e-17 
   4.5e-16 
  -9.9     
  -8.7e-17 
   4.5e-16 
  -9.9     
  -8.7e-17 
   4.5e-16 
  -9.9     
  -8.7e-17 
   4.5e-16 
  -9.9     
  -8.7e-17 
   4.5e-16 
  -9.9     
  -8.7e-17 
   4.5e-16 
  -9.9     
  -8.7e-17 
   4.5e-16 
  -9.9     
  -8.7e-17 
   4.5e-16 
  -9.9     
  -8.7e-17 
   4.5e-16 
  -9.9     
  -8.7e-17 
   4.5e-16 
  -9.9     
  -8.7e-17 
   4.5e-16 
  -9.9     
  -8.7e-17 
   4.5e-16 
  -9.9     
   7.3e-16 
  -1.5e-16 
  -9.9     
   7.3e-16 
  -1.5e-16 
  -9.9     
   7.3e-16 
  -1.5e-16 
  -9.9     
   7.3e-16 
  -1.5e-16 
  -9.9     
   7.3e-16 
  -1.5e-16 
  -9.9     
   7.3e-16 
  -1.5e-16 
  -9.9     
   7.3e-16 
  -1.5e-16 
  -9.9     
   7.3e-16 
  -1.5e-16 
  -9.9     
   7.7e-16 
   6.4e-16 
  -9.9     
   7.7e-16 
   6.4e-16 
  -9.9     
   7.7e-16 
   6.4e-16 
  -9.9     
   7.7e-16 
   6.4e-16 
  -9.9     
   7.7e-16 
   6.4e-16 
  -9.9     
   7.7e-16 
   6.4e-16 
  -9.9     
   7.7e-16 
   6.4e-16 
  -9.9     
   7.7e-16 
   6.4e-16 
  -9.9     
   7.7e-16 
   6.4e-16 
  -9.9     
   7.7e-16 
   6.4e-16 
  -9.9     
   7.7e-16 
   6.4e-16 
  -9.9     
   7.7e-16 
   6.4e-16 
  -9.9     
   7.7e-16 
   6.4e-16 
  -9.9     
   7.7e-16 
   6.4e-16 
  -9.9     
   7.7e-16 
   6.4e-16 
  -9.9     
   7.7e-16 
   6.4e-16 
  -9.9     
   1.7e-16 
  -9.9e-16 
  -9.9     
   1.7e-16 
  -9.9e-16 
  -9.9     
   1.7e-16 
  -9.9e-16 
  -9.9     
   1.7e-16 
  -9.9e-16 
  -9.9     
   1.7e-16 
  -9.9e-16 
  -9.9     
   1.7e-16 
  -9.9e-16 
  -9.9     
   1.7e-16 
  -9.9e-16 
  -9.9     
   1.7e-16 
  -9.9e-16 
  -9.9     
  -3.2e-16 
  -6.5e-16 
  -9.9     
  -3.2e-16 
  -6.5e-16 
  -9.9     
  -3.2e-16 
  -6.5e-16 
  -9.9     
  -3.2e-16 
  -6.5e-16 
  -9.9     
  -3.2e-16 
  -6.5e-16 
  -9.9     
  -3.2e-16 
  -6.5e-16 
  -9.9     
  -3.2e-16 
  -6.5e-16 
  -9.9     
  -3.2e-16 
  -6.5e-16 
  -9.9     
  -4.9e-16 
  -1.4e-16 
  -9.9     
  -4.9e-16 
  -1.4e-16 
  -9.9     
  -4.9e-16 
  -1.4e-16 
  -9.9     
  -4.9e-16 
  -1.4e-16 
  -9.9     
  -4.9e-16 
  -1.4e-16 
  -9.9     
  -4.9e-16 
  -1.4e-16 
  -9.9     
  -4.9e-16 
  -1.4e-16 
  -9.9     
  -4.9e-16 
  -1.4e-16 
  -9.9     
  -2.9e-16 
   4.3e-16 
  -9.9     
  -2.9e-16 
   4.3e-16 
  -9.9     
  -2.9e-16 
   4.3e-16 
  -9.9     
  -2.9e-16 
   4.3e-16 
  -9.9     
  -2.9e-16 
   4.3e-16 
  -9.9     
  -2.9e-16 
   4.3e-16 
  -9.9     
  -2.9e-16 
   4.3e-16 
  -9.9     
  -2.9e-16 
   4.3e-16 

EFC_FORCE
   0.00023 
   4.9e-05 
   4.7e-05 
   5.1e-05 
   5.4e-05 
   0.00021 
   4.5e-05 
   5.1e-05 
   5.5e-05 
   5e-05   
   5.6e-08 
  -2.1e-08 
   5.1e-12 
   2.9e-14 
   1.1e-13 
  -1.6e-15 
   5.4e-17 
  -4.2e-19 
   5.5e-17 
   4.4e-16 
  -2.7e-16 
  -3.2e-16 
  -7.9e-14 
   5.2e-17 
   5.5e-16 
   8.7e-19 
   9.3e-20 
  -3.1e-19 
  -1.1e-18 
   3.6e-19 
   3.1e-19 
  -2.5e-19 
  -4.5e-16 
   1.6e-16 
   3.9e-16 
   8.2e-14 
  -1.4e-16 
   2e-15   
   2.5e-19 
   1.5e-18 
  -1.4e-18 
  -6.9e-18 
   1.1e-18 
   1.1e-18 
  -1.5e-18 
   42      
   1.3e+02 
   2.6e+02 
   1.7e-15 
  -3.1e-15 
   2.6e+02 
   1.7e-15 
  -3.1e-15 
   2.6e+02 
   1.7e-15 
  -3.1e-15 
   2.6e+02 
   1.7e-15 
  -3.1e-15 
   2.6e+02 
   1.7e-15 
  -3.1e-15 
   2.6e+02 
   1.7e-15 
  -3.1e-15 
   2.6e+02 
   1.7e-15 
  -3.1e-15 
   2.6e+02 
   1.7e-15 
  -3.1e-15 
   2.6e+02 
   1.7e-15 
  -3.1e-15 
   2.6e+02 
   1.7e-15 
  -3.1e-15 
   2.6e+02 
   1.7e-15 
  -3.1e-15 
   2.6e+02 
   1.7e-15 
  -3.1e-15 
   2.6e+02 
   1.7e-15 
  -3.1e-15 
   2.6e+02 
   1.7e-15 
  -3.1e-15 
   2.6e+02 
   1.7e-15 
  -3.1e-15 
   2.6e+02 
   1.7e-15 
  -3.1e-15 
   2.6e+02 
   1.3e-15 
  -5.2e-16 
   2.6e+02 
   1.3e-15 
  -5.2e-16 
   2.6e+02 
   1.3e-15 
  -5.2e-16 
   2.6e+02 
   1.3e-15 
  -5.2e-16 
   2.6e+02 
   1.3e-15 
  -5.2e-16 
   2.6e+02 
   1.3e-15 
  -5.2e-16 
   2.6e+02 
   1.3e-15 
  -5.2e-16 
   2.6e+02 
   1.3e-15 
  -5.2e-16 
   2.6e+02 
   6.1e-12 
  -6.5e-12 
   2.6e+02 
   6.1e-12 
  -6.5e-12 
   2.6e+02 
   6.1e-12 
  -6.5e-12 
   2.6e+02 
   6.1e-12 
  -6.5e-12 
   2.6e+02 
   6.1e-12 
  -6.5e-12 
   2.6e+02 
   6.1e-12 
  -6.5e-12 
   2.6e+02 
   6.1e-12 
  -6.5e-12 
   2.6e+02 
   6.1e-12 
  -6.5e-12 
   2.6e+02 
   4.9e-16 
  -1.8e-15 
   2.6e+02 
   4.9e-16 
  -1.8e-15 
   2.6e+02 
   4.9e-16 
  -1.8e-15 
   2.6e+02 
   4.9e-16 
  -1.8e-15 
   2.6e+02 
   4.9e-16 
  -1.8e-15 
   2.6e+02 
   4.9e-16 
  -1.8e-15 
   2.6e+02 
   4.9e-16 
  -1.8e-15 
   2.6e+02 
   4.9e-16 
  -1.8e-15 
   2.6e+02 
  -3.8e-16 
  -3.4e-15 
   2.6e+02 
  -3.8e-16 
  -3.4e-15 
   2.6e+02 
  -3.8e-16 
  -3.4e-15 
   2.6e+02 
  -3.8e-16 
  -3.4e-15 
   2.6e+02 
  -3.8e-16 
  -3.4e-15 
   2.6e+02 
  -3.8e-16 
  -3.4e-15 
   2.6e+02 
  -3.8e-16 
  -3.4e-15 
   2.6e+02 
  -3.8e-16 
  -3.4e-15 
   2.6e+02 
   5e-16   
   2e-15   
   2.6e+02 
   5e-16   
   2e-15   
   2.6e+02 
   5e-16   
   2e-15   
   2.6e+02 
   5e-16   
   2e-15   
   2.6e+02 
   5e-16   
   2e-15   
   2.6e+02 
   5e-16   
   2e-15   
   2.6e+02 
   5e-16   
   2e-15   
   2.6e+02 
   5e-16   
   2e-15   
   2.6e+02 
  -7.6e-15 
   6e-16   
   2.6e+02 
  -7.6e-15 
   6e-16   
   2.6e+02 
  -7.6e-15 
   6e-16   
   2.6e+02 
  -7.6e-15 
   6e-16   
   2.6e+02 
  -7.6e-15 
   6e-16   
   2.6e+02 
  -7.6e-15 
   6e-16   
   2.6e+02 
  -7.6e-15 
   6e-16   
   2.6e+02 
  -7.6e-15 
   6e-16   
   2.6e+02 
  -3.8e-16 
  -3.4e-15 
   2.6e+02 
  -3.8e-16 
  -3.4e-15 
   2.6e+02 
  -3.8e-16 
  -3.4e-15 
   2.6e+02 
  -3.8e-16 
  -3.4e-15 
   2.6e+02 
  -3.8e-16 
  -3.4e-15 
   2.6e+02 
  -3.8e-16 
  -3.4e-15 
   2.6e+02 
  -3.8e-16 
  -3.4e-15 
   2.6e+02 
  -3.8e-16 
  -3.4e-15 
   2.6e+02 
  -3.8e-17 
  -3.3e-16 
   2.6e+02 
  -3.8e-17 
  -3.3e-16 
   2.6e+02 
  -3.8e-17 
  -3.3e-16 
   2.6e+02 
  -3.8e-17 
  -3.3e-16 
   2.6e+02 
  -3.8e-17 
  -3.3e-16 
   2.6e+02 
  -3.8e-17 
  -3.3e-16 
   2.6e+02 
  -3.8e-17 
  -3.3e-16 
   2.6e+02 
  -3.8e-17 
  -3.3e-16 
   2.6e+02 
  -1.1e-15 
   1.5e-15 
   2.6e+02 
  -1.1e-15 
   1.5e-15 
   2.6e+02 
  -1.1e-15 
   1.5e-15 
   2.6e+02 
  -1.1e-15 
   1.5e-15 
   2.6e+02 
  -1.1e-15 
   1.5e-15 
   2.6e+02 
  -1.1e-15 
   1.5e-15 
   2.6e+02 
  -1.1e-15 
   1.5e-15 
   2.6e+02 
  -1.1e-15 
   1.5e-15 
   2.6e+02 
  -1.1e-15 
   1.5e-15 
   2.6e+02 
  -1.1e-15 
   1.5e-15 
   2.6e+02 
  -1.1e-15 
   1.5e-15 
   2.6e+02 
  -1.1e-15 
   1.5e-15 
   2.6e+02 
  -1.1e-15 
   1.5e-15 
   2.6e+02 
  -1.1e-15 
   1.5e-15 
   2.6e+02 
  -1.1e-15 
   1.5e-15 
   2.6e+02 
  -1.1e-15 
   1.5e-15 
   2.6e+02 
  -1.1e-15 
   1.5e-15 
   2.6e+02 
  -1.1e-15 
   1.5e-15 
   2.6e+02 
  -1.1e-15 
   1.5e-15 
   2.6e+02 
  -1.1e-15 
   1.5e-15 
   2.6e+02 
  -1.1e-15 
   1.5e-15 
   2.6e+02 
  -1.1e-15 
   1.5e-15 
   2.6e+02 
  -1.1e-15 
   1.5e-15 
   2.6e+02 
  -1.1e-15 
   1.5e-15 
   2.6e+02 
  -1.1e-15 
   1.5e-15 
   2.6e+02 
  -1.1e-15 
   1.5e-15 
   2.6e+02 
  -1.1e-15 
   1.5e-15 
   2.6e+02 
  -1.1e-15 
   1.5e-15 
   2.6e+02 
  -1.1e-15 
   1.5e-15 
   2.6e+02 
  -1.1e-15 
   1.5e-15 
   2.6e+02 
  -1.1e-15 
   1.5e-15 
   2.6e+02 
  -1.1e-15 
   1.5e-15 
   2.6e+02 
  -3.8e-16 
  -3.4e-15 
   2.6e+02 
  -3.8e-16 
  -3.4e-15 
   2.6e+02 
  -3.8e-16 
  -3.4e-15 
   2.6e+02 
  -3.8e-16 
  -3.4e-15 
   2.6e+02 
  -3.8e-16 
  -3.4e-15 
   2.6e+02 
  -3.8e-16 
  -3.4e-15 
   2.6e+02 
  -3.8e-16 
  -3.4e-15 
   2.6e+02 
  -3.8e-16 
  -3.4e-15 
   2.6e+02 
  -1.1e-15 
   1.5e-15 
   2.6e+02 
  -1.1e-15 
   1.5e-15 
   2.6e+02 
  -1.1e-15 
   1.5e-15 
   2.6e+02 
  -1.1e-15 
   1.5e-15 
   2.6e+02 
  -1.1e-15 
   1.5e-15 
   2.6e+02 
  -1.1e-15 
   1.5e-15 
   2.6e+02 
  -1.1e-15 
   1.5e-15 
   2.6e+02 
  -1.1e-15 
   1.5e-15 
   2.6e+02 
  -1.1e-15 
   1.5e-15 
   2.6e+02 
  -1.1e-15 
   1.5e-15 
   2.6e+02 
  -1.1e-15 
   1.5e-15 
   2.6e+02 
  -1.1e-15 
   1.5e-15 
   2.6e+02 
  -1.1e-15 
   1.5e-15 
   2.6e+02 
  -1.1e-15 
   1.5e-15 
   2.6e+02 
  -1.1e-15 
   1.5e-15 
   2.6e+02 
  -1.1e-15 
   1.5e-15 
   2.6e+02 
  -1.1e-15 
   1.5e-15 
   2.6e+02 
  -1.1e-15 
   1.5e-15 
   2.6e+02 
  -1.1e-15 
   1.5e-15 
   2.6e+02 
  -1.1e-15 
   1.5e-15 
   2.6e+02 
  -1.1e-15 
   1.5e-15 
   2.6e+02 
  -1.1e-15 
   1.5e-15 
   2.6e+02 
  -1.1e-15 
   1.5e-15 
   2.6e+02 
  -1.1e-15 
   1.5e-15 
   2.6e+02 
  -1.1e-15 
   1.5e-15 
   2.6e+02 
  -1.1e-15 
   1.5e-15 
   2.6e+02 
  -1.1e-15 
   1.5e-15 
   2.6e+02 
  -1.1e-15 
   1.5e-15 
   2.6e+02 
  -1.1e-15 
   1.5e-15 
   2.6e+02 
  -1.1e-15 
   1.5e-15 
   2.6e+02 
  -1.1e-15 
   1.5e-15 
   2.6e+02 
  -1.1e-15 
   1.5e-15 
   2.6e+02 
  -7.6e-15 
   6e-16   
   2.6e+02 
  -7.6e-15 
   6e-16   
   2.6e+02 
  -7.6e-15 
   6e-16   
   2.6e+02 
  -7.6e-15 
   6e-16   
   2.6e+02 
  -7.6e-15 
   6e-16   
   2.6e+02 
  -7.6e-15 
   6e-16   
   2.6e+02 
  -7.6e-15 
   6e-16   
   2.6e+02 
  -7.6e-15 
   6e-16   
   2.6e+02 
  -3.3e-15 
  -5.7e-16 
   2.6e+02 
  -3.3e-15 
  -5.7e-16 
   2.6e+02 
  -3.3e-15 
  -5.7e-16 
   2.6e+02 
  -3.3e-15 
  -5.7e-16 
   2.6e+02 
  -3.3e-15 
  -5.7e-16 
   2.6e+02 
  -3.3e-15 
  -5.7e-16 
   2.6e+02 
  -3.3e-15 
  -5.7e-16 
   2.6e+02 
  -3.3e-15 
  -5.7e-16 
   2.6e+02 
  -3.3e-15 
  -5.7e-16 
   2.6e+02 
  -3.3e-15 
  -5.7e-16 
   2.6e+02 
  -3.3e-15 
  -5.7e-16 
   2.6e+02 
  -3.3e-15 
  -5.7e-16 
   2.6e+02 
  -3.3e-15 
  -5.7e-16 
   2.6e+02 
  -3.3e-15 
  -5.7e-16 
   2.6e+02 
  -3.3e-15 
  -5.7e-16 
   2.6e+02 
  -3.3e-15 
  -5.7e-16 
   2.6e+02 
   1.4e-15 
   1.6e-15 
   2.6e+02 
   1.4e-15 
   1.6e-15 
   2.6e+02 
   1.4e-15 
   1.6e-15 
   2.6e+02 
   1.4e-15 
   1.6e-15 
   2.6e+02 
   1.4e-15 
   1.6e-15 
   2.6e+02 
   1.4e-15 
   1.6e-15 
   2.6e+02 
   1.4e-15 
   1.6e-15 
   2.6e+02 
   1.4e-15 
   1.6e-15 
   2.6e+02 
  -1.2e-12 
  -6.4e-13 
   2.6e+02 
  -1.2e-12 
  -6.4e-13 
   2.6e+02 
  -1.2e-12 
  -6.4e-13 
   2.6e+02 
  -1.2e-12 
  -6.4e-13 
   2.6e+02 
  -1.2e-12 
  -6.4e-13 
   2.6e+02 
  -1.2e-12 
  -6.4e-13 
   2.6e+02 
  -1.2e-12 
  -6.4e-13 
   2.6e+02 
  -1.2e-12 
  -6.4e-13 
   2.6e+02 
   6.1e-12 
  -7e-12   
   2.6e+02 
   6.1e-12 
  -7e-12   
   2.6e+02 
   6.1e-12 
  -7e-12   
   2.6e+02 
   6.1e-12 
  -7e-12   
   2.6e+02 
   6.1e-12 
  -7e-12   
   2.6e+02 
   6.1e-12 
  -7e-12   
   2.6e+02 
   6.1e-12 
  -7e-12   
   2.6e+02 
   6.1e-12 
  -7e-12   
   2.6e+02 
   5.7e-12 
  -7.3e-12 
   2.6e+02 
   5.7e-12 
  -7.3e-12 
   2.6e+02 
   5.7e-12 
  -7.3e-12 
   2.6e+02 
   5.7e-12 
  -7.3e-12 
   2.6e+02 
   5.7e-12 
  -7.3e-12 
   2.6e+02 
   5.7e-12 
  -7.3e-12 
   2.6e+02 
   5.7e-12 
  -7.3e-12 
   2.6e+02 
   5.7e-12 
  -7.3e-12 

EFC_STATE
  1
  1
  1
  1
  1
  1
  1
  1
  1
  1
  1
  1
  1
  1
  1
  1
  1
  1
  1
  1
  1
  1
  1
  1
  1
  1
  1
  1
  1
  1
  1
  1
  1
  1
  1
  1
  1
  1
  1
  1
  1
  1
  1
  1
  1
  1
  1
  1
  1
  1
  1
  1
  1
  1
  1
  1
  1
  1
  1
  1
  1
  1
  1
  1
  1
  1
  1
  1
  1
  1
  1
  1
  1
  1
  1
  1
  1
  1
  1
  1
  1
  1
  1
  1
  1
  1
  1
  1
  1
  1
  1
  1
  1
  1
  1
  1
  1
  1
  1
  1
  1
  1
  1
  1
  1
  1
  1
  1
  1
  1
  1
  1
  1
  1
  1
  1
  1
  1
  1
  1
  1
  1
  1
  1
  1
  1
  1
  1
  1
  1
  1
  1
  1
  1
  1
  1
  1
  1
  1
  1
  1
  1
  1
  1
  1
  1
  1
  1
  1
  1
  1
  1
  1
  1
  1
  1
  1
  1
  1
  1
  1
  1
  1
  1
  1
  1
  1
  1
  1
  1
  1
  1
  1
  1
  1
  1
  1
  1
  1
  1
  1
  1
  1
  1
  1
  1
  1
  1
  1
  1
  1
  1
  1
  1
  1
  1
  1
  1
  1
  1
  1
  1
  1
  1
  1
  1
  1
  1
  1
  1
  1
  1
  1
  1
  1
  1
  1
  1
  1
  1
  1
  1
  1
  1
  1
  1
  1
  1
  1
  1
  1
  1
  1
  1
  1
  1
  1
  1
  1
  1
  1
  1
  1
  1
  1
  1
  1
  1
  1
  1
  1
  1
  1
  1
  1
  1
  1
  1
  1
  1
  1
  1
  1
  1
  1
  1
  1
  1
  1
  1
  1
  1
  1
  1
  1
  1
  1
  1
  1
  1
  1
  1
  1
  1
  1
  1
  1
  1
  1
  1
  1
  1
  1
  1
  1
  1
  1
  1
  1
  1
  1
  1
  1
  1
  1
  1
  1
  1
  1
  1
  1
  1
  1
  1
  1
  1
  1
  1
  1
  1
  1
  1
  1
  1
  1
  1
  1
  1
  1
  1
  1
  1
  1
  1
  1
  1
  1
  1
  1
  1
  1
  1
  1
  1
  1
  1
  1
  1
  1
  1
  1
  1
  1
  1
  1
  1
  1
  1
  1
  1
  1
  1
  1
  1
  1
  1
  1
  1
  1
  1
  1
  1
  1
  1
  1
  1
  1
  1
  1
  1
  1
  1
  1
  1
  1
  1
  1
  1
  1
  1
  1
  1
  1
  1
  1
  1
  1
  1
  1
  1
  1
  1
  1
  1
  1
  1
  1
  1
  1
  1
  1
  1
  1
  1
  1
  1
  1
  1
  1
  1
  1
  1
  1
  1
  1
  1
  1
  1
  1
  1
  1
  1
  1
  1
  1
  1
  1
  1
  1
  1
  1
  1
  1
  1
  1
  1
  1
  1
  1
  1
  1
  1
  1
  1
  1
  1
  1
  1
  1
  1
  1
  1
  1
  1
  1
  1
  1
  1
  1
  1
  1
  1
  1
  1
  1
  1
  1
  1
  1
  1
  1
  1
  1
  1
  1
  1
  1
  1
  1
  1
  1
  1
  1
  1
  1
  1
  1
  1
  1
  1
  1
  1
  1
  1
  1
  1
  1
  1
  1
  1
  1
  1
  1
  1
  1
  1
  1
  1
  1
  1
  1
  1
  1
  1
  1
  1
  1
  1
  1
  1
  1
  1
  1
  1
  1
  1
  1
  1
  1
  1
  1
  1
  1
  1
  1
  1
  1
  1
  1
  1
  1
  1
  1
  1
  1
  1
  1
  1
  1
  1
  1
  1
  1
  1
  1
  1
  1
  1
  1
  1
  1
  1
  1
  1
  1
  1
  1
  1
  1
  1
  1
  1
  1
  1
  1
  1
  1
  1
  1
  1
  1
  1
  1
  1
  1
  1
  1
  1
  1
  1
  1
  1
  1
  1
  1
  1
  1
  1
  1
  1
  1
  1
  1
  1
  1
  1
  1
  1
  1
  1
  1
  1
  1
  1
  1
  1
  1
  1
  1
  1
  1
  1
  1
  1
  1
  1
  1
  1
  1
  1
  1
  1
  1
  1
  1
  1
  1
  1
  1
  1
  1
  1
  1
  1
  1
  1
  1
  1
  1
  1
  1
  1
  1
  1
  1
  1
  1
  1
  1
  1
  1

QFRC_CONSTRAINT
   5.6e-08 
  -2.1e-08 
   5.1e-12 
   42      
   1.3e+02 
  -1.6e-15 
   5.4e-17 
  -4.2e-19 
   5.5e-17 
   4.4e-16 
  -2.7e-16 
  -3.2e-16 
  -7.9e-14 
   5.2e-17 
   5.5e-16 
   8.7e-19 
   0.00021 
  -5.5e-05 
   0.00041 
   5e-05   
   4.5e-05 
  -5.1e-05 
  -4.5e-16 
   1.6e-16 
   3.9e-16 
   8.2e-14 
  -1.4e-16 
   2e-15   
   2.5e-19 
   0.00023 
  -5.1e-05 
   0.00043 
   5.4e-05 
   4.9e-05 
  -4.7e-05 
   2.5e-14 
   1.4e-14 
   2.1e+03 
  -5.7e-14 
   1.1e-13 
   2.4e-27 
   2.5e-14 
   1.4e-14 
   2.1e+03 
  -5.7e-14 
   1.1e-13 
   2.4e-27 
   4.1e-15 
   1.1e-14 
   2.1e+03 
  -5.7e-14 
   0       
  -1.9e-26 
   5.2e-11 
   4.9e-11 
   2.1e+03 
  -9.8e-12 
   1e-11   
  -3.6e-25 
   1.4e-14 
   3.9e-15 
   2.1e+03 
  -5.7e-14 
  -5.7e-14 
  -9.5e-27 
   2.7e-14 
  -3e-15   
   2.1e+03 
  -5.7e-14 
   0       
   4.2e-27 
  -1.6e-14 
   4e-15   
   2.1e+03 
  -2.8e-14 
   5.7e-14 
  -9.5e-27 
  -4.8e-15 
  -6.1e-14 
   2.1e+03 
   0       
   0       
  -1e-27   
   2.7e-14 
  -3e-15   
   2.1e+03 
  -5.7e-14 
   0       
   4.2e-27 
   2.6e-15 
  -3e-16   
   2.1e+03 
  -8.5e-14 
   0       
  -4.8e-27 
  -1.2e-14 
  -9.1e-15 
   2.1e+03 
   0       
  -5.7e-14 
   2.4e-27 
  -1.2e-14 
  -9.1e-15 
   2.1e+03 
   0       
  -5.7e-14 
   2.4e-27 
  -1.2e-14 
  -9.1e-15 
   2.1e+03 
   0       
  -5.7e-14 
   2.4e-27 
  -1.2e-14 
  -9.1e-15 
   2.1e+03 
   0       
  -5.7e-14 
   2.4e-27 
   2.7e-14 
  -3e-15   
   2.1e+03 
  -5.7e-14 
   0       
   4.2e-27 
  -1.2e-14 
  -9.1e-15 
   2.1e+03 
   0       
  -5.7e-14 
   2.4e-27 
  -1.2e-14 
  -9.1e-15 
   2.1e+03 
   0       
  -5.7e-14 
   2.4e-27 
  -1.2e-14 
  -9.1e-15 
   2.1e+03 
   0       
  -5.7e-14 
   2.4e-27 
  -1.2e-14 
  -9.1e-15 
   2.1e+03 
   0       
  -5.7e-14 
   2.4e-27 
  -4.8e-15 
  -6.1e-14 
   2.1e+03 
   0       
   0       
  -1e-27   
   4.5e-15 
  -2.6e-14 
   2.1e+03 
  -2.8e-14 
  -5.7e-14 
  -3.8e-26 
   4.5e-15 
  -2.6e-14 
   2.1e+03 
  -2.8e-14 
  -5.7e-14 
  -3.8e-26 
  -1.3e-14 
   1.1e-14 
   2.1e+03 
  -1.1e-13 
   5.7e-14 
   3.2e-30 
   5.1e-12 
  -9.9e-12 
   2.1e+03 
   2e-12   
   1e-12   
   1.5e-25 
   5.6e-11 
   4.9e-11 
   2.1e+03 
  -9.7e-12 
   1.1e-11 
   5.2e-25 
   5.8e-11 
   4.6e-11 
   2.1e+03 
  -9.2e-12 
   1.2e-11 
  -1.2e-24 

QFRC_INVERSE
   0       
   0       
   0       
   0       
   0       
   0       
   0       
   0       
   0       
   0       
   0       
   0       
   0       
   0       
   0       
   0       
   0       
   0       
   0       
   0       
   0       
   0       
   0       
   0       
   0       
   0       
   0       
   0       
   0       
   0       
   0       
   0       
   0       
   0       
   0       
   0       
   0       
   0       
   0       
   0       
   0       
   0       
   0       
   0       
   0       
   0       
   0       
   0       
   0       
   0       
   0       
   0       
   0       
   0       
   0       
   0       
   0       
   0       
   0       
   0       
   0       
   0       
   0       
   0       
   0       
   0       
   0       
   0       
   0       
   0       
   0       
   0       
   0       
   0       
   0       
   0       
   0       
   0       
   0       
   0       
   0       
   0       
   0       
   0       
   0       
   0       
   0       
   0       
   0       
   0       
   0       
   0       
   0       
   0       
   0       
   0       
   0       
   0       
   0       
   0       
   0       
   0       
   0       
   0       
   0       
   0       
   0       
   0       
   0       
   0       
   0       
   0       
   0       
   0       
   0       
   0       
   0       
   0       
   0       
   0       
   0       
   0       
   0       
   0       
   0       
   0       
   0       
   0       
   0       
   0       
   0       
   0       
   0       
   0       
   0       
   0       
   0       
   0       
   0       
   0       
   0       
   0       
   0       
   0       
   0       
   0       
   0       
   0       
   0       
   0       
   0       
   0       
   0       
   0       
   0       
   0       
   0       
   0       
   0       
   0       
   0       
   0       
   0       
   0       
   0       
   0       
   0       
   0       
   0       
   0       
   0       
   0       
   0       
   0       
   0       
   0       
   0       
   0       
   0       
   0       
   0       
   0       
   0       
   0       
   0       
   0       
   0       
   0       
   0       
   0       
   0       

CACC
   0         0         0         0         0         0       
   0         0         0         0         0         0       
   0         0         0         0         0         0       
   0         0         0         0         0         0       
   0         0         0         0         0         0       
   0         0         0         0         0         0       
   0         0         0         0         0         0       
   0         0         0         0         0         0       
   0         0         0         0         0         0       
   0         0         0         0         0         0       
   0         0         0         0         0         0       
   0         0         0         0         0         0       
   0         0         0         0         0         0       
   0         0         0         0         0         0       
   0         0         0         0         0         0       
   0         0         0         0         0         0       
   0         0         0         0         0         0       
   0         0         0         0         0         0       
   0         0         0         0         0         0       
   0         0         0         0         0         0       
   0         0         0         0         0         0       
   0         0         0         0         0         0       
   0         0         0         0         0         0       
   0         0         0         0         0         0       
   0         0         0         0         0         0       
   0         0         0         0         0         0       
   0         0         0         0         0         0       
   0         0         0         0         0         0       
   0         0         0         0         0         0       
   0         0         0         0         0         0       
   0         0         0         0         0         0       
   0         0         0         0         0         0       
   0         0         0         0         0         0       
   0         0         0         0         0         0       
   0         0         0         0         0         0       
   0         0         0         0         0         0       
   0         0         0         0         0         0       
   0         0         0         0         0         0       
   0         0         0         0         0         0       
   0         0         0         0         0         0       
   0         0         0         0         0         0       
   0         0         0         0         0         0       
   0         0         0         0         0         0       
   0         0         0         0         0         0       
   0         0         0         0         0         0       
   0         0         0         0         0         0       
   0         0         0         0         0         0       
   0         0         0         0         0         0       
   0         0         0         0         0         0       
   0         0         0         0         0         0       
   0         0         0         0         0         0       
   0         0         0         0         0         0       
   0         0         0         0         0         0       
   0         0         0         0         0         0       
   0         0         0         0         0         0       
   0         0         0         0         0         0       
   0         0         0         0         0         0       
   0         0         0         0         0         0       
   0         0         0         0         0         0       
   0         0         0         0         0         0       
   0         0         0         0         0         0       
   0         0         0         0         0         0       
   0         0         0         0         0         0       
   0         0         0         0         0         0       
   0         0         0         0         0         0       
   0         0         0         0         0         0       
   0         0         0         0         0         0       
   0         0         0         0         0         0       
   0         0         0         0         0         0       
   0         0         0         0         0         0       
   0         0         0         0         0         0       
   0         0         0         0         0         0       
   0         0         0         0         0         0       
   0         0         0         0         0         0       
   0         0         0         0         0         0       
   0         0         0         0         0         0       
   0         0         0         0         0         0       
   0         0         0         0         0         0       
   0         0         0         0         0         0       
   0         0         0         0         0         0       
   0         0         0         0         0         0       
   0         0         0         0         0         0       
   0         0         0         0         0         0       
   0         0         0         0         0         0       
   0         0         0         0         0         0       
   0         0         0         0         0         0       
   0         0         0         0         0         0       
   0         0         0         0         0         0       

CFRC_INT
   0         0         0         0         0         0       
   0         0         0         0         0         0       
   0         0         0         0         0         0       
   0         0         0         0         0         0       
   0         0         0         0         0         0       
   0         0         0         0         0         0       
   0         0         0         0         0         0       
   0         0         0         0         0         0       
   0         0         0         0         0         0       
   0         0         0         0         0         0       
   0         0         0         0         0         0       
   0         0         0         0         0         0       
   0         0         0         0         0         0       
   0         0         0         0         0         0       
   0         0         0         0         0         0       
   0         0         0         0         0         0       
   0         0         0         0         0         0       
   0         0         0         0         0         0       
   0         0         0         0         0         0       
   0         0         0         0         0         0       
   0         0         0         0         0         0       
   0         0         0         0         0         0       
   0         0         0         0         0         0       
   0         0         0         0         0         0       
   0         0         0         0         0         0       
   0         0         0         0         0         0       
   0         0         0         0         0         0       
   0         0         0         0         0         0       
   0         0         0         0         0         0       
   0         0         0         0         0         0       
   0         0         0         0         0         0       
   0         0         0         0         0         0       
   0         0         0         0         0         0       
   0         0         0         0         0         0       
   0         0         0         0         0         0       
   0         0         0         0         0         0       
   0         0         0         0         0         0       
   0         0         0         0         0         0       
   0         0         0         0         0         0       
   0         0         0         0         0         0       
   0         0         0         0         0         0       
   0         0         0         0         0         0       
   0         0         0         0         0         0       
   0         0         0         0         0         0       
   0         0         0         0         0         0       
   0         0         0         0         0         0       
   0         0         0         0         0         0       
   0         0         0         0         0         0       
   0         0         0         0         0         0       
   0         0         0         0         0         0       
   0         0         0         0         0         0       
   0         0         0         0         0         0       
   0         0         0         0         0         0       
   0         0         0         0         0         0       
   0         0         0         0         0         0       
   0         0         0         0         0         0       
   0         0         0         0         0         0       
   0         0         0         0         0         0       
   0         0         0         0         0         0       
   0         0         0         0         0         0       
   0         0         0         0         0         0       
   0         0         0         0         0         0       
   0         0         0         0         0         0       
   0         0         0         0         0         0       
   0         0         0         0         0         0       
   0         0         0         0         0         0       
   0         0         0         0         0         0       
   0         0         0         0         0         0       
   0         0         0         0         0         0       
   0         0         0         0         0         0       
   0         0         0         0         0         0       
   0         0         0         0         0         0       
   0         0         0         0         0         0       
   0         0         0         0         0         0       
   0         0         0         0         0         0       
   0         0         0         0         0         0       
   0         0         0         0         0         0       
   0         0         0         0         0         0       
   0         0         0         0         0         0       
   0         0         0         0         0         0       
   0         0         0         0         0         0       
   0         0         0         0         0         0       
   0         0         0         0         0         0       
   0         0         0         0         0         0       
   0         0         0         0         0         0       
   0         0         0         0         0         0       
   0         0         0         0         0         0       
   0         0         0         0         0         0       

CFRC_EXT
   0         0         0         0         0         0       
   0         0         0         0         0         0       
   0         0         0         0         0         0       
   0         0         0         0         0         0       
   0         0         0         0         0         0       
   0         0         0         0         0         0       
   0         0         0         0         0         0       
   0         0         0         0         0         0       
   0         0         0         0         0         0       
   0         0         0         0         0         0       
   0         0         0         0         0         0       
   0         0         0         0         0         0       
   0         0         0         0         0         0       
   0         0         0         0         0         0       
   0         0         0         0         0         0       
   0         0         0         0         0         0       
   0         0         0         0         0         0       
   0         0         0         0         0         0       
   0         0         0         0         0         0       
   0         0         0         0         0         0       
   0         0         0         0         0         0       
   0         0         0         0         0         0       
   0         0         0         0         0         0       
   0         0         0         0         0         0       
   0         0         0         0         0         0       
   0         0         0         0         0         0       
   0         0         0         0         0         0       
   0         0         0         0         0         0       
   0         0         0         0         0         0       
   0         0         0         0         0         0       
   0         0         0         0         0         0       
   0         0         0         0         0         0       
   0         0         0         0         0         0       
   0         0         0         0         0         0       
   0         0         0         0         0         0       
   0         0         0         0         0         0       
   0         0         0         0         0         0       
   0         0         0         0         0         0       
   0         0         0         0         0         0       
   0         0         0         0         0         0       
   0         0         0         0         0         0       
   0         0         0         0         0         0       
   0         0         0         0         0         0       
   0         0         0         0         0         0       
   0         0         0         0         0         0       
   0         0         0         0         0         0       
   0         0         0         0         0         0       
   0         0         0         0         0         0       
   0         0         0         0         0         0       
   0         0         0         0         0         0       
   0         0         0         0         0         0       
   0         0         0         0         0         0       
   0         0         0         0         0         0       
   0         0         0         0         0         0       
   0         0         0         0         0         0       
   0         0         0         0         0         0       
   0         0         0         0         0         0       
   0         0         0         0         0         0       
   0         0         0         0         0         0       
   0         0         0         0         0         0       
   0         0         0         0         0         0       
   0         0         0         0         0         0       
   0         0         0         0         0         0       
   0         0         0         0         0         0       
   0         0         0         0         0         0       
   0         0         0         0         0         0       
   0         0         0         0         0         0       
   0         0         0         0         0         0       
   0         0         0         0         0         0       
   0         0         0         0         0         0       
   0         0         0         0         0         0       
   0         0         0         0         0         0       
   0         0         0         0         0         0       
   0         0         0         0         0         0       
   0         0         0         0         0         0       
   0         0         0         0         0         0       
   0         0         0         0         0         0       
   0         0         0         0         0         0       
   0         0         0         0         0         0       
   0         0         0         0         0         0       
   0         0         0         0         0         0       
   0         0         0         0         0         0       
   0         0         0         0         0         0       
   0         0         0         0         0         0       
   0         0         0         0         0         0       
   0         0         0         0         0         0       
   0         0         0         0         0         0       
   0         0         0         0         0         0       

